{
    "properties": {
        "lattice_vector_a": [
            16.635633,
            0.0,
            0.0
        ],
        "lattice_vector_b": [
            0.0,
            3.319556,
            0.0
        ],
        "lattice_vector_c": [
            -3.515606,
            0.0,
            2.911185
        ],
        "unit_cell_volume": 160.7641227910153,
        "cell_vol": 160.7641227910153,
        "spg": 4,
        "molecule_harris_info": [
            [
                -132.07812008546034,
                -106.27683709000068,
                131.201595808206,
                10.409026957572774,
                2.0474023121468568,
                1.2863564140539854,
                false
            ],
            [
                -47.92179764878098,
                -73.72335408707968,
                -48.7985411295708,
                2.711002419128063,
                0.3876243201976127,
                1.6248196665831702,
                false
            ]
        ],
        "harris_energy": -16704.189799613
    },
    "struct_id": "target1_2mpc_1d0bf89cf7",
    "input_ref": null,
    "geometry": [
        [
            9.281935691833496,
            1.733046054840088,
            -0.14083899557590485,
            "O",
            NaN,
            NaN,
            false
        ],
        [
            8.978446960449219,
            1.5113259553909302,
            1.1902680397033691,
            "C",
            NaN,
            NaN,
            false
        ],
        [
            7.985404014587402,
            1.1200230121612549,
            1.3706810474395752,
            "H",
            NaN,
            NaN,
            false
        ],
        [
            10.061958312988281,
            1.8628590106964111,
            1.9313900470733643,
            "C",
            NaN,
            NaN,
            false
        ],
        [
            10.931142807006836,
            2.096529006958008,
            3.1583569049835205,
            "C",
            NaN,
            NaN,
            false
        ],
        [
            11.198138236999512,
            1.1956150531768799,
            3.7257189750671387,
            "H",
            NaN,
            NaN,
            false
        ],
        [
            10.564069747924805,
            2.8571419715881348,
            3.8594911098480225,
            "H",
            NaN,
            NaN,
            false
        ],
        [
            12.054143905639648,
            2.6047680377960205,
            2.159630060195923,
            "C",
            NaN,
            NaN,
            false
        ],
        [
            12.969111442565918,
            1.9983069896697998,
            2.1529300212860107,
            "H",
            NaN,
            NaN,
            false
        ],
        [
            12.332221984863281,
            3.6593639850616455,
            2.2834830284118652,
            "H",
            NaN,
            NaN,
            false
        ],
        [
            11.068897247314453,
            2.3169479370117188,
            1.036120057106018,
            "C",
            NaN,
            NaN,
            false
        ],
        [
            10.570131301879883,
            2.2290470600128174,
            -0.22497700154781342,
            "C",
            NaN,
            NaN,
            false
        ],
        [
            10.911890983581543,
            2.439074993133545,
            -1.2304149866104126,
            "H",
            NaN,
            NaN,
            false
        ],
        [
            3.8380908966064453,
            0.07326799631118774,
            3.0520238876342773,
            "O",
            NaN,
            NaN,
            false
        ],
        [
            4.141582012176514,
            -0.1484519988298416,
            1.720916986465454,
            "C",
            NaN,
            NaN,
            false
        ],
        [
            5.134624004364014,
            -0.5397549867630005,
            1.540503978729248,
            "H",
            NaN,
            NaN,
            false
        ],
        [
            3.0580689907073975,
            0.20308099687099457,
            0.979794979095459,
            "C",
            NaN,
            NaN,
            false
        ],
        [
            2.188884973526001,
            0.43675100803375244,
            -0.24717199802398682,
            "C",
            NaN,
            NaN,
            false
        ],
        [
            1.9218900203704834,
            -0.46416300535202026,
            -0.8145340085029602,
            "H",
            NaN,
            NaN,
            false
        ],
        [
            2.555957078933716,
            1.1973639726638794,
            -0.9483060240745544,
            "H",
            NaN,
            NaN,
            false
        ],
        [
            1.065883994102478,
            0.9449899792671204,
            0.7515550255775452,
            "C",
            NaN,
            NaN,
            false
        ],
        [
            0.1509159952402115,
            0.3385300040245056,
            0.7582550048828125,
            "H",
            NaN,
            NaN,
            false
        ],
        [
            0.78780597448349,
            1.9995859861373901,
            0.627701997756958,
            "H",
            NaN,
            NaN,
            false
        ],
        [
            2.051131010055542,
            0.6571699976921082,
            1.8750649690628052,
            "C",
            NaN,
            NaN,
            false
        ],
        [
            2.549896001815796,
            0.5692690014839172,
            3.136162042617798,
            "C",
            NaN,
            NaN,
            false
        ],
        [
            2.2081360816955566,
            0.7792980074882507,
            4.141601085662842,
            "H",
            NaN,
            NaN,
            false
        ]
    ]
}