{
    "properties": {
        "lattice_vector_a": [
            3.08642,
            0.0,
            0.0
        ],
        "lattice_vector_b": [
            0.0,
            17.093605,
            0.0
        ],
        "lattice_vector_c": [
            6.227871,
            0.0,
            5.363229
        ],
        "unit_cell_volume": 282.9534734095631,
        "cell_vol": 282.9534734095631,
        "spg": 6,
        "molecule_harris_info": [
            [
                -40.570720204587516,
                -14.506591931867787,
                48.00085547579124,
                2.835415559880277,
                5.767985548110719,
                0.7965939340994079,
                false
            ],
            [
                -164.9757258695125,
                -35.64924586194452,
                36.792339209172425,
                2.835415559880277,
                11.325615600068518,
                0.7965939340994079,
                false
            ]
        ],
        "harris_energy": -17520.545584384
    },
    "struct_id": "target1_2mpc_6d255aa72a",
    "input_ref": null,
    "geometry": [
        [
            3.354949951171875,
            7.378701210021973,
            0.06057099997997284,
            "O",
            NaN,
            NaN,
            false
        ],
        [
            2.774930000305176,
            6.327878952026367,
            -0.6267910003662109,
            "C",
            NaN,
            NaN,
            false
        ],
        [
            2.6287920475006104,
            6.502841949462891,
            -1.6850110292434692,
            "H",
            NaN,
            NaN,
            false
        ],
        [
            2.541114091873169,
            5.325100898742676,
            0.26011499762535095,
            "C",
            NaN,
            NaN,
            false
        ],
        [
            2.0863749980926514,
            3.9740219116210938,
            0.792402982711792,
            "C",
            NaN,
            NaN,
            false
        ],
        [
            2.625797986984253,
            3.104649066925049,
            0.39485400915145874,
            "H",
            NaN,
            NaN,
            false
        ],
        [
            1.0082570314407349,
            3.778701066970825,
            0.7262539863586426,
            "H",
            NaN,
            NaN,
            false
        ],
        [
            2.583395004272461,
            4.46458101272583,
            2.216909885406494,
            "C",
            NaN,
            NaN,
            false
        ],
        [
            3.4075820446014404,
            3.8767669200897217,
            2.641402006149292,
            "H",
            NaN,
            NaN,
            false
        ],
        [
            1.7909209728240967,
            4.554649829864502,
            2.971039056777954,
            "H",
            NaN,
            NaN,
            false
        ],
        [
            2.9879379272460938,
            5.76426887512207,
            1.5364799499511719,
            "C",
            NaN,
            NaN,
            false
        ],
        [
            3.481323003768921,
            7.022122859954834,
            1.390768051147461,
            "C",
            NaN,
            NaN,
            false
        ],
        [
            3.927532911300659,
            7.778288841247559,
            2.0239570140838623,
            "H",
            NaN,
            NaN,
            false
        ],
        [
            3.354949951171875,
            9.714903831481934,
            0.06057099997997284,
            "O",
            NaN,
            NaN,
            false
        ],
        [
            2.774930000305176,
            10.765725135803223,
            -0.6267910003662109,
            "C",
            NaN,
            NaN,
            false
        ],
        [
            2.6287920475006104,
            10.5907621383667,
            -1.6850110292434692,
            "H",
            NaN,
            NaN,
            false
        ],
        [
            2.541114091873169,
            11.768503189086914,
            0.26011499762535095,
            "C",
            NaN,
            NaN,
            false
        ],
        [
            2.0863749980926514,
            13.119583129882812,
            0.792402982711792,
            "C",
            NaN,
            NaN,
            false
        ],
        [
            2.625797986984253,
            13.988956451416016,
            0.39485400915145874,
            "H",
            NaN,
            NaN,
            false
        ],
        [
            1.0082570314407349,
            13.31490421295166,
            0.7262539863586426,
            "H",
            NaN,
            NaN,
            false
        ],
        [
            2.583395004272461,
            12.62902545928955,
            2.216909885406494,
            "C",
            NaN,
            NaN,
            false
        ],
        [
            3.4075820446014404,
            13.216836929321289,
            2.641402006149292,
            "H",
            NaN,
            NaN,
            false
        ],
        [
            1.7909209728240967,
            12.53895378112793,
            2.971039056777954,
            "H",
            NaN,
            NaN,
            false
        ],
        [
            2.9879379272460938,
            11.329336166381836,
            1.5364799499511719,
            "C",
            NaN,
            NaN,
            false
        ],
        [
            3.481323003768921,
            10.071480751037598,
            1.390768051147461,
            "C",
            NaN,
            NaN,
            false
        ],
        [
            3.927532911300659,
            9.315315246582031,
            2.0239570140838623,
            "H",
            NaN,
            NaN,
            false
        ]
    ]
}