{
    "properties": {
        "lattice_vector_a": [
            6.119139,
            0.0,
            0.0
        ],
        "lattice_vector_b": [
            0.0,
            11.092394,
            0.0
        ],
        "lattice_vector_c": [
            3.013171,
            0.0,
            4.272666
        ],
        "unit_cell_volume": 290.01105326317366,
        "cell_vol": 290.01105326317366,
        "spg": 7,
        "molecule_harris_info": [
            [
                85.50320812812446,
                -169.13889773880075,
                -73.29115479615278,
                5.789050650089345,
                2.686288099022622,
                2.6682351400798305,
                false
            ],
            [
                -177.76208877112333,
                -132.26142707824266,
                -136.9986213558888,
                4.282465021660987,
                8.406102141167255,
                0.531902150389679,
                false
            ]
        ],
        "harris_energy": -16913.57818809,
        "rcd": [
            [
                [
                    -1.1949153424978367,
                    -1.7598360408929539,
                    4.775984674486695
                ],
                [
                    0.9999998807907104,
                    1.0,
                    1.0
                ]
            ],
            [
                [
                    1.1949153065274927,
                    1.759835936150618,
                    -4.775984551509936
                ],
                [
                    0.9999998807907104,
                    1.0,
                    1.0
                ]
            ],
            [
                [
                    0.42110613068774533,
                    5.262357970622393,
                    0.18157755799869024
                ],
                [
                    0.9999998807907104,
                    1.0,
                    1.0
                ]
            ],
            [
                [
                    -0.4211061312987923,
                    -5.262358235412867,
                    -0.18157766155828847
                ],
                [
                    0.9999998807907104,
                    1.0,
                    0.9999999403953552
                ]
            ],
            [
                [
                    5.827724856774264,
                    0.42204864499581674,
                    -1.2481325817812292
                ],
                [
                    -0.8954481482505798,
                    0.9854739904403687,
                    -0.9099743366241455
                ]
            ],
            [
                [
                    4.632809532407315,
                    -1.3377873433876482,
                    3.527852030604027
                ],
                [
                    -0.8954482078552246,
                    0.9854739904403687,
                    -0.9099743366241455
                ]
            ],
            [
                [
                    -0.7738091754563605,
                    3.5025220327364366,
                    4.957562107052382
                ],
                [
                    0.9999998807907104,
                    1.0,
                    1.0
                ]
            ],
            [
                [
                    0.7738091853993618,
                    -3.5025220777418236,
                    -4.957562170754194
                ],
                [
                    1.0,
                    1.0,
                    1.0
                ]
            ],
            [
                [
                    -4.970845846917957,
                    1.3673799212274116,
                    -3.6015217463331597
                ],
                [
                    -0.8954481482505798,
                    0.9854739904403687,
                    -0.9099743366241455
                ]
            ],
            [
                [
                    -6.165761171284905,
                    -0.3924560671560535,
                    1.174462866052096
                ],
                [
                    -0.8954482078552246,
                    0.9854739904403687,
                    -0.9099743366241455
                ]
            ],
            [
                [
                    5.406618715416147,
                    -4.840309410309124,
                    -1.4297101248347621
                ],
                [
                    -0.8954482078552246,
                    0.9854739904403687,
                    -0.9099743366241455
                ]
            ],
            [
                [
                    5.0539156811976245,
                    3.924570678276673,
                    3.70942952604174
                ],
                [
                    -0.8954481482505798,
                    0.9854739904403687,
                    -0.9099743366241455
                ]
            ],
            [
                [
                    -5.391951988276073,
                    -3.8949781340775296,
                    -3.7830992893866933
                ],
                [
                    -0.8954482078552246,
                    0.9854739904403687,
                    -0.9099743366241455
                ]
            ],
            [
                [
                    -5.7446550224945945,
                    4.869901954508268,
                    1.3560403614898087
                ],
                [
                    -0.8954481482505798,
                    0.9854739904403687,
                    -0.9099743366241455
                ]
            ],
            [
                [
                    4.2117033716151635,
                    -6.600145277216553,
                    3.346274625519497
                ],
                [
                    -0.8954481482505798,
                    0.9854739904403687,
                    -0.909974217414856
                ]
            ],
            [
                [
                    6.2488309896987815,
                    5.684406624642974,
                    -1.0665550304208673
                ],
                [
                    -0.8954482078552246,
                    0.9854740500450134,
                    -0.9099743366241455
                ]
            ]
        ],
        "file_path": "target1_2mpc_0_he_rcd/target1_2mpc_d0650c0117.json",
        "replica": "init_pool",
        "AP_cluster": 7
    },
    "struct_id": "target1_2mpc_d0650c0117",
    "input_ref": null,