{
    "properties": {
        "lattice_vector_a": [
            3.432395,
            0.0,
            0.0
        ],
        "lattice_vector_b": [
            0.0,
            12.810985,
            0.0
        ],
        "lattice_vector_c": [
            7.356156,
            0.0,
            5.849901
        ],
        "unit_cell_volume": 257.23395776186373,
        "cell_vol": 257.23395776186373,
        "spg": 6,
        "molecule_harris_info": [
            [
                0,
                0,
                0,
                9.067633902772943,
                10.054369587847527,
                4.957846390241955,
                false
            ],
            [
                -148.20536953245218,
                -51.12656981339811,
                21.356268646798164,
                9.067633902772943,
                2.7566113459303025,
                4.957846390241955,
                false
            ]
        ],
        "harris_energy": -17137.721796137,
        "rcd": [
            [
                [
                    -1.5544496236720518,
                    1.762663220223843,
                    2.5016076130634355
                ],
                [
                    0.9999998807907104,
                    0.9999998807907104,
                    1.0
                ]
            ],
            [
                [
                    1.5544496220926434,
                    -1.7626632184328779,
                    -2.501607610521661
                ],
                [
                    0.9999998807907104,
                    0.9999998807907104,
                    1.0
                ]
            ],
            [
                [
                    4.889286287604849,
                    1.894840164853131,
                    1.7029779365014683
                ],
                [
                    -0.5729289054870605,
                    0.7637543678283691,
                    -0.8091744780540466
                ]
            ],
            [
                [
                    -0.759916135737825,
                    4.851699137624779,
                    -3.2165707222580666
                ],
                [
                    0.9999998807907104,
                    0.9999998807907104,
                    1.0
                ]
            ],
            [
                [
                    0.7599161112735262,
                    -4.8516991414553345,
                    3.2165707967577024
                ],
                [
                    0.9999998807907104,
                    0.9999998807907104,
                    1.0
                ]
            ],
            [
                [
                    3.334836663932797,
                    3.657503385076974,
                    4.204585549564904
                ],
                [
                    -0.5729289054870605,
                    0.7637543678283691,
                    -0.8091744780540466
                ]
            ],
            [
                [
                    6.443735909697492,
                    0.13217694642025313,
                    -0.7986296740201928
                ],
                [
                    -0.5729289054870605,
                    0.7637543678283691,
                    -0.8091744780540466
                ]
            ],
            [
                [
                    0.7945335229683674,
                    3.0890358776740836,
                    -5.718178391702662
                ],
                [
                    0.9999998807907104,
                    0.9999998807907104,
                    1.0
                ]
            ],
            [
                [
                    -0.7945334818872344,
                    -3.089035955829673,
                    5.718178360718692
                ],
                [
                    0.9999998807907104,
                    0.9999998807907104,
                    1.0
                ]
            ],
            [
                [
                    -3.1088992437545397,
                    3.5253264363773114,
                    5.003215220350112
                ],
                [
                    0.9999998807907104,
                    0.9999998807907104,
                    1.0
                ]
            ],
            [
                [
                    3.1088992440417047,
                    -3.5253264367029415,
                    -5.003215220812253
                ],
                [
                    0.9999998807907104,
                    0.9999998807907104,
                    1.0
                ]
            ],
            [
                [
                    -2.3143657599124157,
                    6.614362358418475,
                    -0.7149631083858852
                ],
                [
                    0.9999999403953552,
                    0.9999997615814209,
                    1.0000001192092896
                ]
            ],
            [
                [
                    2.3143657254691297,
                    -6.614362350933389,
                    0.714963198944909
                ],
                [
                    0.9999998807907104,
                    0.9999998807907104,
                    1.0
                ]
            ],
            [
                [
                    -6.471859429804344,
                    -2.5081655005487904,
                    -2.254200954654043
                ],
                [
                    -0.5729289650917053,
                    0.7637543678283691,
                    -0.8091745376586914
                ]
            ],
            [
                [
                    4.129370151867024,
                    6.746539302477911,
                    -1.5135927857565985
                ],
                [
                    -0.5729288458824158,
                    0.7637543678283691,
                    -0.8091745376586914
                ]
            ],
            [
                [
                    5.649202398878375,
                    -2.956858976602203,
                    4.9195487332591705
                ],
                [
                    -0.5729289054870605,
                    0.7637542486190796,
                    -0.8091745376586914
                ]
            ]
        ],
        "file_path": "target1_2mpc_0_he_rcd/target1_2mpc_72bd95d9bd.json",
        "replica": "init_pool",
        "AP_cluster": 9
    },
    "struct_id": "target1_2mpc_72bd95d9bd",
    "input_ref": null,