{
    "properties": {
        "lattice_vector_a": [
            13.647192,
            0.0,
            0.0
        ],
        "lattice_vector_b": [
            0.0,
            5.36546,
            0.0
        ],
        "lattice_vector_c": [
            -0.891474,
            0.0,
            3.367125
        ],
        "unit_cell_volume": 246.552552141122,
        "cell_vol": 246.552552141122,
        "spg": 3,
        "molecule_harris_info": [
            [
                65.41506550950662,
                -83.20331428850534,
                -140.25775063769717,
                4.291921184418049,
                2.3684874731809535,
                0.2962006624946569,
                false
            ],
            [
                114.58479887388863,
                -96.79650055899063,
                39.741886780910924,
                8.463798898331662,
                2.3684874731809535,
                3.07091571402518,
                false
            ]
        ],
        "harris_energy": -16706.385005228,
        "rcd": [
            [
                [
                    0.1497380882717546,
                    -1.3784923263948097,
                    -3.195245580942351
                ],
                [
                    0.9999999403953552,
                    0.9999999403953552,
                    1.0
                ]
            ],
            [
                [
                    -0.1497381576197634,
                    1.3784922809314684,
                    3.1952455498478525
                ],
                [
                    0.9999999403953552,
                    1.0,
                    1.0
                ]
            ],
            [
                [
                    4.310760521100197,
                    2.3754029317181473,
                    0.9372372186504734
                ],
                [
                    -0.7093468308448792,
                    0.4186919927597046,
                    -0.7093452215194702
                ]
            ],
            [
                [
                    4.460498609659573,
                    0.9969106209174409,
                    -2.2580083281273926
                ],
                [
                    -0.7093468308448792,
                    0.4186919927597046,
                    -0.7093452215194702
                ]
            ],
            [
                [
                    -2.0454060378854773,
                    4.518934904633878,
                    -2.0454113146900914
                ],
                [
                    0.9999999403953552,
                    0.9999999403953552,
                    1.0
                ]
            ],
            [
                [
                    2.0454060197559665,
                    -4.518934864580178,
                    2.0454112965605336
                ],
                [
                    0.9999999403953552,
                    0.9999999403953552,
                    1.0
                ]
            ],
            [
                [
                    -1.8956679496137228,
                    3.1404425782390684,
                    -5.240656895632442
                ],
                [
                    0.9999999403953552,
                    0.9999998807907104,
                    1.0
                ]
            ],
            [
                [
                    -2.1951441955052404,
                    5.897427185565347,
                    1.149834235157761
                ],
                [
                    0.9999999403953552,
                    1.0,
                    1.0
                ]
            ],
            [
                [
                    2.195144108027721,
                    -5.897427190974987,
                    -1.1498342843818172
                ],
                [
                    0.9999999403953552,
                    0.9999999403953552,
                    1.0
                ]
            ],
            [
                [
                    1.8956678621362033,
                    -3.140442583648709,
                    5.2406568464083865
                ],
                [
                    0.9999999403953552,
                    1.0,
                    1.0
                ]
            ],
            [
                [
                    4.161022474614605,
                    3.7538952262610965,
                    4.13248268743635
                ],
                [
                    -0.7093468308448792,
                    0.4186919331550598,
                    -0.7093451619148254
                ]
            ],
            [
                [
                    0.29947646973297015,
                    -2.756984531584482,
                    -6.3904911872944306
                ],
                [
                    0.9999999403953552,
                    0.9999999403953552,
                    1.0
                ]
            ],
            [
                [
                    -0.29947650122830716,
                    2.7569845234495496,
                    6.390491200817148
                ],
                [
                    0.9999999403953552,
                    1.0,
                    1.0000001192092896
                ]
            ],
            [
                [
                    4.6102366347452275,
                    -0.38158172594776385,
                    -5.4532538911091315
                ],
                [
                    -0.7093468308448792,
                    0.418692022562027,
                    -0.7093452215194702
                ]
            ],
            [
                [
                    2.26535448321472,
                    6.894337836352025,
                    -1.108174096039618
                ],
                [
                    -0.7093468308448792,
                    0.41869211196899414,
                    -0.7093452215194702
                ]
            ],
            [
                [
                    6.356166540856164,
                    -2.1435319328620306,
                    2.982648515211007
                ],
                [
                    -0.7093468308448792,
                    0.4186919927597046,
                    -0.7093452215194702
                ]
            ]
        ],
        "file_path": "target1_2mpc_0_he_rcd/target1_2mpc_ce4aacb657.json",
        "replica": "init_pool",
        "AP_cluster": 8
    },
    "struct_id": "target1_2mpc_ce4aacb657",
    "input_ref": null,