{
    "properties": {
        "lattice_vector_a": [
            6.310201,
            0.0,
            0.0
        ],
        "lattice_vector_b": [
            0.0,
            2.880708,
            0.0
        ],
        "lattice_vector_c": [
            -12.565806,
            0.0,
            11.010557
        ],
        "unit_cell_volume": 200.14821505091294,
        "cell_vol": 200.14821505091294,
        "spg": 3,
        "molecule_harris_info": [
            [
                -37.49724847816594,
                -15.37572603447617,
                -55.75677948356584,
                -2.168294280767441,
                1.8787929311077645,
                2.717391318265111,
                false
            ],
            [
                -142.50319049523532,
                -164.6246157177913,
                124.24285092863946,
                -4.087309956550598,
                1.8787929311077645,
                8.293157039606507,
                false
            ]
        ],
        "harris_energy": -16701.336588054,
        "rcd": [
            [
                [
                    -1.4515259468214645,
                    1.0707331578899337,
                    2.2461260028824697
                ],
                [
                    1.0,
                    1.0,
                    1.0
                ]
            ],
            [
                [
                    1.4515258847975363,
                    -1.0707331121373405,
                    -2.2461259069051582
                ],
                [
                    1.0,
                    0.9999999403953552,
                    1.0
                ]
            ],
            [
                [
                    2.9030517858099567,
                    -2.141466236235758,
                    -4.492251838901616
                ],
                [
                    1.0,
                    0.9999999403953552,
                    0.9999999403953552
                ]
            ],
            [
                [
                    -2.903051832138197,
                    2.1414662704102643,
                    4.492251910591044
                ],
                [
                    1.0,
                    0.9999999403953552,
                    1.0
                ]
            ],
            [
                [
                    -3.028641247967955,
                    3.3899328280339414,
                    -3.5732037881161327
                ],
                [
                    -0.49221351742744446,
                    -0.7236915230751038,
                    0.2159050703048706
                ]
            ],
            [
                [
                    -0.14398321087799415,
                    -5.35690973645503,
                    2.4606041572194344
                ],
                [
                    -0.49221351742744446,
                    -0.7236915230751038,
                    0.2159050703048706
                ]
            ],
            [
                [
                    5.201968029527358,
                    3.0065127360731774,
                    1.9284840443281046
                ],
                [
                    0.9999998807907104,
                    0.9999999403953552,
                    1.0
                ]
            ],
            [
                [
                    -5.201968001299984,
                    -3.0065127197589745,
                    -1.9284840338635956
                ],
                [
                    1.0,
                    0.9999999403953552,
                    1.0
                ]
            ],
            [
                [
                    -1.5771153631704184,
                    2.319199715896601,
                    -5.819329695021291
                ],
                [
                    -0.49221351742744446,
                    -0.7236915230751038,
                    0.2159050703048706
                ]
            ],
            [
                [
                    -4.48016719478942,
                    4.4606659859238755,
                    -1.327077785233663
                ],
                [
                    -0.49221351742744446,
                    -0.7236915230751038,
                    0.215905100107193
                ]
            ],
            [
                [
                    1.3075426739195422,
                    -6.42764284859237,
                    0.21447825031427614
                ],
                [
                    -0.49221351742744446,
                    -0.7236915230751038,
                    0.2159050703048706
                ]
            ],
            [
                [
                    -1.595509157699459,
                    -4.286176578565096,
                    4.706730160101904
                ],
                [
                    -0.49221351742744446,
                    -0.7236915230751038,
                    0.215905100107193
                ]
            ],
            [
                [
                    6.653493914324894,
                    1.935779623935837,
                    -0.3176418625770536
                ],
                [
                    0.9999998807907104,
                    0.9999999403953552,
                    1.0
                ]
            ],
            [
                [
                    3.7504420827058937,
                    4.077245893963111,
                    4.1746100472105745
                ],
                [
                    0.9999998807907104,
                    1.0,
                    1.0
                ]
            ],
            [
                [
                    -3.7504421165024477,
                    -4.077245831896315,
                    -4.174609940768754
                ],
                [
                    1.0,
                    0.9999999403953552,
                    1.0
                ]
            ],
            [
                [
                    -6.653493948121449,
                    -1.9357795618690408,
                    0.3176419690188741
                ],
                [
                    1.0,
                    1.0,
                    1.0
                ]
            ]
        ],
        "file_path": "target1_2mpc_0_he_rcd/target1_2mpc_b766196751.json",
        "replica": "init_pool",
        "AP_cluster": 9
    },
    "struct_id": "target1_2mpc_b766196751",
    "input_ref": null,