{
    "properties": {
        "lattice_vector_a": [
            35.355442,
            0.0,
            0.0
        ],
        "lattice_vector_b": [
            0.0,
            3.076286,
            0.0
        ],
        "lattice_vector_c": [
            4.706295,
            0.0,
            3.131468
        ],
        "unit_cell_volume": 340.5892671539623,
        "cell_vol": 340.5892671539623,
        "spg": 3,
        "molecule_harris_info": [
            [
                -167.21505535932536,
                -37.80897800611042,
                131.63536214480203,
                32.087498299618986,
                0.6988512992938148,
                1.9932963951550264,
                false
            ],
            [
                -12.784857295136822,
                -142.19087404843452,
                -48.36447765723854,
                7.974240551603601,
                0.6988512992938148,
                1.1381621292217614,
                false
            ]
        ],
        "harris_energy": -16708.727622039,
        "rcd": [
            [
                [
                    -1.2085338437367177,
                    -1.3026080879210262,
                    -2.5112136257830837
                ],
                [
                    0.9999998807907104,
                    1.0,
                    1.0
                ]
            ],
            [
                [
                    1.208533826890918,
                    1.302608069763922,
                    2.5112135907791804
                ],
                [
                    0.9999998807907104,
                    1.0,
                    1.0000001192092896
                ]
            ],
            [
                [
                    -1.3901292898656266,
                    5.1086855557122135,
                    -1.980953392263146
                ],
                [
                    0.9999998807907104,
                    1.0,
                    1.0
                ]
            ],
            [
                [
                    1.3901292898656266,
                    -5.1086855557122135,
                    1.980953392263146
                ],
                [
                    0.9999998807907104,
                    1.0,
                    1.0
                ]
            ],
            [
                [
                    -2.4170677355976196,
                    -2.605216227712302,
                    -5.022427351563455
                ],
                [
                    0.9999998807907104,
                    1.0,
                    1.0
                ]
            ],
            [
                [
                    2.417067726225003,
                    2.6052162176101055,
                    5.022427332088086
                ],
                [
                    0.9999998807907104,
                    1.0,
                    1.0
                ]
            ],
            [
                [
                    -2.5986631336023445,
                    3.8060774677911873,
                    -4.49216701804623
                ],
                [
                    0.9999998807907104,
                    1.0,
                    1.0
                ]
            ],
            [
                [
                    -0.18159546297470852,
                    6.4112936254761355,
                    0.5302601985160345
                ],
                [
                    0.9999998807907104,
                    1.0,
                    1.0000001192092896
                ]
            ],
            [
                [
                    0.18159544612890866,
                    -6.41129364363324,
                    -0.5302602335199378
                ],
                [
                    0.9999998807907104,
                    1.0,
                    1.0
                ]
            ],
            [
                [
                    2.598663116756544,
                    -3.8060774859482915,
                    4.492166983042326
                ],
                [
                    0.9999998807907104,
                    1.0,
                    1.0000001192092896
                ]
            ],
            [
                [
                    5.554192873264061,
                    2.624635321906554,
                    -4.034424048722104
                ],
                [
                    -0.6913299560546875,
                    -0.6414053440093994,
                    0.3327352702617645
                ]
            ],
            [
                [
                    6.944321949541967,
                    -2.4840504302207127,
                    -2.053470451785092
                ],
                [
                    -0.6913299560546875,
                    -0.6414052844047546,
                    0.33273521065711975
                ]
            ],
            [
                [
                    4.345659029527343,
                    1.3220272339855277,
                    -6.545637674505189
                ],
                [
                    -0.6913300156593323,
                    -0.6414053440093994,
                    0.33273521065711975
                ]
            ],
            [
                [
                    6.762726700154978,
                    3.927243391670476,
                    -1.5232104579429242
                ],
                [
                    -0.6913300156593323,
                    -0.6414053440093994,
                    0.3327353000640869
                ]
            ],
            [
                [
                    5.73578810580525,
                    -3.786658518141739,
                    -4.564684077568176
                ],
                [
                    -0.6913299560546875,
                    -0.6414052248001099,
                    0.3327351212501526
                ]
            ],
            [
                [
                    8.152855776432885,
                    -1.1814423604567907,
                    0.45774313899408847
                ],
                [
                    -0.6913299560546875,
                    -0.6414052248001099,
                    0.33273521065711975
                ]
            ]
        ],
        "file_path": "target1_2mpc_0_he_rcd/target1_2mpc_8fd8606e8d.json",
        "replica": "init_pool",
        "AP_cluster": 3
    },
    "struct_id": "target1_2mpc_8fd8606e8d",
    "input_ref": null,