{
    "properties": {
        "lattice_vector_a": [
            15.570921,
            0.0,
            0.0
        ],
        "lattice_vector_b": [
            0.0,
            5.006974,
            0.0
        ],
        "lattice_vector_c": [
            4.941154,
            0.0,
            3.478999
        ],
        "unit_cell_volume": 271.2338830188282,
        "cell_vol": 271.2338830188282,
        "spg": 4,
        "molecule_harris_info": [
            [
                -172.7617543394104,
                -104.23920629873327,
                108.09516559885108,
                11.527949617264118,
                0.6712110105981218,
                0.8699527770835669,
                false
            ],
            [
                -7.238421734321621,
                -75.76099908503065,
                -71.9046489248278,
                8.984127181641599,
                3.1746979964540363,
                2.609037056367131,
                false
            ]
        ],
        "harris_energy": -16713.89106313,
        "rcd": [
            [
                [
                    -1.6094532566848194,
                    3.587709623882378,
                    0.5485394751877758
                ],
                [
                    -0.9130966067314148,
                    -0.5517168045043945,
                    0.46481338143348694
                ]
            ],
            [
                [
                    -0.5657455534618474,
                    1.2172276014182266,
                    -3.7364669238038113
                ],
                [
                    -0.9130966067314148,
                    -0.5517168045043945,
                    0.46481338143348694
                ]
            ],
            [
                [
                    1.0437077052717147,
                    -2.370482027117282,
                    -4.285006407402827
                ],
                [
                    1.0000001192092896,
                    0.9999999403953552,
                    1.0
                ]
            ],
            [
                [
                    -1.043707708443962,
                    2.37048203432213,
                    4.285006420426685
                ],
                [
                    1.0000001192092896,
                    0.9999998211860657,
                    0.9999998807907104
                ]
            ],
            [
                [
                    4.416512588489342,
                    3.969616198963397,
                    -1.120267788655295
                ],
                [
                    1.0000001192092896,
                    0.9999998211860657,
                    0.9999998807907104
                ]
            ],
            [
                [
                    -4.416512518133313,
                    -3.969616142643081,
                    1.1202677746354441
                ],
                [
                    1.0000001192092896,
                    0.9999998211860657,
                    1.0
                ]
            ],
            [
                [
                    -6.025965790684253,
                    -0.3819065808977411,
                    1.668807280333124
                ],
                [
                    -0.9130966067314148,
                    -0.5517168045043945,
                    0.46481338143348694
                ]
            ],
            [
                [
                    -4.982258087461282,
                    -2.7523886033618923,
                    -2.616199118658463
                ],
                [
                    -0.9130966067314148,
                    -0.5517168045043945,
                    0.46481338143348694
                ]
            ],
            [
                [
                    3.744889252826821,
                    -2.0967427143186645,
                    4.9973686908102675
                ],
                [
                    -0.9130966067314148,
                    -0.5517168641090393,
                    0.4648134112358093
                ]
            ],
            [
                [
                    4.788596956049792,
                    -4.467224736782816,
                    0.7123622918186805
                ],
                [
                    -0.9130966067314148,
                    -0.5517168641090393,
                    0.4648134112358093
                ]
            ],
            [
                [
                    5.460220293761057,
                    1.599134171846115,
                    -5.405274196058122
                ],
                [
                    1.0000001192092896,
                    1.0,
                    1.0
                ]
            ],
            [
                [
                    3.37280488004538,
                    6.340098233285527,
                    3.1647386317713897
                ],
                [
                    1.0000001192092896,
                    0.9999998807907104,
                    0.9999998807907104
                ]
            ],
            [
                [
                    -3.372804812861598,
                    -6.340098169760363,
                    -3.164738632767383
                ],
                [
                    1.0000001192092896,
                    0.9999998807907104,
                    1.0000001192092896
                ]
            ],
            [
                [
                    -5.460220226577275,
                    -1.5991341083209512,
                    5.405274195062129
                ],
                [
                    1.0000001192092896,
                    0.9999998807907104,
                    1.0
                ]
            ],
            [
                [
                    2.807059284342677,
                    7.557325827342344,
                    -0.5717283275154184
                ],
                [
                    -0.9130966067314148,
                    -0.5517168045043945,
                    0.46481338143348694
                ]
            ],
            [
                [
                    3.850766987565649,
                    5.186843804878192,
                    -4.856734726507005
                ],
                [
                    -0.9130966067314148,
                    -0.5517168045043945,
                    0.46481338143348694
                ]
            ]
        ],
        "file_path": "target1_2mpc_0_he_rcd/target1_2mpc_eff97ae011.json",
        "replica": "init_pool",
        "AP_cluster": 9
    },
    "struct_id": "target1_2mpc_eff97ae011",
    "input_ref": null,