{
    "properties": {
        "lattice_vector_a": [
            3.613603,
            0.0,
            0.0
        ],
        "lattice_vector_b": [
            0.0,
            11.099514,
            0.0
        ],
        "lattice_vector_c": [
            3.266849,
            0.0,
            5.584671
        ],
        "unit_cell_volume": 223.99689320273862,
        "cell_vol": 223.99689320273862,
        "spg": 4,
        "molecule_harris_info": [
            [
                0,
                0,
                0,
                4.577162379914141,
                9.565161199011701,
                4.663325142154986,
                false
            ],
            [
                -67.95190060488238,
                -175.89570458553843,
                -69.1463478678377,
                2.3032911121845245,
                4.015403530699142,
                0.9213371839215782,
                false
            ]
        ],
        "harris_energy": -16713.117107474,
        "rcd": [
            [
                [
                    1.7797775801496052,
                    -1.9369031012828821,
                    -2.477685601635802
                ],
                [
                    0.9999998807907104,
                    0.9999998807907104,
                    0.9999999403953552
                ]
            ],
            [
                [
                    -1.7797775803057572,
                    1.9369031014528197,
                    2.4776856018531865
                ],
                [
                    0.9999998807907104,
                    0.9999998807907104,
                    0.9999999403953552
                ]
            ],
            [
                [
                    -0.6008550433197484,
                    -4.34659117272986,
                    3.472017715438046
                ],
                [
                    0.9999998807907104,
                    0.9999998807907104,
                    1.0
                ]
            ],
            [
                [
                    0.6008550443015754,
                    4.346591312892503,
                    -3.4720177912418517
                ],
                [
                    0.9999998807907104,
                    0.9999998807907104,
                    0.9999999403953552
                ]
            ],
            [
                [
                    5.158167542291596,
                    -0.7377901654900291,
                    2.8337700719576526
                ],
                [
                    0.5029841661453247,
                    -0.8919493556022644,
                    -0.6110348701477051
                ]
            ],
            [
                [
                    -4.463850268880111,
                    -3.3176881135559197,
                    -2.061136434402092
                ],
                [
                    0.5029842257499695,
                    -0.8919493556022644,
                    -0.6110348701477051
                ]
            ],
            [
                [
                    3.3783899826759796,
                    1.1991129134460472,
                    5.31145564500743
                ],
                [
                    0.5029841661453247,
                    -0.8919492959976196,
                    -0.6110348105430603
                ]
            ],
            [
                [
                    -6.243627828495728,
                    -1.3807850346198438,
                    0.41654913864768583
                ],
                [
                    0.5029842257499695,
                    -0.8919494152069092,
                    -0.6110348701477051
                ]
            ],
            [
                [
                    1.1789224970110972,
                    -6.283494230678631,
                    0.9943321692352196
                ],
                [
                    0.9999998807907104,
                    0.9999998807907104,
                    1.0
                ]
            ],
            [
                [
                    -1.1789225034464899,
                    6.283494378913314,
                    -0.994332234713275
                ],
                [
                    1.0,
                    0.9999998807907104,
                    1.0
                ]
            ],
            [
                [
                    5.759022608444934,
                    3.608801086291111,
                    -0.6382477300294389
                ],
                [
                    0.5029841661453247,
                    -0.8919492959976196,
                    -0.6110348701477051
                ]
            ],
            [
                [
                    -3.862995202726773,
                    1.0289031382252203,
                    -5.5331542363891835
                ],
                [
                    0.5029842257499695,
                    -0.8919494152069092,
                    -0.6110348701477051
                ]
            ],
            [
                [
                    2.3806326741855925,
                    2.4096881574844664,
                    -5.949703462114528
                ],
                [
                    0.9999998807907104,
                    0.9999998807907104,
                    0.9999999403953552
                ]
            ],
            [
                [
                    -2.380632660321225,
                    -2.4096880313416826,
                    5.9497033683765235
                ],
                [
                    0.9999998807907104,
                    0.9999998807907104,
                    1.0
                ]
            ],
            [
                [
                    3.979245029466469,
                    5.54570418629946,
                    1.8394378699759817
                ],
                [
                    0.5029841661453247,
                    -0.8919492959976196,
                    -0.6110348701477051
                ]
            ],
            [
                [
                    -5.642772781705238,
                    2.9658062382335695,
                    -3.055468636383763
                ],
                [
                    0.5029842257499695,
                    -0.8919494152069092,
                    -0.6110348701477051
                ]
            ]
        ],
        "file_path": "target1_2mpc_0_he_rcd/target1_2mpc_b7a07f2e46.json",
        "replica": "init_pool",
        "AP_cluster": 9
    },
    "struct_id": "target1_2mpc_b7a07f2e46",
    "input_ref": null,