{
    "properties": {
        "lattice_vector_a": [
            6.666943,
            0.0,
            0.0
        ],
        "lattice_vector_b": [
            0.0,
            8.546741,
            0.0
        ],
        "lattice_vector_c": [
            4.292168,
            0.0,
            3.046648
        ],
        "unit_cell_volume": 173.5999379136297,
        "cell_vol": 173.5999379136297,
        "spg": 4,
        "molecule_harris_info": [
            [
                -79.33738392201323,
                -96.2116183979776,
                -45.71123458175009,
                9.366757205192078,
                6.73272587010201,
                2.3747251727717353,
                false
            ],
            [
                -100.66266610793534,
                -83.78857546972927,
                134.28891733794316,
                1.5923546117958316,
                2.4593550518472145,
                0.6719139095871373,
                false
            ]
        ],
        "harris_energy": -16713.797513076,
        "rcd": [
            [
                [
                    -2.3184072579839285,
                    1.9149353684477168,
                    2.424795123917475
                ],
                [
                    0.9999999403953552,
                    0.9999999403953552,
                    1.0
                ]
            ],
            [
                [
                    2.3184073527340483,
                    -1.9149352585316892,
                    -2.424795032876891
                ],
                [
                    0.9999999403953552,
                    0.9999999403953552,
                    1.0
                ]
            ],
            [
                [
                    -1.2789462491281498,
                    -3.655224986040056,
                    2.7187042003615893
                ],
                [
                    -0.9567674398422241,
                    -0.011468756012618542,
                    -0.0317637100815773
                ]
            ],
            [
                [
                    -2.5355264019291606,
                    2.353476763582451,
                    -3.227999962167579
                ],
                [
                    -0.9567675590515137,
                    -0.011468803510069847,
                    -0.03176364302635193
                ]
            ],
            [
                [
                    -3.992701021892126,
                    -2.798009780128649,
                    -1.9834944759586564
                ],
                [
                    1.0,
                    0.9999999403953552,
                    1.0
                ]
            ],
            [
                [
                    3.992701101013531,
                    2.798009846051635,
                    1.9834945258500092
                ],
                [
                    0.9999999403953552,
                    0.9999999403953552,
                    1.0
                ]
            ],
            [
                [
                    2.7137548310321726,
                    -0.8572151844137867,
                    4.702198685729509
                ],
                [
                    -0.9567675590515137,
                    -0.01146878581494093,
                    -0.031763672828674316
                ]
            ],
            [
                [
                    1.457174678231162,
                    5.15148656520872,
                    -1.24450547679966
                ],
                [
                    -0.9567676186561584,
                    -0.011468915268778801,
                    -0.03176352381706238
                ]
            ],
            [
                [
                    1.0394610942890137,
                    -5.570160256523681,
                    0.2939091573768816
                ],
                [
                    -0.9567674994468689,
                    -0.011468756943941116,
                    -0.031763844192028046
                ]
            ],
            [
                [
                    -0.21711905851199687,
                    0.4385414930988263,
                    -5.652795005152286
                ],
                [
                    -0.9567676186561584,
                    -0.011468743905425072,
                    -0.031763672828674316
                ]
            ],
            [
                [
                    5.032162107624041,
                    -2.7721504234025334,
                    2.2774036886886804
                ],
                [
                    -0.9567675590515137,
                    -0.01146878581494093,
                    -0.031763672828674316
                ]
            ],
            [
                [
                    3.7755819548230303,
                    3.236551326219973,
                    -3.6693004738404875
                ],
                [
                    -0.9567676186561584,
                    -0.011468915268778801,
                    -0.03176352381706238
                ]
            ],
            [
                [
                    -6.311108381617849,
                    -0.8830744817660088,
                    0.4413005986418308
                ],
                [
                    1.0,
                    0.9999999403953552,
                    1.0
                ]
            ],
            [
                [
                    6.311108372752206,
                    0.8830746074561283,
                    -0.4413004697679648
                ],
                [
                    0.9999999403953552,
                    0.9999999403953552,
                    1.0
                ]
            ],
            [
                [
                    -3.5973535144971502,
                    -1.7402897295146489,
                    5.1434992127504335
                ],
                [
                    -0.9567675590515137,
                    -0.011468697339296341,
                    -0.031763799488544464
                ]
            ],
            [
                [
                    -4.853933667298161,
                    4.268412020107858,
                    -0.8032049497787346
                ],
                [
                    -0.9567675590515137,
                    -0.011468799784779549,
                    -0.031763650476932526
                ]
            ]
        ],
        "file_path": "target1_2mpc_0_he_rcd/target1_2mpc_ae77cde3d5.json",
        "replica": "init_pool",
        "AP_cluster": 7
    },
    "struct_id": "target1_2mpc_ae77cde3d5",
    "input_ref": null,