{
    "properties": {
        "lattice_vector_a": [
            4.863413,
            0.0,
            0.0
        ],
        "lattice_vector_b": [
            0.0,
            15.222632,
            0.0
        ],
        "lattice_vector_c": [
            -1.575778,
            0.0,
            3.043768
        ],
        "unit_cell_volume": 225.3421568534646,
        "cell_vol": 225.3421568534646,
        "spg": 7,
        "molecule_harris_info": [
            [
                -16.492652208573652,
                -74.02192531969602,
                179.9961338348898,
                2.3498691992556795,
                9.920191400862755,
                1.9701048393753615,
                false
            ],
            [
                40.47955738054928,
                -117.23571673329104,
                59.71838212978523,
                3.137758324754999,
                5.302437385346027,
                0.44822094807440926,
                false
            ]
        ],
        "harris_energy": -17572.918999554,
        "rcd": [
            [
                [
                    0.8139009545379031,
                    0.4230769615598835,
                    -3.302449385843609
                ],
                [
                    1.0,
                    0.9999998807907104,
                    1.0
                ]
            ],
            [
                [
                    -0.8139009316810539,
                    -0.4230770186087426,
                    3.302449429031958
                ],
                [
                    1.0,
                    1.0,
                    1.0
                ]
            ],
            [
                [
                    2.6116269276048785,
                    -3.4886979904423843,
                    -1.0399321232005847
                ],
                [
                    1.0,
                    0.9999998807907104,
                    1.0
                ]
            ],
            [
                [
                    -2.611626924641675,
                    3.4886979766812494,
                    1.039932141351905
                ],
                [
                    1.0,
                    0.9999999403953552,
                    1.0
                ]
            ],
            [
                [
                    1.7977260048264925,
                    -3.9117750211096216,
                    2.2625173026137744
                ],
                [
                    1.0,
                    0.9999999403953552,
                    0.9999999403953552
                ]
            ],
            [
                [
                    -1.7977259977948647,
                    3.9117750058091,
                    -2.2625172937641618
                ],
                [
                    1.0,
                    0.9999999403953552,
                    1.0
                ]
            ],
            [
                [
                    4.138193446911329,
                    2.637960845714546,
                    -0.4207967774731942
                ],
                [
                    -0.30579674243927,
                    0.4477942883968353,
                    -0.8580024242401123
                ]
            ],
            [
                [
                    3.3242925126780727,
                    2.214883826945746,
                    2.8816526596138914
                ],
                [
                    -0.3057968020439148,
                    0.44779425859451294,
                    -0.8580024242401123
                ]
            ],
            [
                [
                    -3.4255278064490877,
                    3.0656209313674894,
                    4.342381471805925
                ],
                [
                    1.0,
                    1.0,
                    0.9999999403953552
                ]
            ],
            [
                [
                    3.425527909603309,
                    -3.065621010474206,
                    -4.342381628619023
                ],
                [
                    1.0,
                    0.9999999403953552,
                    1.0
                ]
            ],
            [
                [
                    5.935919461318413,
                    -1.273814196242036,
                    1.8417205371981777
                ],
                [
                    -0.30579674243927,
                    0.4477942883968353,
                    -0.8580024242401123
                ]
            ],
            [
                [
                    1.5265665467599185,
                    6.126658763392484,
                    0.6191354059679735
                ],
                [
                    -0.30579674243927,
                    0.44779422879219055,
                    -0.8580024242401123
                ]
            ],
            [
                [
                    -1.627801811818455,
                    -0.8461540675563766,
                    6.604898761587761
                ],
                [
                    1.0000001192092896,
                    0.9999998807907104,
                    1.0
                ]
            ],
            [
                [
                    1.6278019077231418,
                    0.8461540042243374,
                    -6.604898927524717
                ],
                [
                    1.0,
                    0.9999999403953552,
                    1.0
                ]
            ],
            [
                [
                    4.9520943887913695,
                    3.061037841445103,
                    -3.7232461923172155
                ],
                [
                    -0.3057968318462372,
                    0.44779443740844727,
                    -0.8580024242401123
                ]
            ],
            [
                [
                    2.5103916145969625,
                    1.79180678778953,
                    6.184102027274742
                ],
                [
                    -0.3057968020439148,
                    0.44779425859451294,
                    -0.8580023646354675
                ]
            ]
        ],
        "file_path": "target1_2mpc_0_he_rcd/target1_2mpc_a8fdadb815.json",
        "replica": "init_pool",
        "AP_cluster": 9
    },
    "struct_id": "target1_2mpc_a8fdadb815",
    "input_ref": null,