{
    "properties": {
        "lattice_vector_a": [
            13.34055,
            0.0,
            0.0
        ],
        "lattice_vector_b": [
            0.0,
            3.43918,
            0.0
        ],
        "lattice_vector_c": [
            1.953688,
            0.0,
            6.280861
        ],
        "unit_cell_volume": 288.16937441963677,
        "cell_vol": 288.16937441963677,
        "spg": 3,
        "molecule_harris_info": [
            [
                -96.14845963137394,
                -40.97625728364323,
                83.771855368056,
                10.685462921223742,
                0.8714547986164689,
                -0.18007519163508365,
                false
            ],
            [
                -83.77207783289411,
                -139.02380635580525,
                -96.14872936807856,
                4.608777680295579,
                0.8714547986164689,
                6.460927651085435,
                false
            ]
        ],
        "harris_energy": -16711.023978415,
        "rcd": [
            [
                [
                    -1.9017358550760155,
                    0.7808320630429502,
                    -2.7571110357338804
                ],
                [
                    1.0,
                    1.0,
                    1.0
                ]
            ],
            [
                [
                    1.9017358398455788,
                    -0.7808320567894985,
                    2.7571110136529984
                ],
                [
                    1.0,
                    0.9999998807907104,
                    1.0
                ]
            ],
            [
                [
                    3.154137522781675,
                    -3.0293373855663606,
                    -3.0335159842709603
                ],
                [
                    -0.3884659707546234,
                    -0.8969054818153381,
                    0.2853715121746063
                ]
            ],
            [
                [
                    1.2524016677056593,
                    -2.2485053225234104,
                    -5.79062702000484
                ],
                [
                    -0.38846608996391296,
                    -0.8969054818153381,
                    0.2853716313838959
                ]
            ],
            [
                [
                    5.055873362627254,
                    -3.810169442355859,
                    -0.27640497061796193
                ],
                [
                    -0.38846591114997864,
                    -0.8969054818153381,
                    0.28537148237228394
                ]
            ],
            [
                [
                    2.1857995750998156,
                    6.198945916203722,
                    0.2479125039431409
                ],
                [
                    1.0,
                    0.9999998807907104,
                    1.0
                ]
            ],
            [
                [
                    -2.1857997220120784,
                    -6.198946154371582,
                    -0.24791247006013117
                ],
                [
                    1.0,
                    0.9999998807907104,
                    1.0
                ]
            ],
            [
                [
                    5.33993682905249,
                    3.169608749825146,
                    -2.785603232825775
                ],
                [
                    -0.3884662091732025,
                    -0.8969055414199829,
                    0.28537189960479736
                ]
            ],
            [
                [
                    -3.8034717197176224,
                    1.5616641300134282,
                    -5.514222085335826
                ],
                [
                    1.0,
                    1.0,
                    1.0
                ]
            ],
            [
                [
                    3.8034717192135936,
                    -1.5616641298064793,
                    5.514222084605092
                ],
                [
                    1.0,
                    0.9999999403953552,
                    1.0
                ]
            ],
            [
                [
                    0.28406372002379987,
                    6.979777979246672,
                    -2.5091985317907395
                ],
                [
                    1.0,
                    1.0,
                    1.0
                ]
            ],
            [
                [
                    -4.087535577088094,
                    -5.418114091328631,
                    -3.0050235057940116
                ],
                [
                    1.0,
                    1.0,
                    1.0
                ]
            ],
            [
                [
                    4.087535414945394,
                    5.418113859414223,
                    3.0050235175961393
                ],
                [
                    1.0,
                    0.9999998807907104,
                    1.0
                ]
            ],
            [
                [
                    -0.2840638821664996,
                    -6.97977821116108,
                    2.509198543592867
                ],
                [
                    1.0,
                    0.9999998807907104,
                    1.0
                ]
            ],
            [
                [
                    3.438200973976474,
                    3.9504408128680963,
                    -5.5427142685596555
                ],
                [
                    -0.3884662389755249,
                    -0.8969055414199829,
                    0.28537195920944214
                ]
            ],
            [
                [
                    7.241672668898069,
                    2.3887766930356475,
                    -0.028492219172776778
                ],
                [
                    -0.38846608996391296,
                    -0.8969056606292725,
                    0.2853718101978302
                ]
            ]
        ],
        "file_path": "target1_2mpc_0_he_rcd/target1_2mpc_44193846d5.json",
        "replica": "init_pool",
        "AP_cluster": 9
    },
    "struct_id": "target1_2mpc_44193846d5",
    "input_ref": null,