{
    "properties": {
        "lattice_vector_a": [
            25.323704,
            0.0,
            0.0
        ],
        "lattice_vector_b": [
            0.0,
            3.309196,
            0.0
        ],
        "lattice_vector_c": [
            5.135243,
            0.0,
            3.158078
        ],
        "unit_cell_volume": 264.6504102289041,
        "cell_vol": 264.6504102289041,
        "spg": 3,
        "molecule_harris_info": [
            [
                -63.392562992646155,
                -37.16163164359926,
                -30.672069623942267,
                10.04291942779054,
                2.7136973852806903,
                1.7828078993615952,
                false
            ],
            [
                -116.60730866530602,
                -142.8386318309163,
                149.32813365857427,
                20.416029301095517,
                2.7136973852806903,
                1.375260910415586,
                false
            ]
        ],
        "harris_energy": -16707.591986277,
        "rcd": [
            [
                [
                    1.2711424275932839,
                    -0.022759666108931084,
                    -3.0552344008779904
                ],
                [
                    1.0,
                    1.0,
                    1.0
                ]
            ],
            [
                [
                    -1.2711424559692008,
                    0.022759666616998773,
                    3.0552344690804794
                ],
                [
                    0.9999999403953552,
                    1.0,
                    1.0
                ]
            ],
            [
                [
                    -5.562071130305424,
                    -0.24675346202734838,
                    -2.3122837072961255
                ],
                [
                    1.0,
                    0.9999998807907104,
                    1.0
                ]
            ],
            [
                [
                    5.562071038975382,
                    0.24675345795264558,
                    2.3122836693282514
                ],
                [
                    1.0,
                    1.0,
                    1.0
                ]
            ],
            [
                [
                    2.1898861965757104,
                    5.8822727362072555,
                    0.8672913309848331
                ],
                [
                    -0.7048972845077515,
                    -0.9999053478240967,
                    0.7048026919364929
                ]
            ],
            [
                [
                    2.5422848715057644,
                    -0.045519332510055605,
                    -6.11046884097973
                ],
                [
                    0.9999998807907104,
                    1.0,
                    1.0
                ]
            ],
            [
                [
                    -2.5422849124255413,
                    0.04551933324271973,
                    6.110468939331816
                ],
                [
                    0.9999998807907104,
                    1.0,
                    0.9999999403953552
                ]
            ],
            [
                [
                    -3.3721849762265674,
                    5.635519362263979,
                    -1.4449923946484537
                ],
                [
                    -0.7048972249031067,
                    -0.9999053478240967,
                    0.7048026323318481
                ]
            ],
            [
                [
                    -4.290928702712139,
                    -0.26951312813627926,
                    -5.367518108174116
                ],
                [
                    1.0,
                    0.9999998807907104,
                    1.0
                ]
            ],
            [
                [
                    -6.833213586274624,
                    -0.2239937954103497,
                    0.7429507617843539
                ],
                [
                    0.9999999403953552,
                    0.9999998807907104,
                    1.0
                ]
            ],
            [
                [
                    6.833213466568665,
                    0.2239937918437147,
                    -0.7429507315497389
                ],
                [
                    1.0,
                    1.0,
                    1.0
                ]
            ],
            [
                [
                    4.290928583006181,
                    0.26951312456964427,
                    5.367518138408731
                ],
                [
                    0.9999999403953552,
                    1.0,
                    1.0
                ]
            ],
            [
                [
                    3.461028624168994,
                    5.859513070098324,
                    -2.1879430698931572
                ],
                [
                    -0.7048972845077515,
                    -0.9999053478240967,
                    0.7048026919364929
                ]
            ],
            [
                [
                    0.9187437406065095,
                    5.905032402824254,
                    3.922525800065313
                ],
                [
                    -0.7048972845077515,
                    -0.9999053478240967,
                    0.7048027515411377
                ]
            ],
            [
                [
                    -2.1010425486332833,
                    5.612759696155049,
                    -4.500226795526444
                ],
                [
                    -0.7048972249031067,
                    -0.9999053478240967,
                    0.7048026323318481
                ]
            ],
            [
                [
                    -4.643327432195768,
                    5.658279028880978,
                    1.6102420744320256
                ],
                [
                    -0.7048972845077515,
                    -0.9999053478240967,
                    0.7048026919364929
                ]
            ]
        ],
        "file_path": "target1_2mpc_0_he_rcd/target1_2mpc_569abb368d.json",
        "replica": "init_pool",
        "AP_cluster": 5
    },
    "struct_id": "target1_2mpc_569abb368d",
    "input_ref": null,