{
    "properties": {
        "lattice_vector_a": [
            6.390648,
            0.0,
            0.0
        ],
        "lattice_vector_b": [
            0.0,
            6.133102,
            0.0
        ],
        "lattice_vector_c": [
            10.276576,
            0.0,
            6.067778
        ],
        "unit_cell_volume": 237.82350073250387,
        "cell_vol": 237.82350073250387,
        "spg": 4,
        "molecule_harris_info": [
            [
                -163.6730499009718,
                -146.1947439918504,
                -69.13178460784599,
                7.1782574298533985,
                1.3023929637163243,
                4.102608633604139,
                false
            ],
            [
                -16.327783237177268,
                -33.80509424346596,
                110.86886214533612,
                9.4889686462727,
                4.36894428095919,
                1.9651607653482797,
                false
            ]
        ],
        "harris_energy": -16714.324291711,
        "rcd": [
            [
                [
                    -0.5477450550148288,
                    0.04812410683935808,
                    4.35998451198999
                ],
                [
                    -0.7462654113769531,
                    -0.10184663534164429,
                    -0.15188802778720856
                ]
            ],
            [
                [
                    1.636770890126657,
                    -4.061863322659912,
                    0.3661344662447136
                ],
                [
                    -0.7462654113769531,
                    -0.10184651613235474,
                    -0.15188807249069214
                ]
            ],
            [
                [
                    0.9498494412156178,
                    4.8938324109965645,
                    0.19250629793492346
                ],
                [
                    -0.7462654113769531,
                    -0.10184663534164429,
                    -0.15188802778720856
                ]
            ],
            [
                [
                    3.1343653863571035,
                    0.7838449814972939,
                    -3.8013437478103524
                ],
                [
                    -0.7462654113769531,
                    -0.10184651613235474,
                    -0.15188807249069214
                ]
            ],
            [
                [
                    -5.34414621653252,
                    1.3899260468568113,
                    0.35567637651123085
                ],
                [
                    -0.7462654113769531,
                    -0.1018466055393219,
                    -0.15188802778720856
                ]
            ],
            [
                [
                    -3.159630271391034,
                    -2.720061382642459,
                    -3.638173669234045
                ],
                [
                    -0.7462654113769531,
                    -0.10184651613235474,
                    -0.15188807249069214
                ]
            ],
            [
                [
                    -2.184515921313917,
                    4.109987384669655,
                    3.993850002182427
                ],
                [
                    1.0,
                    0.9999999403953552,
                    0.9999998807907104
                ]
            ],
            [
                [
                    2.1845159463836814,
                    -4.109987431836359,
                    -3.993850048016325
                ],
                [
                    1.0,
                    0.9999998807907104,
                    1.0
                ]
            ],
            [
                [
                    -4.796401098697856,
                    1.3418019224434903,
                    -4.004308083033192
                ],
                [
                    1.0,
                    0.9999999403953552,
                    0.9999998807907104
                ]
            ],
            [
                [
                    4.7964012528919975,
                    -1.3418019655795814,
                    4.004308211763219
                ],
                [
                    1.0,
                    0.9999999403953552,
                    0.9999998807907104
                ]
            ],
            [
                [
                    -1.4975944290248016,
                    -4.845708304252489,
                    4.167478250912594
                ],
                [
                    1.0,
                    1.0,
                    0.9999999403953552
                ]
            ],
            [
                [
                    1.4975944143998507,
                    4.845708257728644,
                    -4.167478211035283
                ],
                [
                    1.0,
                    0.9999998807907104,
                    1.0
                ]
            ],
            [
                [
                    -6.29399575235116,
                    -3.5039063189687676,
                    0.163169980346769
                ],
                [
                    1.0,
                    0.9999999403953552,
                    0.9999998807907104
                ]
            ],
            [
                [
                    6.293995606613598,
                    3.503906309123913,
                    -0.16317004992971285
                ],
                [
                    1.0,
                    0.9999998807907104,
                    0.9999999403953552
                ]
            ],
            [
                [
                    5.746250715999375,
                    3.552030439292723,
                    4.196814527974628
                ],
                [
                    -0.7462655305862427,
                    -0.10184663534164429,
                    -0.1518879383802414
                ]
            ],
            [
                [
                    7.930766661140861,
                    -0.5579569902065473,
                    0.20296448222935237
                ],
                [
                    -0.7462654709815979,
                    -0.10184663534164429,
                    -0.1518879234790802
                ]
            ]
        ],
        "file_path": "target1_2mpc_0_he_rcd/target1_2mpc_5ecd8b200a.json",
        "replica": "init_pool",
        "AP_cluster": 7
    },
    "struct_id": "target1_2mpc_5ecd8b200a",
    "input_ref": null,