{
    "properties": {
        "lattice_vector_a": [
            9.044133,
            0.0,
            0.0
        ],
        "lattice_vector_b": [
            0.0,
            3.839197,
            0.0
        ],
        "lattice_vector_c": [
            -8.421964,
            0.0,
            6.086848
        ],
        "unit_cell_volume": 211.3488040320118,
        "cell_vol": 211.3488040320118,
        "spg": 7,
        "molecule_harris_info": [
            [
                -109.27103688532867,
                -4.608611750309956,
                -156.9616727284952,
                -1.2868332032193528,
                3.9255837924936987,
                4.945221180413315,
                false
            ],
            [
                114.46187072231594,
                -53.67082822070941,
                29.12475938262089,
                2.924148536743002,
                -0.08639071374497516,
                1.9017976555339198,
                false
            ]
        ],
        "harris_energy": -16859.264483508,
        "rcd": [
            [
                [
                    1.5964359574848799,
                    -2.2903772694911217,
                    -2.6353360172020492
                ],
                [
                    1.0,
                    1.0,
                    1.0
                ]
            ],
            [
                [
                    -1.5964359672407291,
                    2.290377283487659,
                    2.635336033306636
                ],
                [
                    1.0,
                    1.0,
                    1.0
                ]
            ],
            [
                [
                    -3.8598602454441346,
                    1.3111040955822493,
                    -3.2260081113150387
                ],
                [
                    0.6541774868965149,
                    0.28819116950035095,
                    -0.05763137340545654
                ]
            ],
            [
                [
                    3.7161701886895138,
                    -1.1049541991928342,
                    3.4632078642224116
                ],
                [
                    0.6541774868965149,
                    0.28819116950035095,
                    -0.05763137340545654
                ]
            ],
            [
                [
                    4.3643640762042635,
                    3.6761801521325945,
                    -0.2994248867957674
                ],
                [
                    0.6541774868965149,
                    0.28819116950035095,
                    -0.05763143301010132
                ]
            ],
            [
                [
                    -4.508054429335125,
                    -3.4700303409733877,
                    0.5366245342379077
                ],
                [
                    0.6541774868965149,
                    0.2881911098957062,
                    -0.057631462812423706
                ]
            ],
            [
                [
                    0.6481937623093718,
                    4.781134471479773,
                    -3.7626329312916384
                ],
                [
                    1.0,
                    1.0,
                    1.0
                ]
            ],
            [
                [
                    -0.6481936513538639,
                    -4.7811344258105715,
                    3.7626329588151304
                ],
                [
                    0.9999999403953552,
                    1.0,
                    0.9999999403953552
                ]
            ],
            [
                [
                    -2.2634242879592548,
                    -0.9792731739088727,
                    -5.8613441285170875
                ],
                [
                    0.6541774868965149,
                    0.28819116950035095,
                    -0.05763137340545654
                ]
            ],
            [
                [
                    5.312606146174393,
                    -3.395331468683956,
                    0.8278718470203623
                ],
                [
                    0.6541774868965149,
                    0.28819116950035095,
                    -0.05763137340545654
                ]
            ],
            [
                [
                    -5.456296207938776,
                    3.601481372260782,
                    -0.5906720858430663
                ],
                [
                    0.6541776061058044,
                    0.28819116950035095,
                    -0.05763131380081177
                ]
            ],
            [
                [
                    2.1197342261948733,
                    1.1854230774856989,
                    6.098543889694384
                ],
                [
                    0.6541776061058044,
                    0.2881911098957062,
                    -0.057631343603134155
                ]
            ],
            [
                [
                    5.960800033689143,
                    1.3858028826414728,
                    -2.934760903997817
                ],
                [
                    0.6541774868965149,
                    0.28819116950035095,
                    -0.05763143301010132
                ]
            ],
            [
                [
                    -2.911618471850245,
                    -5.760407610464509,
                    -2.0987114829641422
                ],
                [
                    0.6541774868965149,
                    0.2881911098957062,
                    -0.057631462812423706
                ]
            ],
            [
                [
                    2.767928113709623,
                    5.966557428811127,
                    2.3359111386762055
                ],
                [
                    0.6541776061058044,
                    0.28819113969802856,
                    -0.057631343603134155
                ]
            ],
            [
                [
                    -6.104490391829765,
                    -1.1796530642948546,
                    3.17196055970988
                ],
                [
                    0.6541776061058044,
                    0.2881911098957062,
                    -0.05763137340545654
                ]
            ]
        ],
        "file_path": "target1_2mpc_0_he_rcd/target1_2mpc_31cbbd6424.json",
        "replica": "init_pool",
        "AP_cluster": 9
    },
    "struct_id": "target1_2mpc_31cbbd6424",
    "input_ref": null,