{
    "properties": {
        "lattice_vector_a": [
            5.313077,
            0.0,
            0.0
        ],
        "lattice_vector_b": [
            0.0,
            14.640312,
            0.0
        ],
        "lattice_vector_c": [
            1.337629,
            0.0,
            3.228497
        ],
        "unit_cell_volume": 251.12897800812271,
        "cell_vol": 251.12897800812271,
        "spg": 7,
        "molecule_harris_info": [
            [
                -129.94394441651872,
                -103.3032403138036,
                23.63565085133863,
                0.7767871553276448,
                10.734540311580009,
                1.2408349891688595,
                false
            ],
            [
                125.35639002066301,
                -54.41293041192224,
                -145.5142034893994,
                1.4456012971857761,
                3.9057679036830337,
                2.8550829885408597,
                false
            ]
        ],
        "harris_energy": -17432.507040548,
        "rcd": [
            [
                [
                    -1.2979665527818274,
                    1.989998377042311,
                    2.562739242548554
                ],
                [
                    1.0000001192092896,
                    1.0000001192092896,
                    1.0000001192092896
                ]
            ],
            [
                [
                    1.2979665701755914,
                    -1.989998372721319,
                    -2.5627391864154716
                ],
                [
                    1.0000001192092896,
                    1.0,
                    1.0000001192092896
                ]
            ],
            [
                [
                    2.80620800636221,
                    -0.9759661324438917,
                    4.171338350491278
                ],
                [
                    1.0000001192092896,
                    1.0000001192092896,
                    1.0000001192092896
                ]
            ],
            [
                [
                    -2.8062079702024145,
                    0.9759661232032326,
                    -4.171338287002997
                ],
                [
                    1.0000001192092896,
                    1.0,
                    1.0000001192092896
                ]
            ],
            [
                [
                    -4.10417453085723,
                    2.965964489044171,
                    -1.6085990968559316
                ],
                [
                    1.0000001192092896,
                    1.0000001192092896,
                    1.0000001192092896
                ]
            ],
            [
                [
                    4.104174476242872,
                    -2.965964449576004,
                    1.6085990754502615
                ],
                [
                    1.0000001192092896,
                    1.0000001192092896,
                    1.0000001192092896
                ]
            ],
            [
                [
                    1.5082413895582134,
                    1.0140323024617155,
                    6.734077601804281
                ],
                [
                    1.0,
                    1.0,
                    1.0000001192092896
                ]
            ],
            [
                [
                    -1.508241420519297,
                    -1.0140322553446677,
                    -6.734077541699982
                ],
                [
                    1.0000001192092896,
                    1.0,
                    1.0
                ]
            ],
            [
                [
                    -2.59593312525758,
                    3.9799967799132183,
                    5.125478511235665
                ],
                [
                    1.0000001192092896,
                    1.0000001192092896,
                    1.0000001192092896
                ]
            ],
            [
                [
                    2.595933136420574,
                    -3.9799967632379856,
                    -5.125478434621163
                ],
                [
                    1.0000001192092896,
                    1.0,
                    1.0
                ]
            ],
            [
                [
                    4.949339390232886,
                    4.023431024714824,
                    -3.0002128882430705
                ],
                [
                    0.2068532407283783,
                    -0.08014141023159027,
                    -0.873288094997406
                ]
            ],
            [
                [
                    3.6513728349862458,
                    6.013429403357592,
                    -0.4374736471884251
                ],
                [
                    0.20685330033302307,
                    -0.08014136552810669,
                    -0.873288094997406
                ]
            ],
            [
                [
                    -5.402141026208264,
                    4.9559628245829614,
                    0.954140168202172
                ],
                [
                    1.0000001192092896,
                    1.0000001192092896,
                    1.0000001192092896
                ]
            ],
            [
                [
                    5.402141133881031,
                    -4.955962885503911,
                    -0.9541400766849413
                ],
                [
                    1.0000001192092896,
                    1.0,
                    1.0
                ]
            ],
            [
                [
                    -4.270262136210174,
                    -6.735659308880572,
                    0.684842896280391
                ],
                [
                    0.20685288310050964,
                    -0.08014090359210968,
                    -0.8732881546020508
                ]
            ],
            [
                [
                    -5.568228691456814,
                    -4.745660930237804,
                    3.2475821373350366
                ],
                [
                    0.2068529725074768,
                    -0.08014105260372162,
                    -0.8732881546020508
                ]
            ]
        ],
        "file_path": "target1_2mpc_0_he_rcd/target1_2mpc_25b8b2ee54.json",
        "replica": "init_pool",
        "AP_cluster": 5
    },
    "struct_id": "target1_2mpc_25b8b2ee54",
    "input_ref": null,