{
    "properties": {
        "lattice_vector_a": [
            4.136356,
            0.0,
            0.0
        ],
        "lattice_vector_b": [
            0.0,
            13.253558,
            0.0
        ],
        "lattice_vector_c": [
            -6.55088,
            0.0,
            6.130798
        ],
        "unit_cell_volume": 336.0991388724475,
        "cell_vol": 336.0991388724475,
        "spg": 6,
        "molecule_harris_info": [
            [
                -148.79560549230246,
                -65.55340335366111,
                -77.81785551113414,
                -1.9372315974311625,
                10.501391158459034,
                2.854292537739619,
                false
            ],
            [
                102.15216141145233,
                -85.58768014007481,
                -32.583246506014866,
                -1.9372315974311625,
                2.752163382920813,
                2.854292537739619,
                false
            ]
        ],
        "harris_energy": -17039.396456092,
        "rcd": [
            [
                [
                    2.0235317246098647,
                    1.623483669701542,
                    -3.2216549515210127
                ],
                [
                    1.0000001192092896,
                    1.0,
                    1.0
                ]
            ],
            [
                [
                    -2.0235317543892406,
                    -1.6234836935935963,
                    3.221654998932611
                ],
                [
                    1.0000001192092896,
                    1.0,
                    1.0
                ]
            ],
            [
                [
                    0.16471912134682795,
                    -4.95415821141432,
                    -2.393080833859813
                ],
                [
                    0.9982088804244995,
                    -0.6201708316802979,
                    -0.6219620108604431
                ]
            ],
            [
                [
                    -4.501606565286735,
                    1.836861827268741,
                    -4.112525657411364
                ],
                [
                    1.0,
                    1.0,
                    1.0
                ]
            ],
            [
                [
                    4.501606480607341,
                    -1.836861780248145,
                    4.1125255542406665
                ],
                [
                    0.9999999403953552,
                    1.0,
                    1.0
                ]
            ],
            [
                [
                    -6.525138281986453,
                    0.21337816391352582,
                    -0.8908707184840572
                ],
                [
                    1.0000001192092896,
                    1.0,
                    1.0
                ]
            ],
            [
                [
                    6.525138164348115,
                    -0.21337814333595895,
                    0.8908706677871336
                ],
                [
                    0.9999999403953552,
                    1.0,
                    0.9999999403953552
                ]
            ],
            [
                [
                    2.1882508459566927,
                    -3.3306745417127783,
                    -5.614735785380826
                ],
                [
                    0.9982088804244995,
                    -0.6201708316802979,
                    -0.6219619512557983
                ]
            ],
            [
                [
                    -1.8588126330424126,
                    -6.5776419050079165,
                    0.8285741650727978
                ],
                [
                    0.9982089996337891,
                    -0.6201707720756531,
                    -0.6219620108604431
                ]
            ],
            [
                [
                    -0.23189851296076808,
                    6.974672477643612,
                    3.3690799357684433
                ],
                [
                    0.9982089400291443,
                    -0.6201708316802979,
                    -0.6219618320465088
                ]
            ],
            [
                [
                    4.047063456664573,
                    3.2469673453760977,
                    -6.443309914894925
                ],
                [
                    1.0000001192092896,
                    1.0,
                    1.0
                ]
            ],
            [
                [
                    -4.047063465350225,
                    -3.246967352344613,
                    6.443309928723307
                ],
                [
                    1.0,
                    1.0,
                    1.0000001192092896
                ]
            ],
            [
                [
                    -4.336887443939907,
                    -3.117296384145579,
                    -6.505606491271177
                ],
                [
                    0.9982089996337891,
                    -0.6201708316802979,
                    -0.6219619512557983
                ]
            ],
            [
                [
                    4.666325601954169,
                    -6.791019991662465,
                    1.7194447203808534
                ],
                [
                    0.9982088804244995,
                    -0.6201708316802979,
                    -0.6219619512557983
                ]
            ],
            [
                [
                    -2.478074897909108,
                    3.4603454510527407,
                    -7.334180517813211
                ],
                [
                    1.0,
                    0.9999999403953552,
                    1.0
                ]
            ],
            [
                [
                    2.478074738626174,
                    -3.4603454638867186,
                    7.3341805334184444
                ],
                [
                    0.9999999403953552,
                    1.0,
                    1.0
                ]
            ]
        ],
        "file_path": "target1_2mpc_0_he_rcd/target1_2mpc_0c5fb57f3e.json",
        "replica": "init_pool",
        "AP_cluster": 9
    },
    "struct_id": "target1_2mpc_0c5fb57f3e",
    "input_ref": null,