{
    "properties": {
        "lattice_vector_a": [
            17.02973,
            0.0,
            0.0
        ],
        "lattice_vector_b": [
            0.0,
            4.946887,
            0.0
        ],
        "lattice_vector_c": [
            -3.568734,
            0.0,
            2.729704
        ],
        "unit_cell_volume": 229.961593096507,
        "cell_vol": 229.961593096507,
        "spg": 3,
        "molecule_harris_info": [
            [
                0,
                0,
                0,
                11.15843391418457,
                4.997644382588407,
                2.0536148836241757,
                false
            ],
            [
                44.29407345596419,
                -174.7768127313629,
                38.91956670261624,
                2.3025633064990347,
                4.997644382588407,
                0.6760801208066813,
                false
            ]
        ],
        "harris_energy": -16713.638590685,
        "rcd": [
            [
                [
                    0.6193502166076862,
                    -3.6344919035581777,
                    2.0353557516988436
                ],
                [
                    0.38181179761886597,
                    -0.722217321395874,
                    -0.6595944166183472
                ]
            ],
            [
                [
                    1.9547924424742182,
                    0.11661188090144181,
                    -4.0438016612114405
                ],
                [
                    1.0,
                    0.9999999403953552,
                    1.0000001192092896
                ]
            ],
            [
                [
                    -1.954792514402214,
                    -0.11661181817523802,
                    4.04380174946645
                ],
                [
                    1.0,
                    0.9999999403953552,
                    0.9999999403953552
                ]
            ],
            [
                [
                    2.574142708445449,
                    -3.5178799240398644,
                    -2.0084460980540695
                ],
                [
                    0.38181179761886597,
                    -0.7222173810005188,
                    -0.6595942974090576
                ]
            ],
            [
                [
                    -4.111888450019637,
                    -1.8436131060900083,
                    -2.0408706703239194
                ],
                [
                    1.0,
                    1.0,
                    1.0
                ]
            ],
            [
                [
                    4.111888475318607,
                    1.843613117433096,
                    2.040870682880662
                ],
                [
                    1.0,
                    0.9999998807907104,
                    1.0
                ]
            ],
            [
                [
                    -3.492538233411951,
                    -5.478105009648186,
                    -0.005514918625075804
                ],
                [
                    0.38181179761886597,
                    -0.722217321395874,
                    -0.6595944166183472
                ]
            ],
            [
                [
                    4.731238691926293,
                    -1.7908787861250817,
                    4.076226434579506
                ],
                [
                    0.38181179761886597,
                    -0.722217321395874,
                    -0.6595944166183472
                ]
            ],
            [
                [
                    -2.1570960075454186,
                    -1.7270012251885665,
                    -6.08467233153536
                ],
                [
                    1.0,
                    0.9999998807907104,
                    0.9999999403953552
                ]
            ],
            [
                [
                    6.066680917792826,
                    1.960224998334538,
                    -2.0029309783307783
                ],
                [
                    1.0,
                    0.9999999403953552,
                    1.0000001192092896
                ]
            ],
            [
                [
                    -6.066680964421851,
                    -1.9602249242652463,
                    2.002931079142531
                ],
                [
                    1.0,
                    1.0,
                    1.0000001192092896
                ]
            ],
            [
                [
                    2.1570959609163936,
                    1.727001299257858,
                    6.084672432347112
                ],
                [
                    1.0,
                    0.9999999403953552,
                    0.9999999403953552
                ]
            ],
            [
                [
                    -2.982445096081749,
                    5.961485124229329,
                    0.6236603237721985
                ],
                [
                    0.3818117082118988,
                    -0.7222172021865845,
                    -0.6595943570137024
                ]
            ],
            [
                [
                    -1.537745741574188,
                    -5.361493030129873,
                    -4.04931676837799
                ],
                [
                    0.38181179761886597,
                    -0.7222173810005188,
                    -0.6595942378044128
                ]
            ],
            [
                [
                    6.686031183764056,
                    -1.6742668066067683,
                    0.032424584826592606
                ],
                [
                    0.38181179761886597,
                    -0.7222173810005188,
                    -0.6595942974090576
                ]
            ],
            [
                [
                    -1.0276525721030816,
                    6.078097005996594,
                    -3.4201415024342494
                ],
                [
                    0.3818117678165436,
                    -0.722217321395874,
                    -0.6595943570137024
                ]
            ]
        ],
        "file_path": "target1_2mpc_0_he_rcd/target1_2mpc_37bdaf9288.json",
        "replica": "init_pool",
        "AP_cluster": 9
    },
    "struct_id": "target1_2mpc_37bdaf9288",
    "input_ref": null,