{
    "properties": {
        "lattice_vector_a": [
            18.278582,
            0.0,
            0.0
        ],
        "lattice_vector_b": [
            0.0,
            2.791688,
            0.0
        ],
        "lattice_vector_c": [
            5.12936,
            0.0,
            4.150951
        ],
        "unit_cell_volume": 211.8151345308495,
        "cell_vol": 211.8151345308495,
        "spg": 4,
        "molecule_harris_info": [
            [
                -5.724068202137903,
                -45.86403282573014,
                139.57415876003097,
                4.084386249806018,
                0.940415398237553,
                0.5112985200942197,
                false
            ],
            [
                -174.27591055983422,
                -134.13578057467765,
                -40.426052557911376,
                19.323556920315358,
                2.3362597639256335,
                3.639643104588415,
                false
            ]
        ],
        "harris_energy": -16698.240260983,
        "rcd": [
            [
                [
                    0.8243844088387636,
                    1.7229506858907042,
                    2.0360139076327224
                ],
                [
                    0.9999998807907104,
                    1.0000001192092896,
                    1.0
                ]
            ],
            [
                [
                    -0.8243844186692372,
                    -1.7229507064362422,
                    -2.0360139319114214
                ],
                [
                    0.9999998807907104,
                    1.0000001192092896,
                    1.0
                ]
            ],
            [
                [
                    0.36555887261654263,
                    -2.45854222339568,
                    3.846411275024738
                ],
                [
                    -0.8255963921546936,
                    -0.23819798231124878,
                    0.06379452347755432
                ]
            ],
            [
                [
                    -0.458825531306984,
                    -4.181492899013616,
                    1.810397379531365
                ],
                [
                    -0.8255963921546936,
                    -0.23819798231124878,
                    0.06379449367523193
                ]
            ],
            [
                [
                    1.6487688008252868,
                    3.4459013365604862,
                    4.072027773644818
                ],
                [
                    0.9999998807907104,
                    1.0000001192092896,
                    1.0
                ]
            ],
            [
                [
                    -1.6487687937098965,
                    -3.4459013216894303,
                    -4.072027756071664
                ],
                [
                    0.9999998807907104,
                    1.0,
                    1.0
                ]
            ],
            [
                [
                    1.1899432612794296,
                    -0.735591579672247,
                    5.88242513282832
                ],
                [
                    -0.8255963921546936,
                    -0.23819798231124878,
                    0.06379449367523193
                ]
            ],
            [
                [
                    -1.2832099499762215,
                    -5.904443605449858,
                    -0.22561655238005662
                ],
                [
                    -0.8255963325500488,
                    -0.23819801211357117,
                    0.06379452347755432
                ]
            ],
            [
                [
                    6.271629929735111,
                    -1.7641532657452446,
                    -1.0464975847161428
                ],
                [
                    0.9999999403953552,
                    1.0,
                    1.0
                ]
            ],
            [
                [
                    -6.271629923062637,
                    1.764153335878604,
                    1.046497522664981
                ],
                [
                    0.9999998807907104,
                    1.0,
                    1.0
                ]
            ],
            [
                [
                    7.096014338573875,
                    -0.041202579854540344,
                    0.9895163229165793
                ],
                [
                    0.9999999403953552,
                    1.0000001192092896,
                    1.0
                ]
            ],
            [
                [
                    5.447245511065873,
                    -3.4871039721814867,
                    -3.082511516627564
                ],
                [
                    0.9999999403953552,
                    1.0,
                    1.0
                ]
            ],
            [
                [
                    -5.447245514223874,
                    3.487104021769308,
                    3.0825114302977035
                ],
                [
                    0.9999998807907104,
                    1.0,
                    1.0
                ]
            ],
            [
                [
                    -7.096014341731875,
                    0.04120262944236175,
                    -0.9895164092464404
                ],
                [
                    0.9999998807907104,
                    1.0,
                    1.0
                ]
            ],
            [
                [
                    0.5205110513774747,
                    6.321018725454666,
                    -3.6459216352319554
                ],
                [
                    -0.8255963921546936,
                    -0.23819798231124878,
                    0.06379452347755432
                ]
            ],
            [
                [
                    -0.3038733525460522,
                    4.59806804983673,
                    -5.681935530725328
                ],
                [
                    -0.8255963921546936,
                    -0.23819798231124878,
                    0.06379449367523193
                ]
            ]
        ],
        "file_path": "target1_2mpc_0_he_rcd/target1_2mpc_28305f99b3.json",
        "replica": "init_pool",
        "AP_cluster": 7
    },
    "struct_id": "target1_2mpc_28305f99b3",
    "input_ref": null,