{
    "properties": {
        "lattice_vector_a": [
            5.409632,
            0.0,
            0.0
        ],
        "lattice_vector_b": [
            0.0,
            13.035457,
            0.0
        ],
        "lattice_vector_c": [
            -1.690464,
            0.0,
            2.561925
        ],
        "unit_cell_volume": 180.65933009761383,
        "cell_vol": 180.65933009761383,
        "spg": 6,
        "molecule_harris_info": [
            [
                0,
                0,
                0,
                -0.7610316467570498,
                10.210091850859055,
                1.600047419481772,
                false
            ],
            [
                -153.51889131444668,
                -48.98229798017407,
                29.04063165583651,
                -0.7610316467570498,
                2.8253613482130335,
                1.600047419481772,
                false
            ]
        ],
        "harris_energy": -17435.351490167,
        "rcd": [
            [
                [
                    0.7883755288060226,
                    1.1783804618529428,
                    -2.722317463604708
                ],
                [
                    0.9999998807907104,
                    0.9999999403953552,
                    0.9999999403953552
                ]
            ],
            [
                [
                    -0.7883755345919806,
                    -1.1783804252347232,
                    2.7223174524037477
                ],
                [
                    0.9999998807907104,
                    0.9999999403953552,
                    0.9999999403953552
                ]
            ],
            [
                [
                    -1.6340103283964562,
                    4.042825776400253,
                    1.1752610710596683
                ],
                [
                    0.9999998807907104,
                    1.0,
                    1.0
                ]
            ],
            [
                [
                    1.6340103326016662,
                    -4.0428257515964825,
                    -1.1752610983362513
                ],
                [
                    0.9999998807907104,
                    1.0,
                    1.0
                ]
            ],
            [
                [
                    2.4223858785867725,
                    -2.8644453398340084,
                    -3.8975785690713494
                ],
                [
                    0.9999998807907104,
                    1.0,
                    1.0
                ]
            ],
            [
                [
                    -2.4223858603435744,
                    2.864445318261622,
                    3.8975785397183467
                ],
                [
                    0.9999998807907104,
                    0.9999999403953552,
                    1.0
                ]
            ],
            [
                [
                    -0.8456348138599129,
                    5.22120630632119,
                    -1.5470564048493
                ],
                [
                    0.9999998807907104,
                    1.0,
                    0.9999998807907104
                ]
            ],
            [
                [
                    0.8456348181226038,
                    -5.22120622046544,
                    1.5470563353797928
                ],
                [
                    0.9999998807907104,
                    0.9999999403953552,
                    0.9999999403953552
                ]
            ],
            [
                [
                    5.052055003260298,
                    1.435913490249868,
                    2.084609818797441
                ],
                [
                    -0.5986654162406921,
                    0.8708546757698059,
                    -0.7278105616569519
                ]
            ],
            [
                [
                    1.5767510615680178,
                    2.3567609702224788,
                    -5.444634968838125
                ],
                [
                    0.9999998807907104,
                    1.0,
                    0.9999998807907104
                ]
            ],
            [
                [
                    -1.5767510377134095,
                    -2.3567609075339613,
                    5.444634867845549
                ],
                [
                    0.9999998807907104,
                    1.0,
                    1.0
                ]
            ],
            [
                [
                    5.84043053206632,
                    2.614293952102811,
                    -0.6377076448072669
                ],
                [
                    -0.5986654162406921,
                    0.8708547353744507,
                    -0.7278105616569519
                ]
            ],
            [
                [
                    4.263679468668317,
                    0.25753306501514484,
                    4.806927271201189
                ],
                [
                    -0.5986654162406921,
                    0.8708547353744507,
                    -0.7278105616569519
                ]
            ],
            [
                [
                    3.4180446748638413,
                    5.478739266650122,
                    3.2598708898571087
                ],
                [
                    -0.5986653566360474,
                    0.8708547353744507,
                    -0.7278106212615967
                ]
            ],
            [
                [
                    6.686065335861964,
                    -2.6069122613466145,
                    0.9093487204611896
                ],
                [
                    -0.5986654162406921,
                    0.8708547353744507,
                    -0.7278106212615967
                ]
            ],
            [
                [
                    -6.602348692716904,
                    -1.876543614249586,
                    -2.7243014779292927
                ],
                [
                    -0.5986654758453369,
                    0.8708546757698059,
                    -0.7278106212615967
                ]
            ]
        ],
        "file_path": "target1_2mpc_0_he_rcd/target1_2mpc_05c35e2b6f.json",
        "replica": "init_pool",
        "AP_cluster": 9
    },
    "struct_id": "target1_2mpc_05c35e2b6f",
    "input_ref": null,