{
    "properties": {
        "lattice_vector_a": [
            6.938331,
            0.0,
            0.0
        ],
        "lattice_vector_b": [
            0.0,
            17.917328,
            0.0
        ],
        "lattice_vector_c": [
            -2.780386,
            0.0,
            2.863394
        ],
        "unit_cell_volume": 355.96669727646963,
        "cell_vol": 355.96669727646963,
        "spg": 7,
        "molecule_harris_info": [
            [
                0,
                0,
                0,
                1.660254014933363,
                12.62979427423883,
                0.3949123216357003,
                false
            ],
            [
                -153.94699184819643,
                -49.65832161271589,
                32.47170173257779,
                0.2700614273706649,
                5.2875301774511945,
                1.8266092058112646,
                false
            ]
        ],
        "harris_energy": -17499.719480291,
        "rcd": [
            [
                [
                    1.485338698777357,
                    0.7769935869034732,
                    -3.6221015891201542
                ],
                [
                    1.0,
                    0.9999998807907104,
                    1.0
                ]
            ],
            [
                [
                    -1.4853386932994734,
                    -0.7769934409620449,
                    3.622101491616064
                ],
                [
                    1.0,
                    0.9999999403953552,
                    1.0
                ]
            ],
            [
                [
                    -1.807883615578383,
                    4.567111783878316,
                    1.166439795168512
                ],
                [
                    1.0,
                    0.9999998807907104,
                    1.0
                ]
            ],
            [
                [
                    1.807883600139089,
                    -4.567111613863634,
                    -1.1664398622577805
                ],
                [
                    1.0,
                    0.9999998807907104,
                    1.0
                ]
            ],
            [
                [
                    -0.3225448956454085,
                    5.344105350013136,
                    -2.4556618268180634
                ],
                [
                    1.0,
                    0.9999998807907104,
                    1.0
                ]
            ],
            [
                [
                    0.322544918285538,
                    -5.344105204551844,
                    2.455661693025005
                ],
                [
                    1.0,
                    0.9999998807907104,
                    1.0
                ]
            ],
            [
                [
                    3.293222301865627,
                    -3.7901181826001666,
                    -4.788541366127298
                ],
                [
                    1.0,
                    0.9999998807907104,
                    1.0
                ]
            ],
            [
                [
                    -3.293222284409565,
                    3.7901181625102573,
                    4.7885413407451445
                ],
                [
                    1.0,
                    0.9999999403953552,
                    1.0
                ]
            ],
            [
                [
                    -7.191202116321627,
                    -2.1682524655091324,
                    -1.2151243390181161
                ],
                [
                    -0.5427365899085999,
                    0.8824854493141174,
                    -0.6602509617805481
                ]
            ],
            [
                [
                    -5.705863418044427,
                    -1.3912590261462403,
                    -4.837225840300813
                ],
                [
                    -0.5427364706993103,
                    0.8824855089187622,
                    -0.6602510213851929
                ]
            ],
            [
                [
                    2.9706774513652063,
                    1.553987115456307,
                    -7.244203258588863
                ],
                [
                    1.0,
                    0.9999999403953552,
                    1.0
                ]
            ],
            [
                [
                    -2.970677434521035,
                    -1.5539869633245371,
                    7.244203133223472
                ],
                [
                    1.0,
                    0.9999998807907104,
                    1.0
                ]
            ],
            [
                [
                    1.1627938036580887,
                    6.1210988261875094,
                    -6.07776335193731
                ],
                [
                    1.0,
                    0.9999998807907104,
                    1.0
                ]
            ],
            [
                [
                    -1.1627938065480514,
                    -6.121098959414728,
                    6.0777634364492625
                ],
                [
                    1.0,
                    1.0,
                    1.0
                ]
            ],
            [
                [
                    -7.513747048622473,
                    3.1758527740313722,
                    -3.670786022755196
                ],
                [
                    -0.5427365899085999,
                    0.8824855089187622,
                    -0.6602510213851929
                ]
            ],
            [
                [
                    -5.3833185146560805,
                    -6.735364270542087,
                    -2.3815640920980283
                ],
                [
                    -0.5427365899085999,
                    0.8824854493141174,
                    -0.6602510213851929
                ]
            ]
        ],
        "file_path": "target1_2mpc_0_he_rcd/target1_2mpc_ee80efeb5b.json",
        "replica": "init_pool",
        "AP_cluster": 9
    },
    "struct_id": "target1_2mpc_ee80efeb5b",
    "input_ref": null,