{
    "properties": {
        "lattice_vector_a": [
            11.23479,
            0.0,
            0.0
        ],
        "lattice_vector_b": [
            0.0,
            6.910815,
            0.0
        ],
        "lattice_vector_c": [
            -4.525788,
            0.0,
            3.357944
        ],
        "unit_cell_volume": 260.7159946153341,
        "cell_vol": 260.7159946153341,
        "spg": 7,
        "molecule_harris_info": [
            [
                40.30944853511432,
                -145.439761741239,
                60.128364224862956,
                5.370343842404954,
                5.209397857493543,
                0.16802558948860521,
                false
            ],
            [
                -16.63288012995787,
                -100.02767341198651,
                -168.9722241278395,
                3.107449918351275,
                1.70141356367063,
                1.8469975794804223,
                false
            ]
        ],
        "harris_energy": -16772.791903876,
        "rcd": [
            [
                [
                    3.1666784837737145,
                    -0.21657504579390918,
                    -3.0731309839596337
                ],
                [
                    -0.7334910035133362,
                    0.791763424873352,
                    -0.9417276978492737
                ]
            ],
            [
                [
                    3.1693355278326547,
                    2.41258383624658,
                    1.9114511649300554
                ],
                [
                    -0.7334910035133362,
                    0.791763424873352,
                    -0.9417275786399841
                ]
            ],
            [
                [
                    -3.267232572000447,
                    -2.446514171897517,
                    -1.8935018309400853
                ],
                [
                    -0.7334910035133362,
                    0.791763424873352,
                    -0.9417276978492737
                ]
            ],
            [
                [
                    -3.2645755279415067,
                    0.18264471014297223,
                    3.091080317949604
                ],
                [
                    -0.7334910035133362,
                    0.791763424873352,
                    -0.9417275786399841
                ]
            ],
            [
                [
                    0.0026570467492958993,
                    2.6291588668318138,
                    4.98458213481331
                ],
                [
                    1.0,
                    1.0,
                    1.0
                ]
            ],
            [
                [
                    -0.0026570138554267153,
                    -2.6291589266488455,
                    -4.984582068480691
                ],
                [
                    1.0,
                    1.0,
                    1.0
                ]
            ],
            [
                [
                    -6.433911057618957,
                    -2.229939126742998,
                    1.1796291533577836
                ],
                [
                    1.0,
                    1.0,
                    1.0
                ]
            ],
            [
                [
                    6.433911031644247,
                    2.2299391177403836,
                    -1.1796291485954353
                ],
                [
                    1.0000001192092896,
                    1.0,
                    1.0
                ]
            ],
            [
                [
                    2.4447651203887975,
                    -4.464122379266691,
                    4.895335406777591
                ],
                [
                    1.0,
                    1.0,
                    1.0
                ]
            ],
            [
                [
                    -2.444765047346909,
                    4.464122289540965,
                    -4.895335178009003
                ],
                [
                    1.0000001192092896,
                    1.0000001192092896,
                    1.0
                ]
            ],
            [
                [
                    -2.4421080671852704,
                    7.093281298635357,
                    0.08924686255249004
                ],
                [
                    1.0,
                    1.0,
                    1.0000001192092896
                ]
            ],
            [
                [
                    2.4421080436292297,
                    -7.093281133471086,
                    -0.08924667880936266
                ],
                [
                    1.0,
                    0.9999998807907104,
                    1.0
                ]
            ],
            [
                [
                    0.7245704908631694,
                    6.876706154214465,
                    -2.9838839027411344
                ],
                [
                    -0.7334908843040466,
                    0.7917632460594177,
                    -0.9417276382446289
                ]
            ],
            [
                [
                    5.61144361840939,
                    -4.680697480346163,
                    1.8222043960126864
                ],
                [
                    -0.7334910035133362,
                    0.791763424873352,
                    -0.9417275786399841
                ]
            ],
            [
                [
                    -5.709340564910992,
                    4.646767028110857,
                    -1.804254749721586
                ],
                [
                    -0.7334908843040466,
                    0.7917632460594177,
                    -0.9417276382446289
                ]
            ],
            [
                [
                    -0.8224674373647716,
                    -6.910636606449771,
                    3.0018335490322348
                ],
                [
                    -0.7334910035133362,
                    0.791763424873352,
                    -0.9417275786399841
                ]
            ]
        ],
        "file_path": "target1_2mpc_0_he_rcd/target1_2mpc_c77d74ffcf.json",
        "replica": "init_pool",
        "AP_cluster": 9
    },
    "struct_id": "target1_2mpc_c77d74ffcf",
    "input_ref": null,