{
    "properties": {
        "lattice_vector_a": [
            6.594704,
            0.0,
            0.0
        ],
        "lattice_vector_b": [
            0.0,
            10.590099,
            0.0
        ],
        "lattice_vector_c": [
            3.517155,
            0.0,
            3.102005
        ],
        "unit_cell_volume": 216.63958785997022,
        "cell_vol": 216.63958785997022,
        "spg": 6,
        "molecule_harris_info": [
            [
                -21.983585756033612,
                -138.4289421398894,
                -39.254467778806585,
                3.0031619052937693,
                3.191960097627437,
                2.018273741125743,
                false
            ],
            [
                -25.21835335684495,
                -107.50459864703348,
                -111.31158130637056,
                3.0031619052937693,
                7.398135627837892,
                2.018273741125743,
                false
            ]
        ],
        "harris_energy": -16974.570894382,
        "rcd": [
            [
                [
                    2.5667662033775906,
                    1.0017102318151498,
                    3.178081332161081
                ],
                [
                    0.2552202045917511,
                    0.8865668773651123,
                    0.1417873203754425
                ]
            ],
            [
                [
                    3.442338879866015,
                    -1.237360665547754,
                    -2.390185016831845
                ],
                [
                    0.9999999403953552,
                    0.9999997615814209,
                    1.0
                ]
            ],
            [
                [
                    -3.4423389551488963,
                    1.2373606940468866,
                    2.3901850686510615
                ],
                [
                    1.0,
                    0.9999998211860657,
                    1.0
                ]
            ],
            [
                [
                    0.17513217364768674,
                    4.4272084499910775,
                    -1.536871193905907
                ],
                [
                    1.0,
                    0.9999997615814209,
                    0.9999999403953552
                ]
            ],
            [
                [
                    -0.17513223479393192,
                    -4.427208446001552,
                    1.5368712420329829
                ],
                [
                    1.0,
                    0.9999997615814209,
                    1.0
                ]
            ],
            [
                [
                    -0.8755727517713054,
                    2.2390709258620367,
                    5.568266400812142
                ],
                [
                    0.2552202343940735,
                    0.8865668773651123,
                    0.1417873203754425
                ]
            ],
            [
                [
                    6.009105083243606,
                    -0.2356504337326042,
                    0.787896315329236
                ],
                [
                    0.2552202641963959,
                    0.8865669369697571,
                    0.14178737998008728
                ]
            ],
            [
                [
                    3.617470991875319,
                    3.1898477090210084,
                    -3.9270561371831247
                ],
                [
                    1.0,
                    0.9999998211860657,
                    1.0
                ]
            ],
            [
                [
                    -3.617471154306485,
                    -3.1898477320240475,
                    3.9270562756204823
                ],
                [
                    1.0,
                    0.9999998807907104,
                    0.9999998807907104
                ]
            ],
            [
                [
                    2.3916339685836587,
                    -3.425498214186402,
                    4.714952574194064
                ],
                [
                    0.2552202045917511,
                    0.8865668773651123,
                    0.1417873203754425
                ]
            ],
            [
                [
                    2.7418983770252776,
                    5.428918681806228,
                    1.641210138255174
                ],
                [
                    0.2552202045917511,
                    0.8865669369697571,
                    0.1417873203754425
                ]
            ],
            [
                [
                    -3.8957097770894045,
                    -1.520345849480824,
                    -4.823533402377405
                ],
                [
                    0.2552202641963959,
                    0.8865668773651123,
                    0.1417873203754425
                ]
            ],
            [
                [
                    3.267206669463076,
                    -5.6645690518138565,
                    -0.8533138133263725
                ],
                [
                    1.0,
                    0.9999997615814209,
                    1.0
                ]
            ],
            [
                [
                    -3.267206734177452,
                    5.664569164013386,
                    0.8533138302281715
                ],
                [
                    1.0,
                    0.9999998807907104,
                    1.0
                ]
            ],
            [
                [
                    6.18423719525291,
                    4.191557940836158,
                    -0.7489748050220437
                ],
                [
                    0.2552201747894287,
                    0.8865669369697571,
                    0.14178720116615295
                ]
            ],
            [
                [
                    -1.0507049509288944,
                    -2.1881375002088976,
                    7.105137607781563
                ],
                [
                    0.2552201747894287,
                    0.8865669369697571,
                    0.14178720116615295
                ]
            ]
        ],
        "file_path": "target1_2mpc_0_he_rcd/target1_2mpc_f784e63746.json",
        "replica": "init_pool",
        "AP_cluster": 6
    },
    "struct_id": "target1_2mpc_f784e63746",
    "input_ref": null,