{
    "properties": {
        "lattice_vector_a": [
            15.97317,
            0.0,
            0.0
        ],
        "lattice_vector_b": [
            0.0,
            4.877934,
            0.0
        ],
        "lattice_vector_c": [
            -3.234725,
            0.0,
            2.778896
        ],
        "unit_cell_volume": 216.52065256535838,
        "cell_vol": 216.52065256535838,
        "spg": 3,
        "molecule_harris_info": [
            [
                -176.68915523236433,
                -30.439113313555556,
                173.7020262512208,
                4.0825567423029145,
                1.2252167108211112,
                -0.13357985483363588,
                false
            ],
            [
                -3.31081506859944,
                -149.56077890213666,
                -6.297929168730578,
                8.655890058963857,
                1.2252167108211112,
                2.912466898679416,
                false
            ]
        ],
        "harris_energy": -16715.098224713,
        "rcd": [
            [
                [
                    2.2364555294630506,
                    -1.4878295922945513,
                    -3.3121503771976917
                ],
                [
                    0.9999999403953552,
                    1.0000001192092896,
                    0.9999998807907104
                ]
            ],
            [
                [
                    -2.236455517292717,
                    1.4878296148303745,
                    3.3121503397975847
                ],
                [
                    0.9999999403953552,
                    1.0000001192092896,
                    0.9999998807907104
                ]
            ],
            [
                [
                    -4.141713896870775,
                    -1.377541709751087,
                    -2.1778031918866243
                ],
                [
                    0.9999998807907104,
                    1.0,
                    0.9999999403953552
                ]
            ],
            [
                [
                    4.141713920559905,
                    1.3775417176301352,
                    2.177803204342884
                ],
                [
                    0.9999998807907104,
                    1.0,
                    0.9999999403953552
                ]
            ],
            [
                [
                    1.1146529814706012,
                    -5.245542268048696,
                    1.198170143725926
                ],
                [
                    0.4418439269065857,
                    -0.8404975533485413,
                    -0.601346492767334
                ]
            ],
            [
                [
                    -1.4283112484866376,
                    5.307259559407018,
                    -0.6406979873688037
                ],
                [
                    0.4418439269065857,
                    -0.8404975533485413,
                    -0.601346492767334
                ]
            ],
            [
                [
                    0.8081442046316099,
                    3.8194300336783997,
                    -3.9528482614805096
                ],
                [
                    0.4418439269065857,
                    -0.8404974341392517,
                    -0.6013465523719788
                ]
            ],
            [
                [
                    -1.121802509023385,
                    -3.7577126159479945,
                    4.510320408983213
                ],
                [
                    0.4418439269065857,
                    -0.8404975533485413,
                    -0.601346492767334
                ]
            ],
            [
                [
                    -1.9052583674077244,
                    -2.8653713020456384,
                    -5.4899535690843155
                ],
                [
                    0.9999998807907104,
                    1.0,
                    0.9999999403953552
                ]
            ],
            [
                [
                    6.3781694500229555,
                    -0.11028787466441603,
                    -1.1343471728548078
                ],
                [
                    0.9999998807907104,
                    1.0,
                    0.9999999403953552
                ]
            ],
            [
                [
                    -6.378169414163493,
                    0.11028790507928754,
                    1.1343471479109604
                ],
                [
                    0.9999998807907104,
                    1.0,
                    1.0
                ]
            ],
            [
                [
                    1.905258403267188,
                    2.8653713324605095,
                    5.4899535441404685
                ],
                [
                    0.9999998807907104,
                    1.0,
                    1.0
                ]
            ],
            [
                [
                    -3.027060915400174,
                    -6.623083977799783,
                    -0.9796330481606983
                ],
                [
                    0.4418439269065857,
                    -0.8404973745346069,
                    -0.6013465523719788
                ]
            ],
            [
                [
                    5.256366902030506,
                    -3.868000550418561,
                    3.37597334806881
                ],
                [
                    0.4418439269065857,
                    -0.8404973745346069,
                    -0.6013465523719788
                ]
            ],
            [
                [
                    -5.570025145357413,
                    3.9297178496559306,
                    -2.8185011792554278
                ],
                [
                    0.44184404611587524,
                    -0.8404975533485413,
                    -0.6013465523719788
                ]
            ],
            [
                [
                    2.7134026720732676,
                    6.6848012770371525,
                    1.53710521697408
                ],
                [
                    0.44184404611587524,
                    -0.8404975533485413,
                    -0.6013465523719788
                ]
            ]
        ],
        "file_path": "target1_2mpc_0_he_rcd/target1_2mpc_6f29424923.json",
        "replica": "init_pool",
        "AP_cluster": 6
    },
    "struct_id": "target1_2mpc_6f29424923",
    "input_ref": null,