{
    "properties": {
        "lattice_vector_a": [
            3.508568,
            0.0,
            0.0
        ],
        "lattice_vector_b": [
            0.0,
            4.914109,
            0.0
        ],
        "lattice_vector_c": [
            11.400565,
            0.0,
            9.745696
        ],
        "unit_cell_volume": 168.03027710868025,
        "cell_vol": 168.03027710868025,
        "spg": 7,
        "molecule_harris_info": [
            [
                28.568125241694414,
                -19.366959772578085,
                -43.14285118452439,
                7.579496698176607,
                4.237078581718689,
                4.322467818975132,
                false
            ],
            [
                -119.08304105783876,
                -45.85115763637186,
                2.5442487936984994,
                13.279780245841817,
                0.6770267912999112,
                9.195316547844955,
                false
            ]
        ],
        "harris_energy": -16933.189780535,
        "rcd": [
            [
                [
                    -2.231865087657858,
                    0.6633112000354029,
                    2.6246613291608467
                ],
                [
                    0.9999998807907104,
                    1.0,
                    1.0
                ]
            ],
            [
                [
                    2.23186516974114,
                    -0.6633112244305871,
                    -2.624661425690344
                ],
                [
                    0.9999998807907104,
                    1.0,
                    0.9999998807907104
                ]
            ],
            [
                [
                    -3.474789481152109,
                    -2.6086315861242793,
                    -2.2955063781414498
                ],
                [
                    0.9999998807907104,
                    1.0,
                    0.9999999403953552
                ]
            ],
            [
                [
                    3.4747894122153142,
                    2.6086315343713022,
                    2.2955063326006035
                ],
                [
                    0.9999998807907104,
                    1.0,
                    1.0
                ]
            ],
            [
                [
                    0.29040986523705814,
                    4.4953566003924,
                    -2.649461960920562
                ],
                [
                    6.3925981521606445e-06,
                    0.43640655279159546,
                    -0.5635870695114136
                ]
            ],
            [
                [
                    1.6245124754954292,
                    -3.057768370159481,
                    3.914490835700108
                ],
                [
                    6.3925981521606445e-06,
                    0.4364064633846283,
                    -0.5635870695114136
                ]
            ],
            [
                [
                    -1.9414552552944484,
                    5.158667810197864,
                    -0.02480059310048155
                ],
                [
                    6.3925981521606445e-06,
                    0.43640655279159546,
                    -0.5635870695114136
                ]
            ],
            [
                [
                    3.856377607220111,
                    -3.7210795832915613,
                    1.289829454716914
                ],
                [
                    6.3925981521606445e-06,
                    0.4364064633846283,
                    -0.5635870695114136
                ]
            ],
            [
                [
                    -5.706654568809967,
                    -1.9453203860888764,
                    0.32915495101939696
                ],
                [
                    0.9999998807907104,
                    1.0,
                    1.0
                ]
            ],
            [
                [
                    -1.2429243114109694,
                    -3.2719428105548665,
                    -4.920167803831793
                ],
                [
                    0.9999998807907104,
                    1.0,
                    0.9999998807907104
                ]
            ],
            [
                [
                    1.2429243245574564,
                    3.2719427344067054,
                    4.92016766176145
                ],
                [
                    0.9999998807907104,
                    1.0,
                    0.9999999403953552
                ]
            ],
            [
                [
                    5.706654581956454,
                    1.945320309940715,
                    -0.32915509308974045
                ],
                [
                    0.9999998807907104,
                    0.9999999403953552,
                    0.9999999403953552
                ]
            ],
            [
                [
                    -3.1843796809286133,
                    1.8867249654604348,
                    -4.944968382011101
                ],
                [
                    6.4373016357421875e-06,
                    0.43640655279159546,
                    -0.5635870099067688
                ]
            ],
            [
                [
                    -1.8502770706702423,
                    -5.666400005091446,
                    1.6189844146095678
                ],
                [
                    6.489455699920654e-06,
                    0.43640637397766113,
                    -0.5635870099067688
                ]
            ],
            [
                [
                    -5.41624480146012,
                    2.550036175265899,
                    -2.3203070141910214
                ],
                [
                    6.4373016357421875e-06,
                    0.43640655279159546,
                    -0.5635870099067688
                ]
            ],
            [
                [
                    0.3815880610544391,
                    -6.329711218223526,
                    -1.0056769663736258
                ],
                [
                    6.489455699920654e-06,
                    0.4364064037799835,
                    -0.5635870695114136
                ]
            ]
        ],
        "file_path": "target1_2mpc_0_he_rcd/target1_2mpc_0b50b072bf.json",
        "replica": "init_pool",
        "AP_cluster": 9
    },
    "struct_id": "target1_2mpc_0b50b072bf",
    "input_ref": null,