{
    "properties": {
        "lattice_vector_a": [
            5.905044,
            0.0,
            0.0
        ],
        "lattice_vector_b": [
            0.0,
            8.978216,
            0.0
        ],
        "lattice_vector_c": [
            -2.293712,
            0.0,
            3.911067
        ],
        "unit_cell_volume": 207.35210252255703,
        "cell_vol": 207.35210252255703,
        "spg": 7,
        "molecule_harris_info": [
            [
                140.7185885397496,
                -69.88146151023061,
                -108.15348958162245,
                -0.5300907968206608,
                7.104032482238527,
                2.0315733210758324,
                false
            ],
            [
                -173.5024032944893,
                -106.93770151752707,
                -13.712774882902107,
                -1.6769469472322056,
                1.8741799659551457,
                3.987106334457689,
                false
            ]
        ],
        "harris_energy": -16858.564279841,
        "rcd": [
            [
                [
                    3.6279464835312694,
                    2.2969043649948864,
                    -0.867094827687787
                ],
                [
                    -0.02311927080154419,
                    0.8680652379989624,
                    -0.15505385398864746
                ]
            ],
            [
                [
                    1.7339658841906198,
                    -0.3714357122012777,
                    -4.005623271060557
                ],
                [
                    -0.02311927080154419,
                    0.8680652379989624,
                    -0.15505385398864746
                ]
            ],
            [
                [
                    -1.8939805930702898,
                    -2.6683400493008094,
                    -3.138528425449971
                ],
                [
                    1.0,
                    0.9999998807907104,
                    1.0
                ]
            ],
            [
                [
                    1.8939805424687028,
                    2.668340044363136,
                    3.1385283678171145
                ],
                [
                    1.0,
                    1.0,
                    1.0
                ]
            ],
            [
                [
                    -3.5001649522891123,
                    2.9945706456994126,
                    -2.668250059476463
                ],
                [
                    1.0,
                    0.9999999403953552,
                    1.0
                ]
            ],
            [
                [
                    3.500164910828666,
                    -2.994570682865929,
                    2.668249999167151
                ],
                [
                    1.0,
                    1.0,
                    1.0
                ]
            ],
            [
                [
                    -2.7935776715002736,
                    -0.009071535828530652,
                    4.968559707023952
                ],
                [
                    -0.02311912178993225,
                    0.868065357208252,
                    -0.15505385398864746
                ]
            ],
            [
                [
                    -4.687558270840923,
                    -2.6774116130246943,
                    1.8300312636511824
                ],
                [
                    -0.02311912178993225,
                    0.868065357208252,
                    -0.15505385398864746
                ]
            ],
            [
                [
                    1.6061843785359498,
                    -5.662910763106455,
                    -0.4702783716294135
                ],
                [
                    1.0,
                    0.9999999403953552,
                    1.0000001192092896
                ]
            ],
            [
                [
                    -1.606184360253669,
                    5.66291069864877,
                    0.47027836627650293
                ],
                [
                    0.9999999403953552,
                    1.0,
                    1.0
                ]
            ],
            [
                [
                    5.234130855082008,
                    -3.366006373483869,
                    -1.337373197271985
                ],
                [
                    -0.023119300603866577,
                    0.8680654168128967,
                    -0.15505385398864746
                ]
            ],
            [
                [
                    0.1277814852595789,
                    5.2914751228119785,
                    -3.5353448934596186
                ],
                [
                    -0.023119300603866577,
                    0.8680652976036072,
                    -0.15505385398864746
                ]
            ],
            [
                [
                    -1.1873932999495347,
                    -5.671982274307286,
                    4.498281337439755
                ],
                [
                    -0.02311915159225464,
                    0.868065357208252,
                    -0.15505385398864746
                ]
            ],
            [
                [
                    -6.293742669771964,
                    2.985499221988562,
                    2.300309641252121
                ],
                [
                    -0.02311915159225464,
                    0.868065357208252,
                    -0.15505385398864746
                ]
            ],
            [
                [
                    7.128111405389628,
                    -0.6976663590311879,
                    1.8011551673518316
                ],
                [
                    -0.02311927080154419,
                    0.8680652379989624,
                    -0.15505385398864746
                ]
            ],
            [
                [
                    -1.7661990807435144,
                    2.623134990202451,
                    -6.673873322044663
                ],
                [
                    -0.02311927080154419,
                    0.8680652379989624,
                    -0.15505385398864746
                ]
            ]
        ],
        "file_path": "target1_2mpc_0_he_rcd/target1_2mpc_3eb70d6dbf.json",
        "replica": "init_pool",
        "AP_cluster": 6
    },
    "struct_id": "target1_2mpc_3eb70d6dbf",
    "input_ref": null,