{
    "properties": {
        "lattice_vector_a": [
            7.119184,
            0.0,
            0.0
        ],
        "lattice_vector_b": [
            0.0,
            5.816447,
            0.0
        ],
        "lattice_vector_c": [
            -6.807656,
            0.0,
            6.026429
        ],
        "unit_cell_volume": 249.5445199672922,
        "cell_vol": 249.5445199672922,
        "spg": 7,
        "molecule_harris_info": [
            [
                16.30730959066161,
                -154.84697761934763,
                -164.05233144707657,
                -0.5981106641801431,
                3.4393138936225407,
                5.478936116547978,
                false
            ],
            [
                140.68686384726666,
                -155.0089916418084,
                -164.13078072783313,
                2.805717057370125,
                2.3771292399218744,
                2.4657217680694576,
                false
            ]
        ],
        "harris_energy": -16775.120763847,
        "rcd": [
            [
                [
                    2.774546771888043,
                    -3.2285528877255687,
                    -1.9162653022345564
                ],
                [
                    -0.5549890398979187,
                    0.944287896156311,
                    -0.6107012629508972
                ]
            ],
            [
                [
                    -0.901371025732336,
                    3.5831139718068745,
                    2.8535185420223605
                ],
                [
                    -0.5549891591072083,
                    0.9442878365516663,
                    -0.610701322555542
                ]
            ],
            [
                [
                    2.4004284043698787,
                    2.6140418751517167,
                    -3.378800780832072
                ],
                [
                    -0.5549890398979187,
                    0.9442877769470215,
                    -0.6107012629508972
                ]
            ],
            [
                [
                    -0.5272525523436111,
                    -2.2594808221432263,
                    4.316053820783649
                ],
                [
                    -0.5549891591072083,
                    0.9442878365516663,
                    -0.610701322555542
                ]
            ],
            [
                [
                    5.128689165744973,
                    0.9707742433898667,
                    2.5661639975987685
                ],
                [
                    1.0,
                    1.000000238418579,
                    0.9999999403953552
                ]
            ],
            [
                [
                    -5.128689108016388,
                    -0.9707742324628206,
                    -2.566163968713997
                ],
                [
                    0.9999999403953552,
                    1.000000238418579,
                    0.9999998807907104
                ]
            ],
            [
                [
                    -0.374118343277997,
                    5.842594539818717,
                    -1.462535442660876
                ],
                [
                    1.0,
                    1.0000001192092896,
                    0.9999998807907104
                ]
            ],
            [
                [
                    0.3741183587748851,
                    -5.842594715674655,
                    1.462535478215017
                ],
                [
                    1.0,
                    1.000000238418579,
                    0.9999998807907104
                ]
            ],
            [
                [
                    -2.3541423453537367,
                    -4.1993271219346,
                    -4.482429275564521
                ],
                [
                    -0.5549890398979187,
                    0.944287896156311,
                    -0.6107012629508972
                ]
            ],
            [
                [
                    -6.030060142974116,
                    2.612339737597843,
                    0.2873545686923955
                ],
                [
                    -0.5549891591072083,
                    0.9442878365516663,
                    -0.610701322555542
                ]
            ],
            [
                [
                    -2.7282607128719008,
                    1.6432676409426854,
                    -5.9449647541620365
                ],
                [
                    -0.5549890398979187,
                    0.9442877769470215,
                    -0.6107012629508972
                ]
            ],
            [
                [
                    -5.655941669585391,
                    -3.2302550563522576,
                    1.749889847453684
                ],
                [
                    -0.5549891591072083,
                    0.9442878365516663,
                    -0.610701322555542
                ]
            ],
            [
                [
                    3.3017991948343033,
                    -0.9690720276044561,
                    -6.232318878773929
                ],
                [
                    1.0,
                    1.000000238418579,
                    0.9999998807907104
                ]
            ],
            [
                [
                    -3.3017993459296053,
                    0.9690720719506511,
                    6.232319163974225
                ],
                [
                    1.0,
                    1.000000238418579,
                    0.9999998807907104
                ]
            ],
            [
                [
                    7.903235935536336,
                    -2.257778644732568,
                    0.6498986943151286
                ],
                [
                    -0.5549890398979187,
                    0.944287896156311,
                    -0.6107012629508972
                ]
            ],
            [
                [
                    4.227318137915957,
                    4.553888214799875,
                    5.4196825385720455
                ],
                [
                    -0.5549891591072083,
                    0.9442878365516663,
                    -0.610701322555542
                ]
            ]
        ]
    },
    "struct_id": "target1_2mpc_2062034719",
    "input_ref": null,