{
    "properties": {
        "lattice_vector_a": [
            16.833094,
            0.0,
            0.0
        ],
        "lattice_vector_b": [
            0.0,
            3.224636,
            0.0
        ],
        "lattice_vector_c": [
            2.274287,
            0.0,
            4.144956
        ],
        "unit_cell_volume": 224.9907023997449,
        "cell_vol": 224.9907023997449,
        "spg": 3,
        "molecule_harris_info": [
            [
                5.754294794597747,
                -140.30318567547766,
                112.5784600959423,
                13.509459982527062,
                2.2066124125998074,
                2.284554347514789,
                false
            ],
            [
                174.24660958009085,
                -39.697038476133145,
                -67.42253706745406,
                5.597921772206083,
                2.2066124125998074,
                1.8603923375857003,
                false
            ]
        ],
        "harris_energy": -16709.878565688,
        "rcd": [
            [
                [
                    0.5733936207786284,
                    -1.6994818178826583,
                    -2.6797871870119745
                ],
                [
                    0.9999999403953552,
                    1.0,
                    1.0
                ]
            ],
            [
                [
                    -0.5733936149718984,
                    1.6994818006720867,
                    2.679787159873897
                ],
                [
                    0.9999999403953552,
                    1.0,
                    0.9999999403953552
                ]
            ],
            [
                [
                    0.8966623111550724,
                    -3.8310566734450946,
                    2.6214585627336104
                ],
                [
                    0.9999999403953552,
                    1.0,
                    1.0
                ]
            ],
            [
                [
                    -0.8966623991131171,
                    3.83105659492153,
                    -2.621458531755485
                ],
                [
                    1.0,
                    1.0,
                    0.9999999403953552
                ]
            ],
            [
                [
                    0.3232686961831739,
                    -2.131574872773008,
                    5.301245722607508
                ],
                [
                    0.9999999403953552,
                    1.0,
                    0.9999999403953552
                ]
            ],
            [
                [
                    1.4700559319337008,
                    -5.530538491327753,
                    -0.05832862427836405
                ],
                [
                    0.9999999403953552,
                    1.0,
                    1.0
                ]
            ],
            [
                [
                    -1.4700560140850154,
                    5.5305383955936165,
                    0.058328628118411885
                ],
                [
                    1.0,
                    0.9999998807907104,
                    1.0
                ]
            ],
            [
                [
                    -0.3232687783344885,
                    2.1315747770388715,
                    -5.3012457187674595
                ],
                [
                    1.0,
                    1.0,
                    0.9999999403953552
                ]
            ],
            [
                [
                    -1.146787239414968,
                    3.398963629415785,
                    5.359574364011842
                ],
                [
                    0.9999999403953552,
                    1.0,
                    1.0
                ]
            ],
            [
                [
                    1.1467872355813986,
                    -3.3989636180534655,
                    -5.359574346095441
                ],
                [
                    0.9999999403953552,
                    1.0,
                    1.0
                ]
            ],
            [
                [
                    -6.604907320133471,
                    -1.27883683051382,
                    -0.6022312600518276
                ],
                [
                    -0.9367626309394836,
                    -0.44447755813598633,
                    0.3812400698661804
                ]
            ],
            [
                [
                    -7.178300935105369,
                    0.42064497015826663,
                    2.0775558998220696
                ],
                [
                    -0.9367626309394836,
                    -0.44447755813598633,
                    0.3812400698661804
                ]
            ],
            [
                [
                    -6.031513699354843,
                    -2.978318648396478,
                    -3.282018447063802
                ],
                [
                    -0.9367626309394836,
                    -0.44447746872901917,
                    0.38124004006385803
                ]
            ],
            [
                [
                    -5.7082449338191585,
                    -5.1098934135214,
                    2.0192272614094473
                ],
                [
                    -0.9367625713348389,
                    -0.4444775879383087,
                    0.3812401294708252
                ]
            ],
            [
                [
                    -0.25012492825989563,
                    -0.4320930440293096,
                    7.981032926745453
                ],
                [
                    0.9999999403953552,
                    1.0,
                    1.0
                ]
            ],
            [
                [
                    2.043449546736471,
                    -7.23002029149856,
                    -2.73811578336183
                ],
                [
                    0.9999999403953552,
                    1.0,
                    1.0
                ]
            ]
        ]
    },
    "struct_id": "target1_2mpc_e32125a1c9",
    "input_ref": null,