{
    "properties": {
        "lattice_vector_a": [
            10.159426,
            0.0,
            0.0
        ],
        "lattice_vector_b": [
            0.0,
            3.57722,
            0.0
        ],
        "lattice_vector_c": [
            7.39212,
            0.0,
            5.734916
        ],
        "unit_cell_volume": 208.4211954870966,
        "cell_vol": 208.4211954870966,
        "spg": 3,
        "molecule_harris_info": [
            [
                -141.9543729590301,
                -76.67793183878634,
                133.72527594510808,
                15.267294082235782,
                1.5846685737054398,
                5.106472421001564,
                false
            ],
            [
                -38.04568617628177,
                -103.32225796742405,
                -46.2747432135746,
                2.284253335221017,
                1.5846685737054398,
                0.6284342082811797,
                false
            ]
        ],
        "harris_energy": -16708.71293785,
        "rcd": [
            [
                [
                    1.2220794343841908,
                    -0.2207721170491473,
                    3.3547405853374284
                ],
                [
                    1.0,
                    1.0,
                    1.0000001192092896
                ]
            ],
            [
                [
                    -1.2220794160794854,
                    0.22077211374235037,
                    -3.3547405350890274
                ],
                [
                    0.9999999403953552,
                    1.0,
                    1.0
                ]
            ],
            [
                [
                    -1.1477871169212346,
                    -4.595670037680155,
                    0.11568437492247396
                ],
                [
                    -0.7665804028511047,
                    -0.9923823475837708,
                    0.7589626312255859
                ]
            ],
            [
                [
                    4.187825170483097,
                    2.952192971607749,
                    -1.3312782430712249
                ],
                [
                    -0.7665804028511047,
                    -0.992382287979126,
                    0.7589625716209412
                ]
            ],
            [
                [
                    -1.2221396418164738,
                    5.539745296831083,
                    0.8097714985134032
                ],
                [
                    -0.7665804028511047,
                    -0.992382287979126,
                    0.7589626312255859
                ]
            ],
            [
                [
                    -2.36986653300072,
                    -4.374897923937805,
                    -3.2390561601665535
                ],
                [
                    -0.7665804028511047,
                    -0.9923823475837708,
                    0.7589625120162964
                ]
            ],
            [
                [
                    0.07429231746295617,
                    -4.816442154729303,
                    3.470424960259902
                ],
                [
                    -0.76658034324646,
                    -0.9923823475837708,
                    0.7589625120162964
                ]
            ],
            [
                [
                    -5.409964851292537,
                    2.5875521966307558,
                    2.141049747326605
                ],
                [
                    1.0000001192092896,
                    1.0,
                    1.0
                ]
            ],
            [
                [
                    5.409964873952363,
                    -2.587552360415571,
                    -2.1410497663597416
                ],
                [
                    1.0000001192092896,
                    1.0,
                    1.0
                ]
            ],
            [
                [
                    2.9657457544036117,
                    3.1729650853501,
                    -4.6860187781602525
                ],
                [
                    -0.76658034324646,
                    -0.992382287979126,
                    0.7589625120162964
                ]
            ],
            [
                [
                    5.409904604867288,
                    2.7314208545586016,
                    2.0234623422662033
                ],
                [
                    -0.76658034324646,
                    -0.992382287979126,
                    0.7589625120162964
                ]
            ],
            [
                [
                    -6.020743228307701e-05,
                    5.318973179781936,
                    4.164512083850831
                ],
                [
                    -0.76658034324646,
                    -0.992382287979126,
                    0.7589625120162964
                ]
            ],
            [
                [
                    -2.4442190578959595,
                    5.760517410573433,
                    -2.5449690365756243
                ],
                [
                    -0.7665804028511047,
                    -0.992382287979126,
                    0.7589625120162964
                ]
            ],
            [
                [
                    -2.4441588604825237,
                    0.4415442326014309,
                    -6.709481147929279
                ],
                [
                    1.0,
                    1.0,
                    1.0
                ]
            ],
            [
                [
                    2.444158781089927,
                    -0.4415442182589329,
                    6.709480929987989
                ],
                [
                    1.0,
                    1.0,
                    1.0
                ]
            ],
            [
                [
                    -6.557752035345136,
                    -2.0081177090654423,
                    2.2567341553897173
                ],
                [
                    -0.7665804028511047,
                    -0.9923823475837708,
                    0.7589626312255859
                ]
            ]
        ]
    },
    "struct_id": "target1_2mpc_bd6ddb94d6",
    "input_ref": null,