{
    "properties": {
        "lattice_vector_a": [
            12.308742,
            0.0,
            0.0
        ],
        "lattice_vector_b": [
            0.0,
            3.863921,
            0.0
        ],
        "lattice_vector_c": [
            0.956718,
            0.0,
            5.142519
        ],
        "unit_cell_volume": 244.5782380814142,
        "cell_vol": 244.5782380814142,
        "spg": 3,
        "molecule_harris_info": [
            [
                -179.2321502746016,
                -128.86075335551448,
                -38.97813325876638,
                10.015124635493502,
                1.4594985742835287,
                2.3836164279107717,
                false
            ],
            [
                -0.7682782425046549,
                -51.13917929866059,
                141.0222178599218,
                3.250336416224216,
                1.4594985742835287,
                2.75889409202686,
                false
            ]
        ],
        "harris_energy": -16714.028587291,
        "rcd": [
            [
                [
                    -1.4572178250355865,
                    -2.1313645652885227,
                    -2.8746629022223673
                ],
                [
                    1.0,
                    0.9999998211860657,
                    0.9999998807907104
                ]
            ],
            [
                [
                    1.4572178108068792,
                    2.1313645444772464,
                    2.8746628741533056
                ],
                [
                    1.0,
                    0.9999998211860657,
                    0.9999998807907104
                ]
            ],
            [
                [
                    -4.2697882365362725,
                    -0.9495547939816078,
                    2.86846114974606
                ],
                [
                    1.0,
                    0.9999998807907104,
                    1.0
                ]
            ],
            [
                [
                    4.2697882535993195,
                    0.9495547233589909,
                    -2.8684611060338225
                ],
                [
                    1.0,
                    0.9999998807907104,
                    1.0
                ]
            ],
            [
                [
                    3.483675150627933,
                    -4.130324031526451,
                    1.2964133737533639
                ],
                [
                    -0.7155391573905945,
                    -0.3914602994918823,
                    0.1069994866847992
                ]
            ],
            [
                [
                    -2.812570425729393,
                    1.1818097504956389,
                    5.743124023899366
                ],
                [
                    1.0,
                    1.0,
                    1.0
                ]
            ],
            [
                [
                    -5.727006061571858,
                    -3.0809193592701307,
                    -0.006201752476307387
                ],
                [
                    1.0,
                    1.0,
                    1.0
                ]
            ],
            [
                [
                    5.727006064406199,
                    3.0809192678362374,
                    0.006201768119483031
                ],
                [
                    1.0,
                    0.9999998807907104,
                    1.0
                ]
            ],
            [
                [
                    2.8125704285637325,
                    -1.1818098419295318,
                    -5.74312400825619
                ],
                [
                    1.0,
                    0.9999998807907104,
                    1.0
                ]
            ],
            [
                [
                    -0.7861127987182153,
                    -5.079879264750402,
                    4.164874703585534
                ],
                [
                    -0.7155392169952393,
                    -0.3914601504802704,
                    0.10699957609176636
                ]
            ],
            [
                [
                    2.0264573255923466,
                    -6.261688596814973,
                    -1.5782495284690035
                ],
                [
                    -0.7155391573905945,
                    -0.39146023988723755,
                    0.1069994866847992
                ]
            ],
            [
                [
                    4.940892961434812,
                    -1.9989594870492045,
                    4.17107624790667
                ],
                [
                    -0.7155391573905945,
                    -0.39146023988723755,
                    0.1069994866847992
                ]
            ],
            [
                [
                    -3.6488432970514437,
                    5.312629289990789,
                    -2.089284501693778
                ],
                [
                    -0.7155392169952393,
                    -0.3914601802825928,
                    0.10699951648712158
                ]
            ],
            [
                [
                    0.6711050120886641,
                    -2.9485147202731556,
                    7.039537577738839
                ],
                [
                    -0.7155392169952393,
                    -0.3914600908756256,
                    0.1069994866847992
                ]
            ],
            [
                [
                    -2.2433306237538018,
                    -7.211243830038924,
                    1.2902118013631665
                ],
                [
                    -0.7155392169952393,
                    -0.3914600908756256,
                    0.1069994866847992
                ]
            ],
            [
                [
                    -2.914435623347509,
                    -4.262729091490321,
                    -5.749325751726792
                ],
                [
                    1.0,
                    0.9999998807907104,
                    1.0
                ]
            ]
        ]
    },
    "struct_id": "target1_2mpc_3822edb1bd",
    "input_ref": null,