{
    "properties": {
        "lattice_vector_a": [
            7.757544,
            0.0,
            0.0
        ],
        "lattice_vector_b": [
            0.0,
            6.222189,
            0.0
        ],
        "lattice_vector_c": [
            2.428323,
            0.0,
            4.715186
        ],
        "unit_cell_volume": 227.59686482641203,
        "cell_vol": 227.59686482641203,
        "spg": 4,
        "molecule_harris_info": [
            [
                169.2760512199172,
                -161.8686175509102,
                77.45790033081461,
                5.776635076137299,
                -0.08694501506521347,
                1.1619076644407307,
                false
            ],
            [
                10.723120747513923,
                -18.131532923438616,
                -102.54121548450811,
                4.409233099602638,
                3.024149284717885,
                3.5532696536801596,
                false
            ]
        ],
        "harris_energy": -16715.710894472,
        "rcd": [
            [
                [
                    -1.0003160774641326,
                    3.989481793789258,
                    0.5922087425074749
                ],
                [
                    -0.4804055988788605,
                    -0.3853813111782074,
                    -0.13421303033828735
                ]
            ],
            [
                [
                    2.1711545080177785,
                    0.5401814480574427,
                    -3.5016567805178114
                ],
                [
                    -0.4804057478904724,
                    -0.3853813707828522,
                    -0.13421282172203064
                ]
            ],
            [
                [
                    3.095027732941473,
                    -1.7989172005760152,
                    3.913365593408986
                ],
                [
                    1.0,
                    1.0,
                    1.0
                ]
            ],
            [
                [
                    -3.09502770501815,
                    1.7989172160875484,
                    -3.9133655848464066
                ],
                [
                    1.0,
                    1.0000001192092896,
                    1.0
                ]
            ],
            [
                [
                    2.0947116958357714,
                    2.1905646562754724,
                    4.5055743140483795
                ],
                [
                    -0.4804055988788605,
                    -0.3853813111782074,
                    -0.13421303033828735
                ]
            ],
            [
                [
                    5.266182281317683,
                    -1.2587356894563426,
                    0.411708791023093
                ],
                [
                    -0.4804057478904724,
                    -0.3853813707828522,
                    -0.13421282172203064
                ]
            ],
            [
                [
                    -4.337980374143922,
                    -1.8464426213097485,
                    2.9236363648189867
                ],
                [
                    -0.4804057478904724,
                    -0.385381281375885,
                    -0.13421303033828735
                ]
            ],
            [
                [
                    -1.1665097886620113,
                    -5.295742967041564,
                    -1.1702291582062994
                ],
                [
                    -0.4804058372974396,
                    -0.3853813409805298,
                    -0.13421279191970825
                ]
            ],
            [
                [
                    3.1714705025814216,
                    -3.449300255569009,
                    -4.0938654160139025
                ],
                [
                    1.0,
                    1.0000001192092896,
                    1.0
                ]
            ],
            [
                [
                    -3.171470555747622,
                    3.4493003133927185,
                    4.093865484643035
                ],
                [
                    1.0,
                    1.0,
                    1.0
                ]
            ],
            [
                [
                    -3.337664389881144,
                    -5.835924511324221,
                    2.3314276311843773
                ],
                [
                    1.0,
                    1.0000001192092896,
                    1.0
                ]
            ],
            [
                [
                    3.3376643589148425,
                    5.835924489878001,
                    -2.331427637104029
                ],
                [
                    1.0,
                    1.0,
                    1.0
                ]
            ],
            [
                [
                    -7.433008012050269,
                    -0.04752539882612927,
                    -0.9897291734257168
                ],
                [
                    -0.4804057478904724,
                    -0.385381281375885,
                    -0.13421303033828735
                ]
            ],
            [
                [
                    -4.261537426568358,
                    -3.4968257445579445,
                    -5.083594696451003
                ],
                [
                    -0.4804058372974396,
                    -0.3853813409805298,
                    -0.13421279191970825
                ]
            ],
            [
                [
                    6.432692140732687,
                    4.037007321988147,
                    1.581937966629082
                ],
                [
                    1.0,
                    1.000000238418579,
                    1.0
                ]
            ],
            [
                [
                    -6.432691984011357,
                    -4.037007223633501,
                    -1.581937928087921
                ],
                [
                    1.0,
                    1.0000001192092896,
                    1.0
                ]
            ]
        ]
    },
    "struct_id": "target1_2mpc_8263a07892",
    "input_ref": null,