{
    "properties": {
        "lattice_vector_a": [
            13.389227,
            0.0,
            0.0
        ],
        "lattice_vector_b": [
            0.0,
            3.982959,
            0.0
        ],
        "lattice_vector_c": [
            -2.880422,
            0.0,
            2.931668
        ],
        "unit_cell_volume": 156.3421669372513,
        "cell_vol": 156.3421669372513,
        "spg": 4,
        "molecule_harris_info": [
            [
                115.87253802163026,
                -14.294951916930247,
                -156.20923297890283,
                9.061321502036236,
                0.8816379395888206,
                0.9241564879788363,
                false
            ],
            [
                64.12640921085048,
                -165.7047935166195,
                23.789670224450717,
                1.4474854785948992,
                2.873117563572336,
                2.007502585372075,
                false
            ]
        ],
        "harris_energy": -16714.980751552,
        "rcd": [
            [
                [
                    1.4595721246962485,
                    2.827351009591341,
                    2.3957663815224794
                ],
                [
                    0.9999999403953552,
                    1.0,
                    1.0
                ]
            ],
            [
                [
                    -1.4595721032024238,
                    -2.8273509679554487,
                    -2.395766346242152
                ],
                [
                    0.9999999403953552,
                    0.9999998807907104,
                    1.0
                ]
            ],
            [
                [
                    2.754276256595232,
                    1.0155475754261838,
                    -2.8764794589475136
                ],
                [
                    1.0,
                    0.9999999403953552,
                    1.0000001192092896
                ]
            ],
            [
                [
                    -2.754276304541671,
                    -1.0155476388352986,
                    2.8764795629898177
                ],
                [
                    0.9999999403953552,
                    0.9999999403953552,
                    1.0
                ]
            ],
            [
                [
                    1.8597186000672943,
                    -4.838027910231283,
                    1.2657446555926644
                ],
                [
                    -0.7314226627349854,
                    0.007808268070220947,
                    -0.2763856053352356
                ]
            ],
            [
                [
                    3.3192907077427574,
                    -2.010676933611067,
                    3.6615110091769383
                ],
                [
                    -0.7314226627349854,
                    0.007808268070220947,
                    -0.2763856053352356
                ]
            ],
            [
                [
                    -5.0848080792776775,
                    1.1737915827877943,
                    -1.5982595445885317
                ],
                [
                    -0.7314226627349854,
                    0.007808178663253784,
                    -0.27638542652130127
                ]
            ],
            [
                [
                    -3.625235971602214,
                    4.0011425594080094,
                    0.7975068089957422
                ],
                [
                    -0.7314226627349854,
                    0.007808178663253784,
                    -0.27638542652130127
                ]
            ],
            [
                [
                    -2.330531765091442,
                    2.189339133704607,
                    -4.474739009697591
                ],
                [
                    -0.7314226627349854,
                    0.007808208465576172,
                    -0.27638542652130127
                ]
            ],
            [
                [
                    -0.870959657415979,
                    5.016690110324822,
                    -2.078972656113317
                ],
                [
                    -0.7314226627349854,
                    0.007808208465576172,
                    -0.27638542652130127
                ]
            ],
            [
                [
                    1.2947041533928085,
                    -1.8118033925292651,
                    -5.272245805189666
                ],
                [
                    1.0,
                    0.9999999403953552,
                    1.0
                ]
            ],
            [
                [
                    4.2138483812914815,
                    3.842898585017524,
                    -0.4807130774250341
                ],
                [
                    1.0,
                    1.0,
                    1.0
                ]
            ],
            [
                [
                    -4.213848407744095,
                    -3.8428986067907474,
                    0.48071321674766576
                ],
                [
                    0.9999999403953552,
                    1.0,
                    1.0
                ]
            ],
            [
                [
                    -1.2947041798454222,
                    1.8118033707560424,
                    5.2722459445122976
                ],
                [
                    0.9999999403953552,
                    1.0,
                    1.0
                ]
            ],
            [
                [
                    4.613995016410183,
                    -3.8224803432212546,
                    -1.61073489074557
                ],
                [
                    -0.7314227223396301,
                    0.007808178663253784,
                    -0.2763853669166565
                ]
            ],
            [
                [
                    6.0735671240856455,
                    -0.9951293666010392,
                    0.7850314628387037
                ],
                [
                    -0.7314227223396301,
                    0.007808178663253784,
                    -0.2763853669166565
                ]
            ]
        ]
    },
    "struct_id": "target1_2mpc_98b8c20123",
    "input_ref": null,