{
    "properties": {
        "lattice_vector_a": [
            12.062572,
            0.0,
            0.0
        ],
        "lattice_vector_b": [
            0.0,
            6.048129,
            0.0
        ],
        "lattice_vector_c": [
            -1.575997,
            0.0,
            3.72693
        ],
        "unit_cell_volume": 271.9018735046588,
        "cell_vol": 271.9018735046588,
        "spg": 3,
        "molecule_harris_info": [
            [
                0,
                0,
                0,
                8.797555416188342,
                3.448543915089141,
                1.6797580675796624,
                false
            ],
            [
                57.789835588193974,
                -174.36342285129328,
                54.20649830744967,
                1.6890205545152757,
                3.448543915089141,
                2.047162718833127,
                false
            ]
        ],
        "harris_energy": -16716.008364302,
        "rcd": [
            [
                [
                    0.6987684143320082,
                    1.9500440443368041,
                    -3.476035806887006
                ],
                [
                    0.9999998807907104,
                    1.0,
                    1.0
                ]
            ],
            [
                [
                    -0.6987682025919236,
                    -1.9500442462883625,
                    3.476035532283441
                ],
                [
                    0.9999998807907104,
                    1.0,
                    1.0000001192092896
                ]
            ],
            [
                [
                    2.64043130577217,
                    -2.9656090469557737,
                    -2.985088677085003
                ],
                [
                    0.43494677543640137,
                    -0.7225608229637146,
                    -0.7123860120773315
                ]
            ],
            [
                [
                    1.9416631528857633,
                    -4.915653316831344,
                    0.4909467673405259
                ],
                [
                    0.4349465072154999,
                    -0.7225607633590698,
                    -0.7123857736587524
                ]
            ],
            [
                [
                    5.122995633798331,
                    2.2526301148160823,
                    2.2935652225059298
                ],
                [
                    0.9999998807907104,
                    1.0,
                    1.0000001192092896
                ]
            ],
            [
                [
                    -5.122995670321134,
                    -2.252630130875508,
                    -2.2935652388571897
                ],
                [
                    0.9999998807907104,
                    1.0,
                    1.0000001192092896
                ]
            ],
            [
                [
                    -3.0571137894367095,
                    5.531973387823626,
                    1.395246219155275
                ],
                [
                    0.43494653701782227,
                    -0.7225608229637146,
                    -0.712385892868042
                ]
            ],
            [
                [
                    -3.755882043833762,
                    3.5819292024159672,
                    4.871281807358513
                ],
                [
                    0.43494653701782227,
                    -0.7225608229637146,
                    -0.7123858332633972
                ]
            ],
            [
                [
                    5.821764048130339,
                    4.2026741591528864,
                    -1.1824705843810763
                ],
                [
                    0.9999998807907104,
                    1.0,
                    1.0000001192092896
                ]
            ],
            [
                [
                    4.424227431206408,
                    0.3025858685277196,
                    5.769600754789371
                ],
                [
                    0.9999998807907104,
                    1.0,
                    1.0
                ]
            ],
            [
                [
                    -4.424227255989126,
                    -0.302586086538704,
                    -5.769601045744196
                ],
                [
                    0.9999998807907104,
                    1.0,
                    1.0
                ]
            ],
            [
                [
                    -5.821763872913057,
                    -4.202674377163871,
                    1.1824702934262512
                ],
                [
                    0.9999998807907104,
                    1.0,
                    1.0000001192092896
                ]
            ],
            [
                [
                    3.339199699748503,
                    -1.015565004427399,
                    -6.461124436728644
                ],
                [
                    0.4349465072154999,
                    -0.7225606441497803,
                    -0.7123857736587524
                ]
            ],
            [
                [
                    7.763426939570501,
                    -0.7129789321396914,
                    -0.6915234545790732
                ],
                [
                    0.434946745634079,
                    -0.7225608229637146,
                    -0.7123860120773315
                ]
            ],
            [
                [
                    -2.4825643645489643,
                    -5.218239177831282,
                    -5.278653915942193
                ],
                [
                    0.43494677543640137,
                    -0.7225608229637146,
                    -0.7123860120773315
                ]
            ],
            [
                [
                    1.2428948674769362,
                    -6.865697384702399,
                    3.9669823093740124
                ],
                [
                    0.4349465072154999,
                    -0.7225607633590698,
                    -0.7123857736587524
                ]
            ]
        ]
    },
    "struct_id": "target1_2mpc_a3bc77c86d",
    "input_ref": null,