{
    "properties": {
        "lattice_vector_a": [
            6.23822,
            0.0,
            0.0
        ],
        "lattice_vector_b": [
            0.0,
            13.552625,
            0.0
        ],
        "lattice_vector_c": [
            2.124183,
            0.0,
            3.766928
        ],
        "unit_cell_volume": 318.472126399237,
        "cell_vol": 318.472126399237,
        "spg": 6,
        "molecule_harris_info": [
            [
                120.5793910513624,
                -107.74042985865127,
                50.94220559212348,
                2.3622226315609955,
                10.164326242944028,
                1.7519153988662552,
                false
            ],
            [
                -101.61272832089098,
                -62.22580442580571,
                -175.6102489856979,
                2.3622226315609955,
                3.3882949162036815,
                1.7519153988662552,
                false
            ]
        ],
        "harris_energy": -17143.484261892,
        "rcd": [
            [
                [
                    3.1906460193632045,
                    1.604497433279805,
                    2.4387015545172734
                ],
                [
                    0.9999999403953552,
                    0.9999998807907104,
                    1.0
                ]
            ],
            [
                [
                    -3.19064607154165,
                    -1.6044974596971118,
                    -2.438701595659624
                ],
                [
                    0.9999998807907104,
                    1.0,
                    1.0
                ]
            ],
            [
                [
                    -2.158335530369677,
                    -0.12630970689444765,
                    5.142050186198956
                ],
                [
                    0.9999999403953552,
                    0.9999999403953552,
                    1.0000001192092896
                ]
            ],
            [
                [
                    2.1583354843079037,
                    0.12630968245635477,
                    -5.142050230432642
                ],
                [
                    0.9999999403953552,
                    0.9999999403953552,
                    1.0
                ]
            ],
            [
                [
                    5.348981526353603,
                    1.730807132609257,
                    -2.7033486198659116
                ],
                [
                    0.9999998807907104,
                    1.0,
                    1.0
                ]
            ],
            [
                [
                    -5.348981425224628,
                    -1.7308070998862517,
                    2.7033485687558314
                ],
                [
                    0.9999999403953552,
                    0.9999998807907104,
                    1.0
                ]
            ],
            [
                [
                    2.467868345112811,
                    -6.248651484361072,
                    0.8823758827760374
                ],
                [
                    0.7347087860107422,
                    -0.7007941007614136,
                    -0.9660854339599609
                ]
            ],
            [
                [
                    -2.468073129617153,
                    6.249169999459158,
                    -0.8824491026089168
                ],
                [
                    0.7347084283828735,
                    -0.7007937431335449,
                    -0.9660854935646057
                ]
            ],
            [
                [
                    1.0323105590023596,
                    1.478187765794564,
                    7.580751823993461
                ],
                [
                    1.0,
                    0.9999998807907104,
                    1.0
                ]
            ],
            [
                [
                    -1.0323105220772892,
                    -1.4781877461425714,
                    -7.580751788099185
                ],
                [
                    0.9999999403953552,
                    0.9999999403953552,
                    1.0000001192092896
                ]
            ],
            [
                [
                    5.658514364476015,
                    -4.6441540510812676,
                    3.3210774372933107
                ],
                [
                    0.7347087860107422,
                    -0.7007942199707031,
                    -0.9660855531692505
                ]
            ],
            [
                [
                    -0.7227777264288389,
                    -7.853148944058184,
                    -1.5563257128835866
                ],
                [
                    0.7347087860107422,
                    -0.7007941007614136,
                    -0.9660854339599609
                ]
            ],
            [
                [
                    0.7225728897460513,
                    7.853667432738963,
                    1.5562524519083567
                ],
                [
                    0.7347084283828735,
                    -0.7007937431335449,
                    -0.9660854935646057
                ]
            ],
            [
                [
                    -5.658719201158803,
                    4.6446725397620465,
                    -3.3211506982685406
                ],
                [
                    0.7347084879875183,
                    -0.7007937431335449,
                    -0.9660854935646057
                ]
            ],
            [
                [
                    6.381292067413725,
                    3.2089948925981258,
                    4.877403213195468
                ],
                [
                    0.9999999403953552,
                    0.9999998807907104,
                    1.0
                ]
            ],
            [
                [
                    -6.381291997866404,
                    -3.2089948623903255,
                    -4.8774031937883136
                ],
                [
                    0.9999999403953552,
                    0.9999999403953552,
                    1.0000001192092896
                ]
            ]
        ]
    },
    "struct_id": "target1_2mpc_8bdfc3448b",
    "input_ref": null,