{
    "properties": {
        "lattice_vector_a": [
            23.984064,
            0.0,
            0.0
        ],
        "lattice_vector_b": [
            0.0,
            3.532281,
            0.0
        ],
        "lattice_vector_c": [
            -4.377933,
            0.0,
            2.612983
        ],
        "unit_cell_volume": 221.36787896465734,
        "cell_vol": 221.36787896465734,
        "spg": 4,
        "molecule_harris_info": [
            [
                -137.00527352747125,
                -23.55338023052385,
                123.02934748815423,
                5.393579285195533,
                1.1581702531969293,
                0.475508233770094,
                false
            ],
            [
                -42.99431006970995,
                -156.44651512520298,
                -56.97027319231976,
                14.212553653311222,
                2.9243108376543576,
                2.137466017989085,
                false
            ]
        ],
        "harris_energy": -16711.55449745,
        "rcd": [
            [
                [
                    -2.4041000868363818,
                    -0.620185562427838,
                    -2.5125052096646776
                ],
                [
                    1.0,
                    1.0,
                    0.9999998807907104
                ]
            ],
            [
                [
                    2.4041001474717296,
                    0.6201855780699352,
                    2.5125052730341806
                ],
                [
                    1.0000001192092896,
                    1.0000001192092896,
                    0.9999999403953552
                ]
            ],
            [
                [
                    3.731446233319497,
                    -1.0569707453648258,
                    -3.3095464824481184
                ],
                [
                    1.0000001192092896,
                    1.0000001192092896,
                    0.9999999403953552
                ]
            ],
            [
                [
                    -3.7314463029669707,
                    1.0569706499292182,
                    3.309546572647862
                ],
                [
                    1.0000001192092896,
                    1.0000001192092896,
                    0.9999999403953552
                ]
            ],
            [
                [
                    1.3273461464831153,
                    -1.6771563077926637,
                    -5.8220516921127965
                ],
                [
                    1.0,
                    1.0,
                    0.9999998807907104
                ]
            ],
            [
                [
                    -6.135546389803352,
                    0.43678508750138034,
                    0.7970413629831845
                ],
                [
                    1.0,
                    1.0,
                    0.9999998807907104
                ]
            ],
            [
                [
                    6.135546380791227,
                    -0.4367851672948906,
                    -0.7970412094139379
                ],
                [
                    1.0000001192092896,
                    1.0000001192092896,
                    0.9999999403953552
                ]
            ],
            [
                [
                    -1.327346155495241,
                    1.6771562279991534,
                    5.822051845682043
                ],
                [
                    1.0000001192092896,
                    1.0000001192092896,
                    0.9999999403953552
                ]
            ],
            [
                [
                    -0.21372431033896544,
                    -6.369680355931832,
                    -0.7061895008525823
                ],
                [
                    -0.07354483008384705,
                    -0.9383455514907837,
                    0.011890441179275513
                ]
            ],
            [
                [
                    2.190375782997914,
                    -5.749494791827061,
                    1.8063157156057124
                ],
                [
                    -0.07354483008384705,
                    -0.9383455514907837,
                    0.011890441179275513
                ]
            ],
            [
                [
                    0.050828341805631005,
                    5.501693496337081,
                    -3.889653128301166
                ],
                [
                    -0.07354475557804108,
                    -0.9383455514907837,
                    0.011890292167663574
                ]
            ],
            [
                [
                    2.4549284351425102,
                    6.121879060441852,
                    -1.3771479118428718
                ],
                [
                    -0.07354475557804108,
                    -0.9383455514907837,
                    0.011890292167663574
                ]
            ],
            [
                [
                    -4.808200211974451,
                    -1.24037113473636,
                    -5.025010459358134
                ],
                [
                    1.0000001192092896,
                    1.0000001192092896,
                    0.9999999403953552
                ]
            ],
            [
                [
                    4.808200159107332,
                    1.2403711210982324,
                    5.025010404107143
                ],
                [
                    1.0,
                    1.0,
                    1.0
                ]
            ],
            [
                [
                    -3.9451705343662558,
                    -5.312709724804628,
                    2.6033570009026237
                ],
                [
                    -0.07354475557804108,
                    -0.9383455514907837,
                    0.011890262365341187
                ]
            ],
            [
                [
                    -1.5410704410293765,
                    -4.692524160699857,
                    5.115862217360918
                ],
                [
                    -0.07354475557804108,
                    -0.9383455514907837,
                    0.011890262365341187
                ]
            ]
        ]
    },
    "struct_id": "target1_2mpc_678b9ab3f5",
    "input_ref": null,