{
    "properties": {
        "lattice_vector_a": [
            7.409624,
            0.0,
            0.0
        ],
        "lattice_vector_b": [
            0.0,
            8.71035,
            0.0
        ],
        "lattice_vector_c": [
            6.566853,
            0.0,
            3.911681
        ],
        "unit_cell_volume": 252.46152842018853,
        "cell_vol": 252.46152842018853,
        "spg": 4,
        "molecule_harris_info": [
            [
                -80.64825506464162,
                -118.40236957502515,
                18.349143558162094,
                6.958725914042047,
                6.947241977174231,
                0.43401340708295083,
                false
            ],
            [
                -99.35193670201636,
                -61.598451805590855,
                -161.65076226040375,
                7.0177526626181095,
                2.5920670723661465,
                3.4776587205285088,
                false
            ]
        ],
        "harris_energy": -16710.295871079,
        "rcd": [
            [
                [
                    0.1972391218979378,
                    0.7090833715315427,
                    3.933167669970512
                ],
                [
                    1.0,
                    1.0,
                    1.0
                ]
            ],
            [
                [
                    -0.19723928328878093,
                    -0.7090833981624358,
                    -3.9331675913065665
                ],
                [
                    0.9999999403953552,
                    1.0000001192092896,
                    1.0000001192092896
                ]
            ],
            [
                [
                    -0.3009035752275878,
                    4.514118911893394,
                    0.25779489616865703
                ],
                [
                    -0.8881056308746338,
                    0.8363360166549683,
                    -0.9482303857803345
                ]
            ],
            [
                [
                    1.759371143072845,
                    -3.832231740851601,
                    1.6591823277912225
                ],
                [
                    -0.8881056308746338,
                    0.8363358974456787,
                    -0.9482303857803345
                ]
            ],
            [
                [
                    -0.4981426562036736,
                    3.8050355596198644,
                    -3.6753727192674113
                ],
                [
                    -0.8881056308746338,
                    0.8363360166549683,
                    -0.9482303261756897
                ]
            ],
            [
                [
                    1.5621320620967594,
                    -4.541315093125131,
                    -2.273985287644846
                ],
                [
                    -0.8881056308746338,
                    0.8363358974456787,
                    -0.9482303857803345
                ]
            ],
            [
                [
                    -0.10366415077550017,
                    5.223202342545394,
                    4.1909624734420845
                ],
                [
                    -0.888105571269989,
                    0.8363360166549683,
                    -0.9482303857803345
                ]
            ],
            [
                [
                    1.9566105675249328,
                    -3.1231483101996007,
                    5.5923499050646495
                ],
                [
                    -0.888105571269989,
                    0.8363360166549683,
                    -0.9482303261756897
                ]
            ],
            [
                [
                    -7.105737950287697,
                    -1.903171014371016,
                    -0.8882354617662765
                ],
                [
                    0.9999998807907104,
                    1.0000001192092896,
                    1.0
                ]
            ],
            [
                [
                    7.1057377204310495,
                    1.9031709528071767,
                    0.8882354330336062
                ],
                [
                    0.9999999403953552,
                    1.0000001192092896,
                    1.0
                ]
            ],
            [
                [
                    -6.9084987481223585,
                    -1.19408762134099,
                    3.0449322182378666
                ],
                [
                    0.9999998807907104,
                    1.0000001192092896,
                    1.0
                ]
            ],
            [
                [
                    6.908498583082998,
                    1.194087593732893,
                    -3.044932140029995
                ],
                [
                    1.0,
                    1.0,
                    1.0
                ]
            ],
            [
                [
                    -7.406641377750296,
                    2.610947937099132,
                    -0.6304405471266173
                ],
                [
                    -0.8881056308746338,
                    0.8363360166549683,
                    -0.9482303261756897
                ]
            ],
            [
                [
                    -5.346366659449864,
                    -5.735402715645863,
                    0.7709468844959483
                ],
                [
                    -0.8881056308746338,
                    0.8363358974456787,
                    -0.9482303857803345
                ]
            ],
            [
                [
                    0.39447835817151855,
                    1.4181667762501087,
                    7.866335369444153
                ],
                [
                    1.0,
                    1.0000001192092896,
                    0.9999999403953552
                ]
            ],
            [
                [
                    -0.3944785237926287,
                    -1.4181668308218958,
                    -7.866335450970732
                ],
                [
                    0.9999998807907104,
                    1.0000001192092896,
                    1.0000001192092896
                ]
            ]
        ]
    },
    "struct_id": "target1_2mpc_da20a9c0a9",
    "input_ref": null,