{
    "properties": {
        "lattice_vector_a": [
            3.254107,
            0.0,
            0.0
        ],
        "lattice_vector_b": [
            0.0,
            14.226584,
            0.0
        ],
        "lattice_vector_c": [
            4.053017,
            0.0,
            5.151527
        ],
        "unit_cell_volume": 238.48904908970164,
        "cell_vol": 238.48904908970164,
        "spg": 6,
        "molecule_harris_info": [
            [
                70.37244832814675,
                -28.253470518782454,
                -55.59551438091686,
                2.6428099705817854,
                11.227210178020153,
                2.1304489597281875,
                false
            ],
            [
                -142.4988164554948,
                -52.172846922895914,
                -8.025322691822772,
                2.6428099705817854,
                2.9993704785691935,
                2.1304489597281875,
                false
            ]
        ],
        "harris_energy": -17227.972830205,
        "rcd": [
            [
                [
                    -0.6393042649772624,
                    1.4380081632544375,
                    2.848268812321578
                ],
                [
                    1.0,
                    1.0,
                    0.9999998807907104
                ]
            ],
            [
                [
                    0.6393042866531691,
                    -1.438008212010769,
                    -2.8482689088934485
                ],
                [
                    1.0,
                    1.0,
                    1.0
                ]
            ],
            [
                [
                    -2.554506001816375,
                    4.184156166212169,
                    -1.7730836877967346
                ],
                [
                    1.0,
                    1.0,
                    0.9999999403953552
                ]
            ],
            [
                [
                    2.5545060126889885,
                    -4.184156175673857,
                    1.7730837656470775
                ],
                [
                    1.0,
                    1.0,
                    1.0
                ]
            ],
            [
                [
                    -1.9152017478639272,
                    2.7461480277562105,
                    -4.621352450999861
                ],
                [
                    1.0,
                    1.0,
                    1.0
                ]
            ],
            [
                [
                    1.9152017661487042,
                    -2.7461480538903222,
                    4.621352495827065
                ],
                [
                    1.0,
                    1.0,
                    1.0
                ]
            ],
            [
                [
                    5.177025775797305,
                    3.009266461625077,
                    -0.3572890943194542
                ],
                [
                    -0.48960092663764954,
                    0.49669575691223145,
                    -0.9929049015045166
                ]
            ],
            [
                [
                    1.2786085615963656,
                    -2.876016397681911,
                    -5.696537765615887
                ],
                [
                    1.0,
                    1.0,
                    0.9999999403953552
                ]
            ],
            [
                [
                    -1.27860853070197,
                    2.8760163281901274,
                    5.69653762797322
                ],
                [
                    1.0,
                    1.0,
                    0.9999999403953552
                ]
            ],
            [
                [
                    3.1938103018336412,
                    -5.622164393288801,
                    -1.075185154346586
                ],
                [
                    1.0,
                    1.0,
                    1.0
                ]
            ],
            [
                [
                    -3.1938102772578683,
                    5.6221643530041465,
                    1.0751851711457467
                ],
                [
                    1.0,
                    1.0,
                    0.9999998807907104
                ]
            ],
            [
                [
                    4.537721510820043,
                    4.4472746248795145,
                    2.490979718002124
                ],
                [
                    -0.48960092663764954,
                    0.49669575691223145,
                    -0.9929049015045166
                ]
            ],
            [
                [
                    5.816330062450474,
                    1.5712582496143082,
                    -3.2055580032129027
                ],
                [
                    -0.48960092663764954,
                    0.49669569730758667,
                    -0.9929049611091614
                ]
            ],
            [
                [
                    -1.2758974734190272,
                    1.3081398432059044,
                    -7.4696213055022564
                ],
                [
                    1.0,
                    1.0,
                    0.9999999403953552
                ]
            ],
            [
                [
                    1.275897482983612,
                    -1.308139849725399,
                    7.469621389180212
                ],
                [
                    1.0,
                    1.0,
                    1.0
                ]
            ],
            [
                [
                    2.6225197739809305,
                    7.193422627837246,
                    -2.130372782116189
                ],
                [
                    -0.48960092663764954,
                    0.49669569730758667,
                    -0.9929049015045166
                ]
            ]
        ]
    },
    "struct_id": "target1_2mpc_399c3daaa9",
    "input_ref": null,