{
    "properties": {
        "lattice_vector_a": [
            21.031086,
            0.0,
            0.0
        ],
        "lattice_vector_b": [
            0.0,
            4.10341,
            0.0
        ],
        "lattice_vector_c": [
            3.785812,
            0.0,
            2.900395
        ],
        "unit_cell_volume": 250.30167712105222,
        "cell_vol": 250.30167712105222,
        "spg": 3,
        "molecule_harris_info": [
            [
                -151.08954850863222,
                -27.832912675622197,
                -79.40945405064532,
                7.596389887180734,
                2.6807580006883502,
                1.7684797136945292,
                false
            ],
            [
                -28.90975343970041,
                -152.16739799506541,
                100.59142880875213,
                17.22050971173226,
                2.6807580006883502,
                1.1319059279767123,
                false
            ]
        ],
        "harris_energy": -16714.991412117,
        "rcd": [
            [
                [
                    0.5781501099799294,
                    3.074274464619765,
                    2.6556642849453858
                ],
                [
                    1.0,
                    1.0,
                    0.9999998807907104
                ]
            ],
            [
                [
                    -0.5781500999738032,
                    -3.0742744114128593,
                    -2.655664238983426
                ],
                [
                    1.0,
                    1.0,
                    1.0
                ]
            ],
            [
                [
                    2.0853018506951067,
                    2.572494674782747,
                    -3.4319748106243084
                ],
                [
                    1.0,
                    1.0,
                    0.9999998807907104
                ]
            ],
            [
                [
                    -2.08530180003061,
                    -2.572494584303062,
                    3.431974694852487
                ],
                [
                    1.0000001192092896,
                    1.0,
                    0.9999998807907104
                ]
            ],
            [
                [
                    2.6634519606750358,
                    5.646769139402512,
                    -0.7763105256789229
                ],
                [
                    1.0,
                    1.0,
                    0.9999998807907104
                ]
            ],
            [
                [
                    1.5071517507213035,
                    -0.5017797366301122,
                    -6.087639049607735
                ],
                [
                    1.0,
                    1.0,
                    0.9999999403953552
                ]
            ],
            [
                [
                    -1.5071516900506803,
                    0.5017798803167026,
                    6.087638979797873
                ],
                [
                    1.0000001192092896,
                    1.0,
                    0.9999998807907104
                ]
            ],
            [
                [
                    -2.6634519000044126,
                    -5.646768995715922,
                    0.776310455869061
                ],
                [
                    1.0000001192092896,
                    1.0,
                    1.0
                ]
            ],
            [
                [
                    5.671041451955468,
                    -2.5241004776966274,
                    1.6873608091294943
                ],
                [
                    -0.9602970480918884,
                    0.12260058522224426,
                    -0.16230347752571106
                ]
            ],
            [
                [
                    -4.648287955910377,
                    3.6768476130596905,
                    -3.244472715999882
                ],
                [
                    -0.9602971076965332,
                    0.12260064482688904,
                    -0.16230352222919464
                ]
            ],
            [
                [
                    -6.733590142758255,
                    1.1043529958819347,
                    0.18750210112120191
                ],
                [
                    -0.9602971076965332,
                    0.12260058522224426,
                    -0.16230358183383942
                ]
            ],
            [
                [
                    6.2491915619353975,
                    0.5501739869231375,
                    4.34302509407488
                ],
                [
                    -0.9602970480918884,
                    0.12260058522224426,
                    -0.16230347752571106
                ]
            ],
            [
                [
                    5.092891351981665,
                    -5.598374889109486,
                    -0.9683034298539317
                ],
                [
                    -0.9602970480918884,
                    0.12260067462921143,
                    -0.16230353713035583
                ]
            ],
            [
                [
                    -4.070137845930448,
                    6.751122077679455,
                    -0.5888084310544963
                ],
                [
                    -0.9602971076965332,
                    0.12260064482688904,
                    -0.16230352222919464
                ]
            ],
            [
                [
                    -5.226438055884181,
                    0.6025732016468313,
                    -5.900136954983308
                ],
                [
                    -0.9602971076965332,
                    0.12260067462921143,
                    -0.16230356693267822
                ]
            ],
            [
                [
                    7.756343236015285,
                    0.048394122156296016,
                    -1.7446139002470524
                ],
                [
                    -0.9602971076965332,
                    0.12260067462921143,
                    -0.16230356693267822
                ]
            ]
        ]
    },
    "struct_id": "target1_2mpc_5e8ee536eb",
    "input_ref": null,