{
    "properties": {
        "lattice_vector_a": [
            5.785882,
            0.0,
            0.0
        ],
        "lattice_vector_b": [
            0.0,
            9.921772,
            0.0
        ],
        "lattice_vector_c": [
            -1.673395,
            0.0,
            4.72117
        ],
        "unit_cell_volume": 271.0244388044739,
        "cell_vol": 271.0244388044739,
        "spg": 4,
        "molecule_harris_info": [
            [
                -7.735832390469637,
                -84.71443350821941,
                147.49702919693706,
                1.3520845934114558,
                1.8209588250264208,
                3.231959546936002,
                false
            ],
            [
                -172.26452322897416,
                -95.28574557765509,
                -32.50314399949664,
                2.76040373774285,
                6.7818445664771065,
                1.4892016709088645,
                false
            ]
        ],
        "harris_energy": -16717.489739922,
        "rcd": [
            [
                [
                    3.8768100522907893,
                    0.24953634370321343,
                    -3.161925503111666
                ],
                [
                    1.0,
                    0.9999999403953552,
                    0.9999999403953552
                ]
            ],
            [
                [
                    -3.876810076328502,
                    -0.24953631691111178,
                    3.1619254947635627
                ],
                [
                    1.0,
                    0.9999999403953552,
                    1.0
                ]
            ],
            [
                [
                    -1.0207749631694858,
                    -2.3818658627194496,
                    -4.78703343750256
                ],
                [
                    -0.5543469786643982,
                    -0.23348596692085266,
                    -0.21216699481010437
                ]
            ],
            [
                [
                    3.6627497195563885,
                    3.760479981099253,
                    1.4401446233263604
                ],
                [
                    -0.5543469786643982,
                    -0.23348596692085266,
                    -0.21216699481010437
                ]
            ],
            [
                [
                    0.8056414438039315,
                    -4.37042866028255,
                    3.704959412011872
                ],
                [
                    1.0,
                    1.0000001192092896,
                    1.0
                ]
            ],
            [
                [
                    -0.805641466097822,
                    4.370428781222031,
                    -3.704959514536338
                ],
                [
                    1.0,
                    0.9999999403953552,
                    0.9999999403953552
                ]
            ],
            [
                [
                    -4.8975850764417554,
                    -2.6314021628535817,
                    -1.6251079315016383
                ],
                [
                    -0.554347038269043,
                    -0.23348599672317505,
                    -0.2121669352054596
                ]
            ],
            [
                [
                    -0.2140603937158816,
                    3.510943680965121,
                    4.602070129327281
                ],
                [
                    -0.554347038269043,
                    -0.23348599672317505,
                    -0.2121669352054596
                ]
            ],
            [
                [
                    4.682451505210936,
                    -4.120892366032807,
                    0.5430339508235762
                ],
                [
                    1.0,
                    0.9999999403953552,
                    0.9999999403953552
                ]
            ],
            [
                [
                    -4.682451520231763,
                    4.120892343910278,
                    -0.5430339177051011
                ],
                [
                    1.0,
                    0.9999999403953552,
                    0.9999999403953552
                ]
            ],
            [
                [
                    -0.21513350866007208,
                    -6.752294581076899,
                    -1.0820739762586418
                ],
                [
                    -0.5543469786643982,
                    -0.23348596692085266,
                    -0.21216699481010437
                ]
            ],
            [
                [
                    4.468391174065802,
                    -0.6099487372581962,
                    5.145104084570278
                ],
                [
                    -0.5543469786643982,
                    -0.23348596692085266,
                    -0.21216699481010437
                ]
            ],
            [
                [
                    -5.7032265314698884,
                    1.739026558317806,
                    -5.330067395131026
                ],
                [
                    -0.554347038269043,
                    -0.23348599672317505,
                    -0.2121669352054596
                ]
            ],
            [
                [
                    -1.0197018487440144,
                    7.881372402136509,
                    0.8971106656978933
                ],
                [
                    -0.554347038269043,
                    -0.23348599672317505,
                    -0.2121669352054596
                ]
            ],
            [
                [
                    -4.09194363110374,
                    -7.0018308314582045,
                    2.079851487565135
                ],
                [
                    -0.554347038269043,
                    -0.23348599672317505,
                    -0.2121669352054596
                ]
            ],
            [
                [
                    0.5915810516221347,
                    -0.8594849876395021,
                    8.307029548394054
                ],
                [
                    -0.554347038269043,
                    -0.23348599672317505,
                    -0.2121669352054596
                ]
            ]
        ]
    },
    "struct_id": "target1_2mpc_94ce4860fc",
    "input_ref": null,