{
    "properties": {
        "lattice_vector_a": [
            8.258033,
            0.0,
            0.0
        ],
        "lattice_vector_b": [
            0.0,
            7.262564,
            0.0
        ],
        "lattice_vector_c": [
            -7.541032,
            0.0,
            4.491804
        ],
        "unit_cell_volume": 269.39366834867855,
        "cell_vol": 269.39366834867855,
        "spg": 7,
        "molecule_harris_info": [
            [
                -170.27465079657594,
                -32.14180217943099,
                -174.72804453031833,
                6.3624795649914025,
                3.5318628606644085,
                0.7769211262385263,
                false
            ],
            [
                -172.01619661076157,
                -79.31790515536791,
                40.93991110231112,
                2.5919633000455007,
                3.730697515163016,
                3.0228236556607992,
                false
            ]
        ],
        "harris_energy": -16812.053756689,
        "rcd": [
            [
                [
                    1.3093704336343839,
                    -2.549050199896726,
                    -3.3299081735992244
                ],
                [
                    -0.8512495756149292,
                    0.9893718957901001,
                    -0.8618775010108948
                ]
            ],
            [
                [
                    -0.9267755783808458,
                    2.5780393416185907,
                    3.434414929895631
                ],
                [
                    -0.8512495160102844,
                    0.9893718957901001,
                    -0.8618775606155396
                ]
            ],
            [
                [
                    0.8399731344027495,
                    2.433367831922588,
                    -3.750141475065777
                ],
                [
                    1.0000001192092896,
                    1.0,
                    1.0
                ]
            ],
            [
                [
                    -0.8399731289316998,
                    -2.4333678280381426,
                    3.750141453958732
                ],
                [
                    1.0000001192092896,
                    1.0,
                    1.0
                ]
            ],
            [
                [
                    -0.08680243757217915,
                    5.011407196017942,
                    -0.3157265748571072
                ],
                [
                    -0.8512495756149292,
                    0.9893718957901001,
                    -0.8618775606155396
                ]
            ],
            [
                [
                    0.46939729136169955,
                    -4.982418046368231,
                    0.4202333343141642
                ],
                [
                    -0.8512495160102844,
                    0.9893718957901001,
                    -0.8618775010108948
                ]
            ],
            [
                [
                    -6.987268021555541,
                    -0.5294215786144669,
                    -1.9085665995425483
                ],
                [
                    1.0000001192092896,
                    0.9999999403953552,
                    1.0
                ]
            ],
            [
                [
                    6.987267915405803,
                    0.5294215705715578,
                    1.9085665705478332
                ],
                [
                    1.0000001192092896,
                    0.9999999403953552,
                    1.0
                ]
            ],
            [
                [
                    2.149343567765756,
                    -0.11568236847582503,
                    -7.080049647532326
                ],
                [
                    -0.8512495756149292,
                    0.9893718361854553,
                    -0.8618775010108948
                ]
            ],
            [
                [
                    -1.7667487126831196,
                    0.14467150520945715,
                    7.184556405838099
                ],
                [
                    -0.8512495756149292,
                    0.9893718361854553,
                    -0.8618775606155396
                ]
            ],
            [
                [
                    -1.3961728925771997,
                    7.560457511639441,
                    3.0141816448789402
                ],
                [
                    1.0000001192092896,
                    0.9999999403953552,
                    1.0
                ]
            ],
            [
                [
                    1.396172890111486,
                    -7.560457498287281,
                    -3.0141816395557393
                ],
                [
                    1.0000001192092896,
                    1.0,
                    1.0
                ]
            ],
            [
                [
                    -5.677897556198246,
                    -3.0784717761075653,
                    -5.238474764476686
                ],
                [
                    -0.8512495756149292,
                    0.9893718957901001,
                    -0.8618775010108948
                ]
            ],
            [
                [
                    -7.914043568213476,
                    2.048617765407752,
                    1.5258483390181699
                ],
                [
                    -0.8512495160102844,
                    0.9893718957901001,
                    -0.8618775606155396
                ]
            ],
            [
                [
                    0.7531706864182753,
                    7.444775082353232,
                    -4.065868026897097
                ],
                [
                    -0.8512495756149292,
                    0.9893718361854553,
                    -0.8618775606155396
                ]
            ],
            [
                [
                    -0.3705758007018243,
                    -7.415786111505681,
                    4.170374719067879
                ],
                [
                    -0.851249635219574,
                    0.9893718957901001,
                    -0.8618776798248291
                ]
            ]
        ]
    },
    "struct_id": "target1_2mpc_1b49f5d6e7",
    "input_ref": null,