{
    "properties": {
        "lattice_vector_a": [
            18.559254,
            0.0,
            0.0
        ],
        "lattice_vector_b": [
            0.0,
            4.382031,
            0.0
        ],
        "lattice_vector_c": [
            3.289222,
            0.0,
            3.419244
        ],
        "unit_cell_volume": 278.0776307847371,
        "cell_vol": 278.0776307847371,
        "spg": 3,
        "molecule_harris_info": [
            [
                -158.2157362945494,
                -85.94802917317179,
                -57.068842829755205,
                15.23601030796132,
                2.2289786284908337,
                1.6253257151693106,
                false
            ],
            [
                -21.783392345082415,
                -94.05180639362982,
                122.9316992230052,
                6.6124674259348115,
                2.2289786284908337,
                1.793908774971645,
                false
            ]
        ],
        "harris_energy": -16717.39483545,
        "rcd": [
            [
                [
                    0.4468675734478462,
                    3.6910700962923118,
                    2.319161540935256
                ],
                [
                    1.0,
                    0.9999998211860657,
                    1.0000001192092896
                ]
            ],
            [
                [
                    -0.4468675840780848,
                    -3.691070184096749,
                    -2.319161596104264
                ],
                [
                    1.0,
                    0.9999998211860657,
                    0.9999999403953552
                ]
            ],
            [
                [
                    3.2615431825927694,
                    -2.107599786730148,
                    2.725906788082939
                ],
                [
                    1.0,
                    0.9999998211860657,
                    1.0000001192092896
                ]
            ],
            [
                [
                    -3.2615431016218652,
                    2.10759974142305,
                    -2.725906731576159
                ],
                [
                    1.0,
                    0.9999998211860657,
                    0.9999999403953552
                ]
            ],
            [
                [
                    3.7880115034339443,
                    2.426806137437473,
                    -4.592283296051117
                ],
                [
                    -0.9792012572288513,
                    0.4190036356449127,
                    -0.43980246782302856
                ]
            ],
            [
                [
                    3.7084107560406157,
                    1.5834703095621638,
                    5.0450683290181955
                ],
                [
                    1.0,
                    0.9999998211860657,
                    1.0000001192092896
                ]
            ],
            [
                [
                    2.8146755985146843,
                    -5.798669970826897,
                    0.4067451919786751
                ],
                [
                    1.0,
                    0.9999998807907104,
                    1.0000001192092896
                ]
            ],
            [
                [
                    -2.8146755281740194,
                    5.798669837715362,
                    -0.4067451906409031
                ],
                [
                    1.0,
                    0.9999998211860657,
                    0.9999999403953552
                ]
            ],
            [
                [
                    -3.7084106856999504,
                    -1.5834704426736987,
                    -5.045068327680424
                ],
                [
                    1.0,
                    0.9999998807907104,
                    1.0000001192092896
                ]
            ],
            [
                [
                    7.049554668169078,
                    0.3192062824274493,
                    -1.8663763958562372
                ],
                [
                    -0.9792012572288513,
                    0.4190037250518799,
                    -0.4398025572299957
                ]
            ],
            [
                [
                    -3.50750885248545,
                    -3.1561430146252,
                    5.699013007577723
                ],
                [
                    -0.9792012572288513,
                    0.41900381445884705,
                    -0.4398026168346405
                ]
            ],
            [
                [
                    -6.769052175185553,
                    -1.0485431747799847,
                    2.9731061619559034
                ],
                [
                    -0.9792013168334961,
                    0.4190036356449127,
                    -0.4398024380207062
                ]
            ],
            [
                [
                    4.23487907688179,
                    6.117876233729785,
                    -2.273121755115861
                ],
                [
                    -0.9792013764381409,
                    0.4190036952495575,
                    -0.43980246782302856
                ]
            ],
            [
                [
                    3.3411439193558596,
                    -1.2642640466592758,
                    -6.911444892155381
                ],
                [
                    -0.9792013764381409,
                    0.4190036356449127,
                    -0.43980246782302856
                ]
            ],
            [
                [
                    7.496422241616924,
                    4.010276378719761,
                    0.4527851450790187
                ],
                [
                    -0.9792013764381409,
                    0.4190037250518799,
                    -0.43980252742767334
                ]
            ],
            [
                [
                    6.602687084090993,
                    -3.3718639016692995,
                    -4.185537991960501
                ],
                [
                    -0.9792013764381409,
                    0.4190036952495575,
                    -0.4398025572299957
                ]
            ]
        ]
    },
    "struct_id": "target1_2mpc_d2ba4b1e8b",
    "input_ref": null,