{
    "properties": {
        "lattice_vector_a": [
            14.470704,
            0.0,
            0.0
        ],
        "lattice_vector_b": [
            0.0,
            5.942184,
            0.0
        ],
        "lattice_vector_c": [
            -0.376092,
            0.0,
            2.729437
        ],
        "unit_cell_volume": 234.69769816188057,
        "cell_vol": 234.69769816188057,
        "spg": 3,
        "molecule_harris_info": [
            [
                154.55618896132157,
                -86.23861435563191,
                -154.3039145645349,
                11.501029684188518,
                4.681920476416324,
                0.8157786859714605,
                false
            ],
            [
                25.44348375780568,
                -93.76011192594925,
                25.695597560458555,
                2.593583673872846,
                4.681920476416324,
                1.9136495423364512,
                false
            ]
        ],
        "harris_energy": -16700.507380171,
        "rcd": [
            [
                [
                    0.28930660030859223,
                    -1.7403413384082402,
                    -2.1163141425828327
                ],
                [
                    1.0000001192092896,
                    1.0,
                    0.9999999403953552
                ]
            ],
            [
                [
                    -0.28930660005401104,
                    1.7403413355312585,
                    2.1163141380322377
                ],
                [
                    1.0000001192092896,
                    1.0,
                    0.9999999403953552
                ]
            ],
            [
                [
                    0.578613198842604,
                    -3.480682656762226,
                    -4.232628253445343
                ],
                [
                    1.0000001192092896,
                    0.9999999403953552,
                    0.9999999403953552
                ]
            ],
            [
                [
                    -0.5786132029608286,
                    3.480682703301635,
                    4.232628327057905
                ],
                [
                    1.0000001192092896,
                    1.0,
                    0.9999999403953552
                ]
            ],
            [
                [
                    2.3205921859579655,
                    -3.606258365644823,
                    3.7101092681246968
                ],
                [
                    0.631818950176239,
                    -0.7055764198303223,
                    -0.9262425899505615
                ]
            ],
            [
                [
                    -5.3674387073621075,
                    -2.2799078685434147,
                    1.141126364460219
                ],
                [
                    1.0000001192092896,
                    1.0,
                    0.9999999403953552
                ]
            ],
            [
                [
                    5.36743887661291,
                    2.2799079404354767,
                    -1.1411264004432202
                ],
                [
                    1.0,
                    1.0,
                    1.0
                ]
            ],
            [
                [
                    2.609898854135802,
                    -5.346599811061964,
                    1.5937952309760157
                ],
                [
                    0.631818950176239,
                    -0.7055764198303223,
                    -0.9262425899505615
                ]
            ],
            [
                [
                    2.031285704613359,
                    -1.865917216681051,
                    5.826423591770888
                ],
                [
                    0.631818950176239,
                    -0.7055764198303223,
                    -0.9262425899505615
                ]
            ],
            [
                [
                    -5.0781321070535155,
                    -4.020249206951655,
                    -0.9751877781226137
                ],
                [
                    1.0000001192092896,
                    1.0,
                    0.9999999403953552
                ]
            ],
            [
                [
                    5.656745476921502,
                    0.5395666020272365,
                    -3.257440543026053
                ],
                [
                    1.0,
                    1.0000001192092896,
                    1.0
                ]
            ],
            [
                [
                    -5.656745307416118,
                    -0.5395665330121562,
                    3.2574405024924564
                ],
                [
                    1.0000001192092896,
                    1.0,
                    0.9999999403953552
                ]
            ],
            [
                [
                    5.078132276558899,
                    4.020249275966735,
                    0.9751877375890174
                ],
                [
                    1.0,
                    1.0,
                    1.0
                ]
            ],
            [
                [
                    2.8992053882510422,
                    -7.086941020152134,
                    -0.5225189645856885
                ],
                [
                    0.631818950176239,
                    -0.7055764198303223,
                    -0.9262425303459167
                ]
            ],
            [
                [
                    -4.788825508519503,
                    -5.760590525305641,
                    -3.091501888985124
                ],
                [
                    1.0000001192092896,
                    0.9999999403953552,
                    0.9999999403953552
                ]
            ],
            [
                [
                    5.946052075455514,
                    -1.2007747163267495,
                    -5.373754653888563
                ],
                [
                    1.0,
                    1.0,
                    1.0
                ]
            ]
        ]
    },
    "struct_id": "target1_2mpc_77418b3476",
    "input_ref": null,