{
    "properties": {
        "lattice_vector_a": [
            10.30716,
            0.0,
            0.0
        ],
        "lattice_vector_b": [
            0.0,
            6.964416,
            0.0
        ],
        "lattice_vector_c": [
            -4.78617,
            0.0,
            4.380442
        ],
        "unit_cell_volume": 314.44280132200095,
        "cell_vol": 314.44280132200095,
        "spg": 7,
        "molecule_harris_info": [
            [
                70.2028377630145,
                -16.68424340776277,
                -51.78715983639738,
                7.470770191639027,
                4.978546308710221,
                1.3924552621121735,
                false
            ],
            [
                -155.07622042554132,
                -48.415540796149095,
                6.338241567644523,
                5.077685310485514,
                1.9858656243440953,
                3.582676378772297,
                false
            ]
        ],
        "harris_energy": -16772.028124018,
        "rcd": [
            [
                [
                    -2.6108309339162137,
                    -1.5215865825488861,
                    3.2168924558431824
                ],
                [
                    -0.7954792380332947,
                    0.795684814453125,
                    -0.9997944831848145
                ]
            ],
            [
                [
                    -3.0602460270846628,
                    -0.3914615357781721,
                    -3.1562182341483562
                ],
                [
                    -0.7954792380332947,
                    0.795684814453125,
                    -0.9997944831848145
                ]
            ],
            [
                [
                    3.9878916770102997,
                    0.7043878155554932,
                    3.146293301361198
                ],
                [
                    -0.7954792380332947,
                    0.7956846952438354,
                    -0.9997944235801697
                ]
            ],
            [
                [
                    3.5384765838418506,
                    1.8345128623262072,
                    -3.226817388630341
                ],
                [
                    -0.7954792380332947,
                    0.7956846952438354,
                    -0.9997944235801697
                ]
            ],
            [
                [
                    -0.4494150831980217,
                    1.1301250177178015,
                    -6.373110674112473
                ],
                [
                    1.0000001192092896,
                    0.9999999403953552,
                    1.0
                ]
            ],
            [
                [
                    0.44941506991198366,
                    -1.1301249791310286,
                    6.373110648932082
                ],
                [
                    1.0000001192092896,
                    0.9999999403953552,
                    1.0
                ]
            ],
            [
                [
                    6.598722334259708,
                    2.2259743047752214,
                    -0.07059915152195077
                ],
                [
                    1.0000001192092896,
                    1.0,
                    1.0
                ]
            ],
            [
                [
                    -6.598722670104974,
                    -2.2259744180672945,
                    0.07059915511512982
                ],
                [
                    1.0000001192092896,
                    1.0,
                    1.0
                ]
            ],
            [
                [
                    -2.095231750221086,
                    6.28720371815772,
                    2.3980564329796623
                ],
                [
                    1.0000001192092896,
                    0.9999999403953552,
                    1.0
                ]
            ],
            [
                [
                    2.095231761842529,
                    -6.287203757617208,
                    -2.3980565909012506
                ],
                [
                    1.0,
                    1.0,
                    1.0
                ]
            ],
            [
                [
                    -5.155477807804371,
                    5.895742275157662,
                    -0.7581617265254113
                ],
                [
                    -0.7954792380332947,
                    0.795684814453125,
                    -0.9997944831848145
                ]
            ],
            [
                [
                    -0.5155992334406831,
                    -7.808790156087991,
                    0.818835933063546
                ],
                [
                    -0.7954793572425842,
                    0.7956848740577698,
                    -0.9997945427894592
                ]
            ],
            [
                [
                    1.443244803122142,
                    8.121716673262043,
                    -0.8287608810073963
                ],
                [
                    -0.7954792380332947,
                    0.7956846952438354,
                    -0.9997944831848145
                ]
            ],
            [
                [
                    6.08312337748583,
                    -5.582815757983611,
                    0.7482367785815613
                ],
                [
                    -0.7954793572425842,
                    0.795684814453125,
                    -0.9997944831848145
                ]
            ],
            [
                [
                    -4.706062693905228,
                    4.765617164027224,
                    5.614948871864582
                ],
                [
                    -0.7954792380332947,
                    0.795684814453125,
                    -0.9997944831848145
                ]
            ],
            [
                [
                    -0.9650142375433284,
                    -6.678665374954901,
                    -5.554274807665028
                ],
                [
                    -0.7954793572425842,
                    0.795684814453125,
                    -0.9997944831848145
                ]
            ]
        ]
    },
    "struct_id": "target1_2mpc_553ae229d5",
    "input_ref": null,