{
    "properties": {
        "lattice_vector_a": [
            10.495543,
            0.0,
            0.0
        ],
        "lattice_vector_b": [
            0.0,
            4.468357,
            0.0
        ],
        "lattice_vector_c": [
            6.293639,
            0.0,
            6.640825
        ],
        "unit_cell_volume": 311.4403020503828,
        "cell_vol": 311.4403020503828,
        "spg": 4,
        "molecule_harris_info": [
            [
                -173.7302958684339,
                -86.37276534515682,
                168.26539343415322,
                5.871962291129091,
                2.514573359901601,
                4.613817052440123,
                false
            ],
            [
                -6.26982168923126,
                -93.62781808599894,
                -11.73459377823712,
                10.91722171864611,
                4.748751859715645,
                2.026999632847753,
                false
            ]
        ],
        "harris_energy": -16716.675589942,
        "rcd": [
            [
                [
                    -3.413343761324946,
                    -1.259964977514309,
                    -2.5937984537163112
                ],
                [
                    0.9999998807907104,
                    0.9999999403953552,
                    0.9999998807907104
                ]
            ],
            [
                [
                    3.4133437698015605,
                    1.2599649806432751,
                    2.593798460157687
                ],
                [
                    0.9999998807907104,
                    1.0,
                    0.9999998807907104
                ]
            ],
            [
                [
                    -4.356675988146218,
                    0.2611205695531458,
                    1.7575464849239557
                ],
                [
                    0.16706249117851257,
                    -0.8409799337387085,
                    -0.3260825574398041
                ]
            ],
            [
                [
                    -0.9433322585480308,
                    1.5210855353561803,
                    4.351344914531117
                ],
                [
                    0.16706249117851257,
                    -0.8409799337387085,
                    -0.3260825574398041
                ]
            ],
            [
                [
                    -0.2893578640389596,
                    -6.064782343972622,
                    -0.5220207548183511
                ],
                [
                    0.16706231236457825,
                    -0.8409799933433533,
                    -0.3260824680328369
                ]
            ],
            [
                [
                    3.123985865559227,
                    -4.804817378169588,
                    2.0717776747888097
                ],
                [
                    0.16706231236457825,
                    -0.8409799933433533,
                    -0.3260824680328369
                ]
            ],
            [
                [
                    0.22499516834350652,
                    3.082587225085728,
                    -5.6423225518738835
                ],
                [
                    0.16706231236457825,
                    -0.8409799337387085,
                    -0.3260824680328369
                ]
            ],
            [
                [
                    3.6383388979416935,
                    4.342552190888762,
                    -3.048524122266722
                ],
                [
                    0.16706231236457825,
                    -0.8409799337387085,
                    -0.3260824680328369
                ]
            ],
            [
                [
                    -4.067318169546731,
                    6.325902897805712,
                    2.279567307175174
                ],
                [
                    0.9999998807907104,
                    1.0,
                    0.9999998807907104
                ]
            ],
            [
                [
                    4.067318191734138,
                    -6.325902935088825,
                    -2.2795673182623233
                ],
                [
                    0.9999998807907104,
                    1.0,
                    0.9999998807907104
                ]
            ],
            [
                [
                    -7.770019763518126,
                    -0.9988444131463075,
                    -0.8362519794666357
                ],
                [
                    0.16706261038780212,
                    -0.840980052947998,
                    -0.32608258724212646
                ]
            ],
            [
                [
                    2.4700113156859107,
                    2.78105044380973,
                    6.945143226077054
                ],
                [
                    0.16706249117851257,
                    -0.8409799337387085,
                    -0.3260825276374817
                ]
            ],
            [
                [
                    -3.7027016394108667,
                    -7.3247473266720755,
                    -3.1158192192089427
                ],
                [
                    0.1670624315738678,
                    -0.840980052947998,
                    -0.3260824382305145
                ]
            ],
            [
                [
                    6.53732943979317,
                    -3.544852469716038,
                    4.665575986334748
                ],
                [
                    0.16706231236457825,
                    -0.8409799933433533,
                    -0.3260824680328369
                ]
            ],
            [
                [
                    -6.826687553528989,
                    -2.519929966426995,
                    -5.1875969308976355
                ],
                [
                    0.9999998807907104,
                    1.0,
                    0.9999998807907104
                ]
            ],
            [
                [
                    6.826687576536944,
                    2.5199299749199042,
                    5.18759694838137
                ],
                [
                    0.9999998807907104,
                    1.0,
                    0.9999998807907104
                ]
            ]
        ]
    },
    "struct_id": "target1_2mpc_06df288f7a",
    "input_ref": null,