{
    "properties": {
        "lattice_vector_a": [
            8.732864,
            0.0,
            0.0
        ],
        "lattice_vector_b": [
            0.0,
            8.760174,
            0.0
        ],
        "lattice_vector_c": [
            1.372348,
            0.0,
            4.012102
        ],
        "unit_cell_volume": 306.9314526748759,
        "cell_vol": 306.9314526748759,
        "spg": 7,
        "molecule_harris_info": [
            [
                -174.9672725728255,
                -64.85002360074849,
                169.70844279417878,
                4.675139346021287,
                6.922018128506681,
                2.3322293388637454,
                false
            ],
            [
                -155.67430537517527,
                -104.72824822304393,
                64.53910016203623,
                3.9889653439217425,
                1.838152160669895,
                0.32617816340891603,
                false
            ]
        ],
        "harris_energy": -16829.944062707,
        "rcd": [
            [
                [
                    2.018347990888807,
                    1.0118977477337987,
                    -3.5892389765180566
                ],
                [
                    0.9999999403953552,
                    1.0000001192092896,
                    1.0
                ]
            ],
            [
                [
                    -2.0183480158764304,
                    -1.0118976227494616,
                    3.589238947936383
                ],
                [
                    1.0,
                    1.0000001192092896,
                    1.0
                ]
            ],
            [
                [
                    1.9335890586539812,
                    0.5274357455878613,
                    3.7407696364590266
                ],
                [
                    -0.28149497509002686,
                    0.8419736623764038,
                    -0.43952131271362305
                ]
            ],
            [
                [
                    3.9519370439323063,
                    1.539333396006139,
                    0.15153072009802337
                ],
                [
                    -0.28149500489234924,
                    0.841973602771759,
                    -0.439521461725235
                ]
            ],
            [
                [
                    -5.078640604640874,
                    -1.9349880680477505,
                    -0.8966590148482219
                ],
                [
                    -0.2814948856830597,
                    0.8419736623764038,
                    -0.43952131271362305
                ]
            ],
            [
                [
                    -3.0602926193625484,
                    -0.9230904176294726,
                    -4.485897931209225
                ],
                [
                    -0.28149494528770447,
                    0.841973602771759,
                    -0.4395213723182678
                ]
            ],
            [
                [
                    -0.0847589272063014,
                    -0.4844622497231947,
                    7.330008736834294
                ],
                [
                    -0.2814951241016388,
                    0.8419736623764038,
                    -0.4395214915275574
                ]
            ],
            [
                [
                    5.970284991781795,
                    2.5512312043589045,
                    -3.4377082235285363
                ],
                [
                    -0.2814951241016388,
                    0.8419736623764038,
                    -0.4395214915275574
                ]
            ],
            [
                [
                    -7.096988590501157,
                    -2.9468860633588063,
                    2.692580085527046
                ],
                [
                    -0.281495064496994,
                    0.8419736623764038,
                    -0.43952131271362305
                ]
            ],
            [
                [
                    -1.0419446715130602,
                    0.08880739072329263,
                    -8.075136874835785
                ],
                [
                    -0.281495064496994,
                    0.8419736623764038,
                    -0.4395214021205902
                ]
            ],
            [
                [
                    3.6828857839671487,
                    -7.343198746048802,
                    -1.6697122071332293
                ],
                [
                    0.9999999403953552,
                    1.0000001192092896,
                    1.0000001192092896
                ]
            ],
            [
                [
                    -3.6828858095590817,
                    7.343198874066452,
                    1.6697121778546729
                ],
                [
                    1.0,
                    1.0000001192092896,
                    1.0
                ]
            ],
            [
                [
                    4.03669591327761,
                    2.0237955337533675,
                    -7.1784778697869775
                ],
                [
                    1.0,
                    1.0000001192092896,
                    1.0
                ]
            ],
            [
                [
                    -4.036695881704719,
                    -2.023795572478889,
                    7.178477842608618
                ],
                [
                    1.0,
                    1.0,
                    1.0
                ]
            ],
            [
                [
                    -1.6645378025055657,
                    8.355096541102263,
                    -1.9195267802561988
                ],
                [
                    0.9999999403953552,
                    1.0000001192092896,
                    1.0
                ]
            ],
            [
                [
                    1.664537838280672,
                    -8.355096720674313,
                    1.9195268215116597
                ],
                [
                    0.9999999403953552,
                    1.0,
                    1.0000001192092896
                ]
            ]
        ]
    },
    "struct_id": "target1_2mpc_2bc9932ff6",
    "input_ref": null,