{
    "properties": {
        "lattice_vector_a": [
            15.132017,
            0.0,
            0.0
        ],
        "lattice_vector_b": [
            0.0,
            4.978003,
            0.0
        ],
        "lattice_vector_c": [
            2.443823,
            0.0,
            3.3816
        ],
        "unit_cell_volume": 254.7265475161676,
        "cell_vol": 254.7265475161676,
        "spg": 3,
        "molecule_harris_info": [
            [
                -172.74939357995785,
                -89.2777764616163,
                160.18929464675023,
                6.505459729661332,
                3.869356618282643,
                2.954184538308293,
                false
            ],
            [
                -7.251026526162136,
                -90.72582592658651,
                -19.810391603642334,
                11.070381357314739,
                3.869356618282643,
                0.4274065535357024,
                false
            ]
        ],
        "harris_energy": -16717.587284867,
        "rcd": [
            [
                [
                    2.7182133223051252,
                    0.8021245081716757,
                    -3.061928096310216
                ],
                [
                    0.9999998807907104,
                    1.0,
                    1.0
                ]
            ],
            [
                [
                    -2.718213329081786,
                    -0.802124445644611,
                    3.0619280724045814
                ],
                [
                    0.9999998807907104,
                    1.0,
                    1.0
                ]
            ],
            [
                [
                    -3.293748220807216,
                    -1.639058565301617,
                    -3.353390023559862
                ],
                [
                    0.9999998807907104,
                    1.0,
                    1.0
                ]
            ],
            [
                [
                    3.293748169123452,
                    1.6390585395823725,
                    3.3533899709402304
                ],
                [
                    0.9999999403953552,
                    1.0,
                    1.0
                ]
            ],
            [
                [
                    1.5147518041204777,
                    -4.908940453913905,
                    0.9115643166430827
                ],
                [
                    -0.12441065907478333,
                    -0.7831752300262451,
                    -0.09241414070129395
                ]
            ],
            [
                [
                    4.232965143455713,
                    -4.106816106403302,
                    -2.1503637178669743
                ],
                [
                    -0.12441065907478333,
                    -0.7831752300262451,
                    -0.09241414070129395
                ]
            ],
            [
                [
                    -0.5755348985020907,
                    -0.8369340571299413,
                    -6.415318119870078
                ],
                [
                    0.9999998807907104,
                    1.0,
                    1.0
                ]
            ],
            [
                [
                    6.011961491428577,
                    2.4411830477540484,
                    0.2914618746300144
                ],
                [
                    0.9999999403953552,
                    1.0,
                    1.0
                ]
            ],
            [
                [
                    -6.011961549889001,
                    -2.441183010946228,
                    -0.29146195115528073
                ],
                [
                    0.9999998807907104,
                    1.0,
                    1.0
                ]
            ],
            [
                [
                    0.5755348400416662,
                    0.8369340939377614,
                    6.415318043344811
                ],
                [
                    0.9999999403953552,
                    1.0,
                    1.0
                ]
            ],
            [
                [
                    -1.203461516457292,
                    -5.711064808836982,
                    3.9734923363523302
                ],
                [
                    -0.12441065907478333,
                    -0.7831752300262451,
                    -0.09241414070129395
                ]
            ],
            [
                [
                    -2.69914197397655,
                    6.5288908686595235,
                    -0.5400331068823601
                ],
                [
                    -0.12441065907478333,
                    -0.7831752300262451,
                    -0.09241408109664917
                ]
            ],
            [
                [
                    -1.778996416686738,
                    -6.5479990192155215,
                    -2.4418257069167795
                ],
                [
                    -0.12441065907478333,
                    -0.7831752300262451,
                    -0.09241414070129395
                ]
            ],
            [
                [
                    4.80849997324393,
                    -3.269881914331532,
                    4.264954287583313
                ],
                [
                    -0.12441083788871765,
                    -0.7831751108169556,
                    -0.09241387248039246
                ]
            ],
            [
                [
                    0.9392169226484977,
                    -5.74587467170492,
                    -5.503753741426836
                ],
                [
                    -0.12441065907478333,
                    -0.7831752300262451,
                    -0.09241414070129395
                ]
            ],
            [
                [
                    7.526713312579165,
                    -2.4677575668209304,
                    1.2030262530732556
                ],
                [
                    -0.12441083788871765,
                    -0.7831751108169556,
                    -0.09241387248039246
                ]
            ]
        ]
    },
    "struct_id": "target1_2mpc_29d2fe462c",
    "input_ref": null,