{
    "properties": {
        "lattice_vector_a": [
            5.80959,
            0.0,
            0.0
        ],
        "lattice_vector_b": [
            0.0,
            7.069755,
            0.0
        ],
        "lattice_vector_c": [
            -2.586018,
            0.0,
            5.224482
        ],
        "unit_cell_volume": 214.5818992993229,
        "cell_vol": 214.5818992993229,
        "spg": 7,
        "molecule_harris_info": [
            [
                -135.2134935100662,
                -116.07115507117206,
                -48.59268536967523,
                1.0835854468193462,
                1.7225846071192559,
                4.000298574685734,
                false
            ],
            [
                87.15703526899138,
                -97.87859764402224,
                -89.27847414719412,
                2.3765945263365484,
                5.347166623206849,
                1.3880575940884807,
                false
            ]
        ],
        "harris_energy": -16763.68512552,
        "rcd": [
            [
                [
                    1.2248404738347864,
                    4.1147564413344995,
                    -1.3904818748935943
                ],
                [
                    0.9619753360748291,
                    -0.8442988991737366,
                    -0.8823235034942627
                ]
            ],
            [
                [
                    -2.174916619177426,
                    2.5019481467378855,
                    3.061843717397649
                ],
                [
                    0.9619753956794739,
                    -0.8442988991737366,
                    -0.8823235034942627
                ]
            ],
            [
                [
                    2.1996546226403946,
                    -2.6742321597956864,
                    -3.1053620996177953
                ],
                [
                    0.9619753360748291,
                    -0.8442988991737366,
                    -0.8823235034942627
                ]
            ],
            [
                [
                    -1.2001024703718175,
                    -4.2870404543923,
                    1.3469634926734477
                ],
                [
                    0.9619753956794739,
                    -0.8442988991737366,
                    -0.8823235034942627
                ]
            ],
            [
                [
                    -2.6651139832732826,
                    0.9012588342438583,
                    -5.082935910721217
                ],
                [
                    1.0,
                    0.9999999403953552,
                    1.0
                ]
            ],
            [
                [
                    2.6651139710560776,
                    -0.9012588301123788,
                    5.082935887420424
                ],
                [
                    1.0,
                    1.0,
                    1.0
                ]
            ],
            [
                [
                    -3.399757038074764,
                    -1.61280829423127,
                    4.452325622073783
                ],
                [
                    0.9999999403953552,
                    0.9999998807907104,
                    1.0
                ]
            ],
            [
                [
                    3.3997569445849667,
                    1.612808255437211,
                    -4.452325521636896
                ],
                [
                    0.9999999403953552,
                    0.9999999403953552,
                    1.0
                ]
            ],
            [
                [
                    -6.064871033274365,
                    -0.7115494559543011,
                    -0.6306103113934447
                ],
                [
                    0.9999999403953552,
                    0.9999998807907104,
                    1.0
                ]
            ],
            [
                [
                    6.064870878571282,
                    0.711549437860675,
                    0.6306102950836538
                ],
                [
                    1.0,
                    0.9999999403953552,
                    1.0
                ]
            ],
            [
                [
                    -4.840030617576771,
                    3.403206986096908,
                    -2.0210922221721668
                ],
                [
                    0.9619753360748291,
                    -0.8442988991737366,
                    -0.8823235034942627
                ]
            ],
            [
                [
                    3.8899544187838613,
                    3.213497620050698,
                    3.6924539627352555
                ],
                [
                    0.9619753360748291,
                    -0.8442988991737366,
                    -0.8823234438896179
                ]
            ],
            [
                [
                    -3.8652164687711617,
                    -3.385781615033277,
                    -3.7359724468963686
                ],
                [
                    0.9619753360748291,
                    -0.8442988991737366,
                    -0.8823235034942627
                ]
            ],
            [
                [
                    4.86476856758947,
                    -3.575490981079487,
                    1.9775737380110538
                ],
                [
                    0.9619753360748291,
                    -0.8442988991737366,
                    -0.8823234438896179
                ]
            ],
            [
                [
                    -0.9748141401935703,
                    6.78898854115257,
                    1.7148802095740172
                ],
                [
                    0.9999999403953552,
                    1.0,
                    1.0
                ]
            ],
            [
                [
                    0.974814132324703,
                    -6.7889884863506875,
                    -1.7148801957312094
                ],
                [
                    0.9999999403953552,
                    0.9999998807907104,
                    1.0000001192092896
                ]
            ]
        ]
    },
    "struct_id": "target1_2mpc_daf249464c",
    "input_ref": null,