{
    "properties": {
        "lattice_vector_a": [
            12.783147,
            0.0,
            0.0
        ],
        "lattice_vector_b": [
            0.0,
            7.285126,
            0.0
        ],
        "lattice_vector_c": [
            -1.467419,
            0.0,
            2.556887
        ],
        "unit_cell_volume": 238.11479778084916,
        "cell_vol": 238.11479778084916,
        "spg": 3,
        "molecule_harris_info": [
            [
                -159.6706790702984,
                -62.16368323804076,
                24.24564344649953,
                8.245219742998163,
                2.5251692875902707,
                2.049591660301419,
                false
            ],
            [
                -20.32921340179003,
                -117.83633289427279,
                -155.75403673115517,
                3.0705097533286887,
                2.5251692875902707,
                0.5072862421499288,
                false
            ]
        ],
        "harris_energy": -16704.128681475,
        "rcd": [
            [
                [
                    0.29869769315385153,
                    1.7059714720800048,
                    2.3856720634833097
                ],
                [
                    1.0,
                    0.9999998211860657,
                    0.9999998807907104
                ]
            ],
            [
                [
                    -0.2986977931025286,
                    -1.7059713938324461,
                    -2.3856723794587946
                ],
                [
                    1.0,
                    0.9999997615814209,
                    0.9999999403953552
                ]
            ],
            [
                [
                    -1.6975044410923696,
                    3.4540610553665223,
                    -3.787383362700888
                ],
                [
                    0.8005353212356567,
                    -0.9290463328361511,
                    -0.8714889287948608
                ]
            ],
            [
                [
                    -1.3988066800216734,
                    5.160032435322501,
                    -1.4017111134511002
                ],
                [
                    0.8005353808403015,
                    -0.9290462732315063,
                    -0.8714889883995056
                ]
            ],
            [
                [
                    1.6660271439773564,
                    -5.073427521511009,
                    2.4662937532465774
                ],
                [
                    0.8005353212356567,
                    -0.9290462732315063,
                    -0.8714889287948608
                ]
            ],
            [
                [
                    -0.5973954639414905,
                    -3.411942698649039,
                    -4.771344235130639
                ],
                [
                    1.0,
                    0.9999998211860657,
                    0.9999999403953552
                ]
            ],
            [
                [
                    0.5973955586127863,
                    3.4119427506769835,
                    4.7713446281533605
                ],
                [
                    1.0,
                    0.9999997615814209,
                    1.0
                ]
            ],
            [
                [
                    1.9647250070907856,
                    -3.3674562295100365,
                    4.851966319096995
                ],
                [
                    0.8005353212356567,
                    -0.9290463924407959,
                    -0.8714888691902161
                ]
            ],
            [
                [
                    -1.9962021894114148,
                    1.7480896592011281,
                    -6.173055576264436
                ],
                [
                    0.8005353212356567,
                    -0.9290463924407959,
                    -0.8714889287948608
                ]
            ],
            [
                [
                    -1.100108951987585,
                    6.866003900481884,
                    0.9839610754498207
                ],
                [
                    0.8005353212356567,
                    -0.9290462732315063,
                    -0.8714889287948608
                ]
            ],
            [
                [
                    -6.912304798651206,
                    -1.3721750042071055,
                    1.8466826837157697
                ],
                [
                    1.0000001192092896,
                    0.9999998807907104,
                    1.0000001192092896
                ]
            ],
            [
                [
                    6.912304909353316,
                    1.3721750261827954,
                    -1.8466827132908066
                ],
                [
                    1.0000001192092896,
                    0.9999998807907104,
                    1.0000001192092896
                ]
            ],
            [
                [
                    2.263422631432957,
                    -1.6614846732282467,
                    7.237638187577769
                ],
                [
                    0.8005355596542358,
                    -0.9290463924407959,
                    -0.8714890480041504
                ]
            ],
            [
                [
                    -6.613607105497355,
                    0.3337964678728995,
                    4.2323547471990794
                ],
                [
                    1.0000001192092896,
                    0.9999998211860657,
                    1.0
                ]
            ],
            [
                [
                    7.211002602507167,
                    3.0781464982628,
                    0.5389893501925032
                ],
                [
                    1.0000001192092896,
                    0.9999998807907104,
                    1.0
                ]
            ],
            [
                [
                    -7.211002591753735,
                    -3.078146398039552,
                    -0.5389896957430249
                ],
                [
                    1.0000001192092896,
                    0.9999998807907104,
                    1.0000001192092896
                ]
            ]
        ]
    },
    "struct_id": "target1_2mpc_2cd3896b82",
    "input_ref": null,