{
    "properties": {
        "lattice_vector_a": [
            8.459632,
            0.0,
            0.0
        ],
        "lattice_vector_b": [
            0.0,
            6.706206,
            0.0
        ],
        "lattice_vector_c": [
            0.992826,
            0.0,
            4.228424
        ],
        "unit_cell_volume": 239.8870978393273,
        "cell_vol": 239.8870978393273,
        "spg": 4,
        "molecule_harris_info": [
            [
                143.27894230347565,
                -22.18630960948222,
                -161.1344873941921,
                3.4509062843119844,
                0.6594446196835091,
                2.675755028830881,
                false
            ],
            [
                36.72062899509929,
                -157.8131556844302,
                18.8649747025331,
                6.001553104278889,
                4.012547669258524,
                1.5526598772390725,
                false
            ]
        ],
        "harris_energy": -16716.443112361,
        "rcd": [
            [
                [
                    -0.41761833486045696,
                    2.853805642939207,
                    -3.2475625230258154
                ],
                [
                    1.0,
                    0.9999998807907104,
                    1.0
                ]
            ],
            [
                [
                    0.4176183478390333,
                    -2.8538056501717057,
                    3.2475625112989515
                ],
                [
                    1.0,
                    0.9999998807907104,
                    1.0
                ]
            ],
            [
                [
                    -0.4592251394764963,
                    -2.9287799182363283,
                    -3.197155254408009
                ],
                [
                    -0.01916687563061714,
                    -0.33074554800987244,
                    -0.6500875949859619
                ]
            ],
            [
                [
                    4.237114818022072,
                    0.9505566375650569,
                    -0.3920993428542894
                ],
                [
                    -0.01916690543293953,
                    -0.3307454586029053,
                    -0.6500875949859619
                ]
            ],
            [
                [
                    -0.04160676132160149,
                    -5.7825856288574755,
                    0.05040728973525299
                ],
                [
                    -0.019166868180036545,
                    -0.33074551820755005,
                    -0.6500875949859619
                ]
            ],
            [
                [
                    4.6547331961769665,
                    -1.9032490730560903,
                    2.8554632012889725
                ],
                [
                    -0.019166897982358932,
                    -0.33074548840522766,
                    -0.6500875949859619
                ]
            ],
            [
                [
                    -0.8768434725406604,
                    -0.0749742623098375,
                    -6.444717798402406
                ],
                [
                    -0.01916687563061714,
                    -0.33074554800987244,
                    -0.6500875949859619
                ]
            ],
            [
                [
                    3.8194964849579085,
                    3.8043622934915478,
                    -3.6396618868486863
                ],
                [
                    -0.01916690543293953,
                    -0.3307454586029053,
                    -0.6500875949859619
                ]
            ],
            [
                [
                    -4.696339869798085,
                    -3.8793364833578035,
                    -2.80505585917149
                ],
                [
                    1.0,
                    0.9999999403953552,
                    1.0
                ]
            ],
            [
                [
                    4.696339859584865,
                    3.8793364749213355,
                    2.805055853071281
                ],
                [
                    1.0,
                    0.9999999403953552,
                    0.9999999403953552
                ]
            ],
            [
                [
                    -6.052995737514793,
                    -0.5309875861489017,
                    2.8520662685222793
                ],
                [
                    -0.019166868180036545,
                    -0.33074551820755005,
                    -0.6500875949859619
                ]
            ],
            [
                [
                    -1.3566557800162249,
                    3.3483489696524837,
                    5.657122180075999
                ],
                [
                    -0.019166897982358932,
                    -0.33074548840522766,
                    -0.6500875949859619
                ]
            ],
            [
                [
                    -6.47061404142192,
                    2.322818059608795,
                    -0.3954963102247865
                ],
                [
                    -0.019166816025972366,
                    -0.3307455778121948,
                    -0.6500874757766724
                ]
            ],
            [
                [
                    -1.7742740839233524,
                    6.202154615410181,
                    2.4095596013289327
                ],
                [
                    -0.01916687563061714,
                    -0.3307456374168396,
                    -0.6500875949859619
                ]
            ],
            [
                [
                    -5.113958204658542,
                    -1.0255308404185963,
                    -6.052618382197306
                ],
                [
                    1.0,
                    1.0,
                    0.9999998807907104
                ]
            ],
            [
                [
                    4.278721524724408,
                    6.733142117860543,
                    -0.44250666995453436
                ],
                [
                    1.0,
                    0.9999998807907104,
                    0.9999999403953552
                ]
            ]
        ]
    },
    "struct_id": "target1_2mpc_e2203b4680",
    "input_ref": null,