{
    "properties": {
        "lattice_vector_a": [
            18.600708,
            0.0,
            0.0
        ],
        "lattice_vector_b": [
            0.0,
            3.486688,
            0.0
        ],
        "lattice_vector_c": [
            -4.678377,
            0.0,
            3.785871
        ],
        "unit_cell_volume": 245.53215403251056,
        "cell_vol": 245.53215403251056,
        "spg": 3,
        "molecule_harris_info": [
            [
                -141.3673854843354,
                -108.21161746905373,
                163.747735554665,
                11.453005070381975,
                1.33898378528179,
                2.026121165484507,
                false
            ],
            [
                -38.63270120831912,
                -71.78886650324456,
                -16.252424894285245,
                2.4693276745148323,
                1.33898378528179,
                1.7597407633240552,
                false
            ]
        ],
        "harris_energy": -16710.139453974,
        "rcd": [
            [
                [
                    -1.4474609553943392,
                    0.2678467244508129,
                    -3.16071334569777
                ],
                [
                    0.9999999403953552,
                    1.0000001192092896,
                    1.0
                ]
            ],
            [
                [
                    1.4474609725047083,
                    -0.26784672761701667,
                    3.1607133830604157
                ],
                [
                    0.9999999403953552,
                    1.0000001192092896,
                    1.0
                ]
            ],
            [
                [
                    5.36732692526735,
                    0.5921183086471928,
                    -2.4078104913953777
                ],
                [
                    -0.6553187370300293,
                    -0.9881975054740906,
                    0.6435161828994751
                ]
            ],
            [
                [
                    -0.3822685709239395,
                    -5.996909336141973,
                    -0.33313221749064903
                ],
                [
                    1.0,
                    1.0000001192092896,
                    0.9999999403953552
                ]
            ],
            [
                [
                    0.3822686989403574,
                    5.996909002678173,
                    0.3331321306064514
                ],
                [
                    1.0,
                    1.0000001192092896,
                    0.9999999403953552
                ]
            ],
            [
                [
                    -5.405611801148872,
                    -1.4172006432398172,
                    2.3554235900323386
                ],
                [
                    -0.6553187370300293,
                    -0.9881975054740906,
                    0.6435161828994751
                ]
            ],
            [
                [
                    3.919865969873011,
                    0.859965033098006,
                    -5.568523837093148
                ],
                [
                    -0.6553187966346741,
                    -0.9881975650787354,
                    0.6435161828994751
                ]
            ],
            [
                [
                    6.814787897772058,
                    0.3242715810301764,
                    0.752902891665038
                ],
                [
                    -0.6553187370300293,
                    -0.9881975650787354,
                    0.6435161232948303
                ]
            ],
            [
                [
                    -1.8297295263182791,
                    -5.729062611691161,
                    -3.493845563188419
                ],
                [
                    0.9999999403953552,
                    1.0000001192092896,
                    1.0
                ]
            ],
            [
                [
                    1.0651924015807688,
                    -6.26475606375899,
                    2.827581165569767
                ],
                [
                    0.9999999403953552,
                    1.0000001192092896,
                    1.0
                ]
            ],
            [
                [
                    -1.0651922564539817,
                    6.2647557271289855,
                    -2.8275812150913184
                ],
                [
                    0.9999999403953552,
                    1.0000001192092896,
                    1.0
                ]
            ],
            [
                [
                    1.8297296714450657,
                    5.729062275061156,
                    3.4938455136668667
                ],
                [
                    0.9999999403953552,
                    1.0000001192092896,
                    1.0
                ]
            ],
            [
                [
                    -2.894921910920296,
                    0.5356934489259813,
                    -6.321426691682944
                ],
                [
                    0.9999999403953552,
                    1.0000001192092896,
                    1.0
                ]
            ],
            [
                [
                    2.894921923818882,
                    -0.5356934513128117,
                    6.32142671984863
                ],
                [
                    0.9999999403953552,
                    1.0000001192092896,
                    1.0
                ]
            ],
            [
                [
                    -6.853072756543212,
                    -1.1493539187890045,
                    -0.8052897556654313
                ],
                [
                    -0.6553187966346741,
                    -0.9881975650787354,
                    0.6435161828994751
                ]
            ],
            [
                [
                    -3.9581508286441642,
                    -1.685047370856834,
                    5.516136973092754
                ],
                [
                    -0.6553187370300293,
                    -0.9881975650787354,
                    0.6435160636901855
                ]
            ]
        ]
    },
    "struct_id": "target1_2mpc_a763f73695",
    "input_ref": null,