{
    "properties": {
        "lattice_vector_a": [
            14.543448,
            0.0,
            0.0
        ],
        "lattice_vector_b": [
            0.0,
            5.490969,
            0.0
        ],
        "lattice_vector_c": [
            -1.952285,
            0.0,
            2.709488
        ],
        "unit_cell_volume": 216.37326884568756,
        "cell_vol": 216.37326884568756,
        "spg": 3,
        "molecule_harris_info": [
            [
                0,
                0,
                0,
                2.651627928652662,
                4.120714649241021,
                1.4572955063603659,
                false
            ],
            [
                76.89424388240042,
                -179.60943728365314,
                76.87554022224963,
                9.939537139649087,
                4.120714649241021,
                1.2521835879838847,
                false
            ]
        ],
        "harris_energy": -16709.473894283,
        "rcd": [
            [
                [
                    0.9312854155735318,
                    1.1658353197967144,
                    -2.9876876841294493
                ],
                [
                    1.0,
                    1.0,
                    1.0
                ]
            ],
            [
                [
                    -0.9312854065656101,
                    -1.1658354268797722,
                    2.98768774187735
                ],
                [
                    1.0,
                    1.0,
                    1.0
                ]
            ],
            [
                [
                    -4.829943628823233,
                    -1.5428795765421948,
                    -2.1075826426896693
                ],
                [
                    1.0,
                    1.0,
                    1.0
                ]
            ],
            [
                [
                    4.829943551852715,
                    1.5428795519546945,
                    2.107582609102998
                ],
                [
                    1.0,
                    1.0,
                    1.0
                ]
            ],
            [
                [
                    2.5356512174630197,
                    -4.799165892748332,
                    -2.297664555468975
                ],
                [
                    0.5474489331245422,
                    -0.8420952558517456,
                    -0.7053537368774414
                ]
            ],
            [
                [
                    -2.5198571809741206,
                    5.112868015796742,
                    2.0318202783087176
                ],
                [
                    0.5474489331245422,
                    -0.8420952558517456,
                    -0.7053537368774414
                ]
            ],
            [
                [
                    1.6043658454107028,
                    -5.965001345165925,
                    0.6900231260095708
                ],
                [
                    0.5474487543106079,
                    -0.842095136642456,
                    -0.7053537368774414
                ]
            ],
            [
                [
                    -3.8986582132497007,
                    -0.37704425674548014,
                    -5.095270326819119
                ],
                [
                    1.0,
                    1.0,
                    1.0
                ]
            ],
            [
                [
                    5.761228967426247,
                    2.708714871751409,
                    -0.880105075026451
                ],
                [
                    1.0,
                    1.0,
                    1.0
                ]
            ],
            [
                [
                    -5.761229035388843,
                    -2.708715003421967,
                    0.8801050991876809
                ],
                [
                    1.0,
                    1.0,
                    1.0
                ]
            ],
            [
                [
                    3.8986581452871043,
                    0.37704412507492213,
                    5.095270350980348
                ],
                [
                    1.0,
                    1.0,
                    1.0
                ]
            ],
            [
                [
                    -1.5885718412658387,
                    6.2787034451991595,
                    -0.9558673121985493
                ],
                [
                    0.5474489331245422,
                    -0.8420952558517456,
                    -0.7053537368774414
                ]
            ],
            [
                [
                    1.862570781857748,
                    2.3316707474520935,
                    -5.975375334261797
                ],
                [
                    1.0,
                    1.0,
                    1.0
                ]
            ],
            [
                [
                    -1.8625708044158529,
                    -2.3316707323278156,
                    5.9753753748862675
                ],
                [
                    1.0,
                    0.9999999403953552,
                    1.0
                ]
            ],
            [
                [
                    -3.451142711085939,
                    3.9470327308140383,
                    5.01950819943936
                ],
                [
                    0.5474489331245422,
                    -0.8420952558517456,
                    -0.7053537368774414
                ]
            ],
            [
                [
                    3.466936661760168,
                    -3.633330641263542,
                    -5.28535225541578
                ],
                [
                    0.5474487543106079,
                    -0.8420950770378113,
                    -0.7053537368774414
                ]
            ]
        ]
    },
    "struct_id": "target1_2mpc_b04ab9d9f3",
    "input_ref": null,