{
    "properties": {
        "lattice_vector_a": [
            3.878838,
            0.0,
            0.0
        ],
        "lattice_vector_b": [
            0.0,
            7.015143,
            0.0
        ],
        "lattice_vector_c": [
            3.037163,
            0.0,
            8.422582
        ],
        "unit_cell_volume": 229.1835370906578,
        "cell_vol": 229.1835370906578,
        "spg": 7,
        "molecule_harris_info": [
            [
                -1.3991805510301973,
                -25.967301121714637,
                4.54227352759106,
                1.0229709452771127,
                1.1960294091321053,
                2.248570814847629,
                false
            ],
            [
                -135.91907011432906,
                -26.9961017770377,
                5.4436620363449855,
                2.541552210741855,
                5.819110080282739,
                6.45986161313634,
                false
            ]
        ],
        "harris_energy": -16800.858100031,
        "rcd": [
            [
                [
                    -1.5061942912221842,
                    0.4886188033322732,
                    3.540905761962097
                ],
                [
                    1.0000001192092896,
                    1.0,
                    1.0000001192092896
                ]
            ],
            [
                [
                    1.5061943394822244,
                    -0.4886188189881306,
                    -3.54090587541642
                ],
                [
                    1.0000001192092896,
                    1.0,
                    1.0
                ]
            ],
            [
                [
                    -0.8537475850873544,
                    -4.814376785904406,
                    -1.36231939886986
                ],
                [
                    -0.6395787000656128,
                    0.8880868554115295,
                    -0.7514917850494385
                ]
            ],
            [
                [
                    -3.477905062946184,
                    3.6826860104014196,
                    -0.324069438242199
                ],
                [
                    -0.6395787000656128,
                    0.8880869150161743,
                    -0.7514917850494385
                ]
            ],
            [
                [
                    -2.3599418775406624,
                    -4.325757982172748,
                    2.17858636598648
                ],
                [
                    -0.6395787000656128,
                    0.8880868554115295,
                    -0.7514917850494385
                ]
            ],
            [
                [
                    -1.9717107476555356,
                    3.1940671992611867,
                    -3.8649752567867464
                ],
                [
                    -0.6395787000656128,
                    0.8880869150161743,
                    -0.7514917850494385
                ]
            ],
            [
                [
                    5.497918260993397,
                    -3.1549351786091377,
                    1.1104969086683858
                ],
                [
                    -0.6395787000656128,
                    0.8880868554115295,
                    -0.7514917850494385
                ]
            ],
            [
                [
                    2.873760783134567,
                    5.342127617696687,
                    2.1487468692960463
                ],
                [
                    -0.6395787000656128,
                    0.8880869150161743,
                    -0.7514917850494385
                ]
            ],
            [
                [
                    3.9917239685400885,
                    -2.6663163748774803,
                    4.651402673524726
                ],
                [
                    -0.6395787000656128,
                    0.8880868554115295,
                    -0.7514917850494385
                ]
            ],
            [
                [
                    4.379955098425215,
                    4.853508806556455,
                    -1.392158949248501
                ],
                [
                    -0.6395787000656128,
                    0.8880869150161743,
                    -0.7514917850494385
                ]
            ],
            [
                [
                    -6.351665917845866,
                    -1.6594416260446825,
                    -2.472816335477679
                ],
                [
                    1.0000001192092896,
                    1.0,
                    1.0
                ]
            ],
            [
                [
                    6.351665856414928,
                    1.6594416099951836,
                    2.472816311561524
                ],
                [
                    1.0000001192092896,
                    1.0,
                    1.0
                ]
            ],
            [
                [
                    0.652446728048828,
                    -5.302995596345716,
                    -4.903225212349482
                ],
                [
                    -0.6395787596702576,
                    0.8880870342254639,
                    -0.7514917850494385
                ]
            ],
            [
                [
                    -4.984099348320531,
                    4.1713048118366185,
                    3.216836309972244
                ],
                [
                    -0.6395787596702576,
                    0.8880870342254639,
                    -0.7514918446540833
                ]
            ],
            [
                [
                    -3.0123885962329515,
                    0.9772376111376485,
                    7.081811556339715
                ],
                [
                    1.0,
                    1.0,
                    1.0
                ]
            ],
            [
                [
                    3.012388596232951,
                    -0.9772376111376484,
                    -7.081811556339714
                ],
                [
                    1.0,
                    1.0000001192092896,
                    1.0
                ]
            ]
        ]
    },
    "struct_id": "target1_2mpc_0a6684bae2",
    "input_ref": null,