{
    "properties": {
        "lattice_vector_a": [
            4.682742,
            0.0,
            0.0
        ],
        "lattice_vector_b": [
            0.0,
            13.624465,
            0.0
        ],
        "lattice_vector_c": [
            -4.703322,
            0.0,
            4.989496
        ],
        "unit_cell_volume": 318.32911874366033,
        "cell_vol": 318.32911874366033,
        "spg": 6,
        "molecule_harris_info": [
            [
                109.07331142833098,
                -163.731148867012,
                123.53959868287704,
                -1.7987553214139125,
                3.5148578451034873,
                2.9681516921821425,
                false
            ],
            [
                -28.18186221542466,
                -130.32166326331657,
                -172.89919766339676,
                -1.7987553214139125,
                10.109603700485636,
                2.9681516921821425,
                false
            ]
        ],
        "harris_energy": -17119.564268718,
        "rcd": [
            [
                [
                    1.0680523180146144,
                    -2.330202730089432,
                    -3.9188637133804605
                ],
                [
                    1.0,
                    1.000000238418579,
                    0.9999999403953552
                ]
            ],
            [
                [
                    -1.0680522960315553,
                    2.3302026821283124,
                    3.918863632720916
                ],
                [
                    0.9999998807907104,
                    1.0000001192092896,
                    0.9999999403953552
                ]
            ],
            [
                [
                    -1.3583410985353683,
                    3.9429201116419104,
                    -2.739303126388508
                ],
                [
                    0.9999999403953552,
                    1.0000001192092896,
                    0.9999999403953552
                ]
            ],
            [
                [
                    1.3583410632197706,
                    -3.9429200092173646,
                    2.7393030558606886
                ],
                [
                    1.0,
                    1.000000238418579,
                    0.9999999403953552
                ]
            ],
            [
                [
                    6.163002518410239,
                    2.3282822534092933,
                    0.2952482615833387
                ],
                [
                    -0.7467011213302612,
                    0.7507098913192749,
                    -0.9959912300109863
                ]
            ],
            [
                [
                    -2.4263934032444467,
                    6.273122812702243,
                    1.1795605381717014
                ],
                [
                    0.9999999403953552,
                    1.000000238418579,
                    1.0
                ]
            ],
            [
                [
                    2.4263933761724963,
                    -6.273122728263117,
                    -1.17956063894685
                ],
                [
                    1.0,
                    1.000000238418579,
                    0.9999999403953552
                ]
            ],
            [
                [
                    -0.29028880322693995,
                    1.6127174310912662,
                    -6.658166756456151
                ],
                [
                    0.9999999403953552,
                    1.0000001192092896,
                    1.0
                ]
            ],
            [
                [
                    0.2902887457836576,
                    -1.6127172803900676,
                    6.65816676711853
                ],
                [
                    1.0,
                    1.0000001192092896,
                    0.9999998807907104
                ]
            ],
            [
                [
                    -6.569499063720385,
                    -2.4818500460056097,
                    -0.3147221134897651
                ],
                [
                    -0.7467011213302612,
                    0.7507098913192749,
                    -0.9959912300109863
                ]
            ],
            [
                [
                    7.231054836424853,
                    -0.0019204766801386164,
                    -3.6236154517971215
                ],
                [
                    -0.7467011213302612,
                    0.7507098913192749,
                    -0.9959912300109863
                ]
            ],
            [
                [
                    5.094950222378683,
                    4.658484935537606,
                    4.214111894304255
                ],
                [
                    -0.7467011213302612,
                    0.7507098913192749,
                    -0.9959912300109863
                ]
            ],
            [
                [
                    7.52134358163001,
                    -1.6146377558080713,
                    3.0345513174440275
                ],
                [
                    -0.7467011213302612,
                    0.7507098913192749,
                    -0.9959912300109863
                ]
            ],
            [
                [
                    4.80466141987487,
                    6.271202365051204,
                    -2.4440548648051696
                ],
                [
                    -0.7467011213302612,
                    0.7507098913192749,
                    -0.9959911704063416
                ]
            ],
            [
                [
                    -5.5014467457057705,
                    -4.812052776095042,
                    -4.233585826870225
                ],
                [
                    -0.7467011213302612,
                    0.7507098913192749,
                    -0.9959912300109863
                ]
            ],
            [
                [
                    -7.63755135975194,
                    -0.15164736387729727,
                    3.604141519231151
                ],
                [
                    -0.7467011213302612,
                    0.7507098913192749,
                    -0.9959912300109863
                ]
            ]
        ]
    },
    "struct_id": "target1_2mpc_cb38c3ca2b",
    "input_ref": null,