{
    "properties": {
        "lattice_vector_a": [
            6.778414,
            0.0,
            0.0
        ],
        "lattice_vector_b": [
            0.0,
            5.145011,
            0.0
        ],
        "lattice_vector_c": [
            6.688758,
            0.0,
            7.485257
        ],
        "unit_cell_volume": 261.0484471040169,
        "cell_vol": 261.0484471040169,
        "spg": 7,
        "molecule_harris_info": [
            [
                -45.80808277925735,
                -138.85518258268007,
                24.225112029594662,
                2.0497511115242193,
                3.91583943874278,
                1.7740015516335026,
                false
            ],
            [
                42.52342605739379,
                -89.85354255692813,
                -148.56645608916438,
                5.394130229949951,
                1.2291684144354882,
                5.516630167458603,
                false
            ]
        ],
        "harris_energy": -16781.862341713,
        "rcd": [
            [
                [
                    -3.7637136787389482,
                    3.4583452468452176,
                    0.5877449224289983
                ],
                [
                    1.0000001192092896,
                    1.0,
                    0.9999999403953552
                ]
            ],
            [
                [
                    3.7637137506365193,
                    -3.4583453129093886,
                    -0.587744933656588
                ],
                [
                    1.0000001192092896,
                    0.9999999403953552,
                    1.0
                ]
            ],
            [
                [
                    -0.6709703866650247,
                    -4.846568536415954,
                    2.7011376663342013
                ],
                [
                    -0.07026264816522598,
                    0.0963623970746994,
                    -0.9739002585411072
                ]
            ],
            [
                [
                    4.267653996904809,
                    1.541701813983689,
                    -3.2627991865521153
                ],
                [
                    -0.07026264816522598,
                    0.09636240452528,
                    -0.9739002585411072
                ]
            ],
            [
                [
                    3.9370125705528216,
                    -0.05962393883050199,
                    4.0422361733051035
                ],
                [
                    -0.07026264816522598,
                    0.09636236727237701,
                    -0.9739002585411072
                ]
            ],
            [
                [
                    -0.34032903995087926,
                    -3.2452428663325232,
                    -4.603897716700661
                ],
                [
                    -0.07026264816522598,
                    0.09636237472295761,
                    -0.9739002585411072
                ]
            ],
            [
                [
                    -4.43468409137987,
                    -1.3882232657023916,
                    3.2888825928196193
                ],
                [
                    -0.07026264816522598,
                    0.0963623970746994,
                    -0.9739001989364624
                ]
            ],
            [
                [
                    0.503940292189964,
                    5.000047084697252,
                    -2.6750542600666973
                ],
                [
                    -0.07026264816522598,
                    0.09636240452528,
                    -0.9739001989364624
                ]
            ],
            [
                [
                    0.17329886583797727,
                    3.3987213318830607,
                    4.6299810997905215
                ],
                [
                    -0.07026264816522598,
                    0.09636242687702179,
                    -0.9739002585411072
                ]
            ],
            [
                [
                    -4.1040427446657235,
                    0.21310240438103956,
                    -4.016152790215244
                ],
                [
                    -0.07026264816522598,
                    0.09636244177818298,
                    -0.9739002585411072
                ]
            ],
            [
                [
                    -4.607983006600851,
                    -4.78694464888636,
                    -1.341098521343237
                ],
                [
                    1.0000001192092896,
                    1.0,
                    0.9999998807907104
                ]
            ],
            [
                [
                    4.607983008702256,
                    4.786944651069377,
                    1.3410985219548255
                ],
                [
                    1.0000001192092896,
                    1.0,
                    0.9999999403953552
                ]
            ],
            [
                [
                    0.33064132649804717,
                    1.6013256496549244,
                    -7.305035392288518
                ],
                [
                    1.0000001192092896,
                    0.9999999403953552,
                    0.9999999403953552
                ]
            ],
            [
                [
                    -0.3306413238864563,
                    -1.6013256440915722,
                    7.305035376276963
                ],
                [
                    1.0000001192092896,
                    1.0,
                    0.9999999403953552
                ]
            ],
            [
                [
                    -8.3716966853398,
                    -1.3285994020411422,
                    -0.7533535989142386
                ],
                [
                    1.0000001192092896,
                    1.0,
                    0.9999998807907104
                ]
            ],
            [
                [
                    0.8442693299633075,
                    8.245289897914596,
                    1.9288434443838238
                ],
                [
                    1.0000001192092896,
                    1.0,
                    0.9999999403953552
                ]
            ]
        ]
    },
    "struct_id": "target1_2mpc_1ea19ae5fb",
    "input_ref": null,