{
    "properties": {
        "lattice_vector_a": [
            2.978375,
            0.0,
            0.0
        ],
        "lattice_vector_b": [
            0.0,
            8.657482,
            0.0
        ],
        "lattice_vector_c": [
            -6.889482,
            0.0,
            10.244589
        ],
        "unit_cell_volume": 264.1590626369905,
        "cell_vol": 264.1590626369905,
        "spg": 7,
        "molecule_harris_info": [
            [
                -42.7274409407179,
                -9.850713237166083,
                60.52878922389887,
                -3.308675096390095,
                3.901825374745308,
                8.962234182362543,
                false
            ],
            [
                -174.85621578233307,
                -40.973711100542204,
                36.51071133133441,
                0.1360659358349252,
                4.755652976796982,
                3.839939772884579,
                false
            ]
        ],
        "harris_energy": -16863.9667951
    },
    "struct_id": "target1_2mpc_e71ddfbfce",
    "input_ref": null,
    "geometry": [
        [
            -3.147655963897705,
            5.586933135986328,
            8.227022171020508,
            "O",
            NaN,
            NaN,
            false
        ],
        [
            -3.5966811180114746,
            4.45822286605835,
            7.56558084487915,
            "C",
            NaN,
            NaN,
            false
        ],
        [
            -3.8679699897766113,
            4.616568088531494,
            6.5296630859375,
            "H",
            NaN,
            NaN,
            false
        ],
        [
            -3.569538116455078,
            3.4201040267944336,
            8.442172050476074,
            "C",
            NaN,
            NaN,
            false
        ],
        [
            -3.731024980545044,
            2.0042428970336914,
            8.975829124450684,
            "C",
            NaN,
            NaN,
            false
        ],
        [
            -3.087433099746704,
            1.247799038887024,
            8.5084810256958,
            "H",
            NaN,
            NaN,
            false
        ],
        [
            -4.760094165802002,
            1.6230900287628174,
            9.000387191772461,
            "H",
            NaN,
            NaN,
            false
        ],
        [
            -3.1978600025177,
            2.5586230754852295,
            10.363378524780273,
            "C",
            NaN,
            NaN,
            false
        ],
        [
            -2.248339891433716,
            2.1202330589294434,
            10.69688606262207,
            "H",
            NaN,
            NaN,
            false
        ],
        [
            -3.920969009399414,
            2.4994699954986572,
            11.187063217163086,
            "H",
            NaN,
            NaN,
            false
        ],
        [
            -3.090291976928711,
            3.9167261123657227,
            9.685279846191406,
            "C",
            NaN,
            NaN,
            false
        ],
        [
            -2.8390491008758545,
            5.243299961090088,
            9.530564308166504,
            "C",
            NaN,
            NaN,
            false
        ],
        [
            -2.4748940467834473,
            6.059037208557129,
            10.14194107055664,
            "H",
            NaN,
            NaN,
            false
        ],
        [
            0.2970849871635437,
            3.0705490112304688,
            3.1047279834747314,
            "O",
            NaN,
            NaN,
            false
        ],
        [
            -0.1519390046596527,
            4.199258804321289,
            2.443286895751953,
            "C",
            NaN,
            NaN,
            false
        ],
        [
            -0.42322900891304016,
            4.040914058685303,
            1.4073690176010132,
            "H",
            NaN,
            NaN,
            false
        ],
        [
            -0.12479700148105621,
            5.237378120422363,
            3.3198769092559814,
            "C",
            NaN,
            NaN,
            false
        ],
        [
            -0.2862839996814728,
            6.653238773345947,
            3.8535349369049072,
            "C",
            NaN,
            NaN,
            false
        ],
        [
            0.3573080003261566,
            7.4096832275390625,
            3.3861870765686035,
            "H",
            NaN,
            NaN,
            false
        ],
        [
            -1.3153539896011353,
            7.0343918800354,
            3.8780930042266846,
            "H",
            NaN,
            NaN,
            false
        ],
        [
            0.24688099324703217,
            6.098858833312988,
            5.241084098815918,
            "C",
            NaN,
            NaN,
            false
        ],
        [
            1.1964019536972046,
            6.5372490882873535,
            5.574592113494873,
            "H",
            NaN,
            NaN,
            false
        ],
        [
            -0.4762279987335205,
            6.1580119132995605,
            6.064770221710205,
            "H",
            NaN,
            NaN,
            false
        ],
        [
            0.35444799065589905,
            4.740756034851074,
            4.562984943389893,
            "C",
            NaN,
            NaN,
            false
        ],
        [
            0.6056920289993286,
            3.41418194770813,
            4.408269882202148,
            "C",
            NaN,
            NaN,
            false
        ],
        [
            0.9698470234870911,
            2.598444938659668,
            5.019647121429443,
            "H",
            NaN,
            NaN,
            false
        ]
    ]
}