{
    "properties": {
        "lattice_vector_a": [
            3.613603,
            0.0,
            0.0
        ],
        "lattice_vector_b": [
            0.0,
            11.099514,
            0.0
        ],
        "lattice_vector_c": [
            3.266849,
            0.0,
            5.584671
        ],
        "unit_cell_volume": 223.99689320273862,
        "cell_vol": 223.99689320273862,
        "spg": 4,
        "molecule_harris_info": [
            [
                0,
                0,
                0,
                4.577162379914141,
                9.565161199011701,
                4.663325142154986,
                false
            ],
            [
                -67.95190060488238,
                -175.89570458553843,
                -69.1463478678377,
                2.3032911121845245,
                4.015403530699142,
                0.9213371839215782,
                false
            ]
        ],
        "harris_energy": -16713.117107474
    },
    "struct_id": "target1_2mpc_b7a07f2e46",
    "input_ref": null,
    "geometry": [
        [
            5.209044933319092,
            11.162943840026855,
            3.989629030227661,
            "O",
            NaN,
            NaN,
            false
        ],
        [
            4.34194803237915,
            10.301551818847656,
            3.34212589263916,
            "C",
            NaN,
            NaN,
            false
        ],
        [
            4.028904914855957,
            10.626845359802246,
            2.3582630157470703,
            "H",
            NaN,
            NaN,
            false
        ],
        [
            4.116643905639648,
            9.24021053314209,
            4.160433769226074,
            "C",
            NaN,
            NaN,
            false
        ],
        [
            3.552129030227661,
            7.9133710861206055,
            4.646595001220703,
            "C",
            NaN,
            NaN,
            false
        ],
        [
            3.8534181118011475,
            7.031682968139648,
            4.066352844238281,
            "H",
            NaN,
            NaN,
            false
        ],
        [
            2.4638609886169434,
            7.886083126068115,
            4.7872819900512695,
            "H",
            NaN,
            NaN,
            false
        ],
        [
            4.385297775268555,
            8.144647598266602,
            5.976720809936523,
            "C",
            NaN,
            NaN,
            false
        ],
        [
            5.165146827697754,
            7.395223140716553,
            6.164338111877441,
            "H",
            NaN,
            NaN,
            false
        ],
        [
            3.7767438888549805,
            8.2534761428833,
            6.883727073669434,
            "H",
            NaN,
            NaN,
            false
        ],
        [
            4.864548206329346,
            9.446852684020996,
            5.351889133453369,
            "C",
            NaN,
            NaN,
            false
        ],
        [
            5.524263858795166,
            10.628228187561035,
            5.225451946258545,
            "C",
            NaN,
            NaN,
            false
        ],
        [
            6.202420234680176,
            11.226567268371582,
            5.820356845855713,
            "H",
            NaN,
            NaN,
            false
        ],
        [
            1.6714069843292236,
            5.613186836242676,
            1.5950419902801514,
            "O",
            NaN,
            NaN,
            false
        ],
        [
            2.538503885269165,
            4.75179386138916,
            2.2425460815429688,
            "C",
            NaN,
            NaN,
            false
        ],
        [
            2.8515470027923584,
            5.077087879180908,
            3.2264089584350586,
            "H",
            NaN,
            NaN,
            false
        ],
        [
            2.763808012008667,
            3.690453052520752,
            1.4242379665374756,
            "C",
            NaN,
            NaN,
            false
        ],
        [
            3.3283228874206543,
            2.363615036010742,
            0.9380760192871094,
            "C",
            NaN,
            NaN,
            false
        ],
        [
            3.027034044265747,
            1.4819259643554688,
            1.518319010734558,
            "H",
            NaN,
            NaN,
            false
        ],
        [
            4.416592121124268,
            2.33632493019104,
            0.7973899841308594,
            "H",
            NaN,
            NaN,
            false
        ],
        [
            2.4951539039611816,
            2.5948901176452637,
            -0.39204999804496765,
            "C",
            NaN,
            NaN,
            false
        ],
        [
            1.715304970741272,
            1.8454649448394775,
            -0.5796669721603394,
            "H",
            NaN,
            NaN,
            false
        ],
        [
            3.103708028793335,
            2.7037200927734375,
            -1.2990549802780151,
            "H",
            NaN,
            NaN,
            false
        ],
        [
            2.015903949737549,
            3.8970940113067627,
            0.2327820062637329,
            "C",
            NaN,
            NaN,
            false
        ],
        [
            1.3561869859695435,
            5.0784687995910645,
            0.3592190146446228,
            "C",
            NaN,
            NaN,
            false
        ],
        [
            0.6780310273170471,
            5.676809787750244,
            -0.23568600416183472,
            "H",
            NaN,
            NaN,
            false
        ]
    ]
}