{
    "properties": {
        "lattice_vector_a": [
            4.545454,
            0.0,
            0.0
        ],
        "lattice_vector_b": [
            0.0,
            13.249093,
            0.0
        ],
        "lattice_vector_c": [
            -1.577378,
            0.0,
            4.489145
        ],
        "unit_cell_volume": 270.3504202646955,
        "cell_vol": 270.3504202646955,
        "spg": 6,
        "molecule_harris_info": [
            [
                62.90551312418373,
                -15.795818737000415,
                -70.83980870144532,
                2.7745272948386823,
                3.640028584510722,
                2.0559024318973433,
                false
            ],
            [
                -131.16883672469592,
                -53.37375660952636,
                9.024409604917789,
                2.7745272948386823,
                9.609061328654594,
                2.0559024318973433,
                false
            ]
        ],
        "harris_energy": -17195.073030729
    },
    "struct_id": "target1_2mpc_38be7ce398",
    "input_ref": null,
    "geometry": [
        [
            3.648422956466675,
            5.264832019805908,
            2.00715708732605,
            "O",
            NaN,
            NaN,
            false
        ],
        [
            2.818203926086426,
            4.765936851501465,
            1.0197590589523315,
            "C",
            NaN,
            NaN,
            false
        ],
        [
            2.6946399211883545,
            5.412703037261963,
            0.1605599969625473,
            "H",
            NaN,
            NaN,
            false
        ],
        [
            2.370723009109497,
            3.548135995864868,
            1.424183964729309,
            "C",
            NaN,
            NaN,
            false
        ],
        [
            1.6173969507217407,
            2.226422071456909,
            1.3909610509872437,
            "C",
            NaN,
            NaN,
            false
        ],
        [
            1.9236700534820557,
            1.5287230014801025,
            0.6008689999580383,
            "H",
            NaN,
            NaN,
            false
        ],
        [
            0.522691011428833,
            2.3065950870513916,
            1.3836729526519775,
            "H",
            NaN,
            NaN,
            false
        ],
        [
            2.249242067337036,
            1.929260015487671,
            2.815519094467163,
            "C",
            NaN,
            NaN,
            false
        ],
        [
            2.9177770614624023,
            1.0591650009155273,
            2.8471109867095947,
            "H",
            NaN,
            NaN,
            false
        ],
        [
            1.5185290575027466,
            1.840980052947998,
            3.6298320293426514,
            "H",
            NaN,
            NaN,
            false
        ],
        [
            2.938215970993042,
            3.281243085861206,
            2.700252056121826,
            "C",
            NaN,
            NaN,
            false
        ],
        [
            3.7153480052948,
            4.344079971313477,
            3.036855936050415,
            "C",
            NaN,
            NaN,
            false
        ],
        [
            4.3438520431518555,
            4.636442184448242,
            3.8683159351348877,
            "H",
            NaN,
            NaN,
            false
        ],
        [
            3.648422956466675,
            7.984261989593506,
            2.00715708732605,
            "O",
            NaN,
            NaN,
            false
        ],
        [
            2.818203926086426,
            8.483156204223633,
            1.0197590589523315,
            "C",
            NaN,
            NaN,
            false
        ],
        [
            2.6946399211883545,
            7.836390018463135,
            0.1605599969625473,
            "H",
            NaN,
            NaN,
            false
        ],
        [
            2.370723009109497,
            9.700958251953125,
            1.424183964729309,
            "C",
            NaN,
            NaN,
            false
        ],
        [
            1.6173969507217407,
            11.022671699523926,
            1.3909610509872437,
            "C",
            NaN,
            NaN,
            false
        ],
        [
            1.9236700534820557,
            11.720370292663574,
            0.6008689999580383,
            "H",
            NaN,
            NaN,
            false
        ],
        [
            0.522691011428833,
            10.942498207092285,
            1.3836729526519775,
            "H",
            NaN,
            NaN,
            false
        ],
        [
            2.249242067337036,
            11.319833755493164,
            2.815519094467163,
            "C",
            NaN,
            NaN,
            false
        ],
        [
            2.9177770614624023,
            12.18992805480957,
            2.8471109867095947,
            "H",
            NaN,
            NaN,
            false
        ],
        [
            1.5185290575027466,
            11.408112525939941,
            3.6298320293426514,
            "H",
            NaN,
            NaN,
            false
        ],
        [
            2.938215970993042,
            9.967849731445312,
            2.700252056121826,
            "C",
            NaN,
            NaN,
            false
        ],
        [
            3.7153480052948,
            8.905013084411621,
            3.036855936050415,
            "C",
            NaN,
            NaN,
            false
        ],
        [
            4.3438520431518555,
            8.612650871276855,
            3.8683159351348877,
            "H",
            NaN,
            NaN,
            false
        ]
    ]
}