{
    "properties": {
        "lattice_vector_a": [
            7.409624,
            0.0,
            0.0
        ],
        "lattice_vector_b": [
            0.0,
            8.71035,
            0.0
        ],
        "lattice_vector_c": [
            6.566853,
            0.0,
            3.911681
        ],
        "unit_cell_volume": 252.46152842018853,
        "cell_vol": 252.46152842018853,
        "spg": 4,
        "molecule_harris_info": [
            [
                -80.64825506464162,
                -118.40236957502515,
                18.349143558162094,
                6.958725914042047,
                6.947241977174231,
                0.43401340708295083,
                false
            ],
            [
                -99.35193670201636,
                -61.598451805590855,
                -161.65076226040375,
                7.0177526626181095,
                2.5920670723661465,
                3.4776587205285088,
                false
            ]
        ],
        "harris_energy": -16710.295871079
    },
    "struct_id": "target1_2mpc_da20a9c0a9",
    "input_ref": null,
    "geometry": [
        [
            8.769811630249023,
            6.786396026611328,
            0.7504720091819763,
            "O",
            NaN,
            NaN,
            false
        ],
        [
            7.875686168670654,
            5.737714767456055,
            0.6325049996376038,
            "C",
            NaN,
            NaN,
            false
        ],
        [
            8.313150405883789,
            4.753456115722656,
            0.7404789924621582,
            "H",
            NaN,
            NaN,
            false
        ],
        [
            6.6427998542785645,
            6.261774063110352,
            0.4040449857711792,
            "C",
            NaN,
            NaN,
            false
        ],
        [
            5.1443867683410645,
            6.312171936035156,
            0.14376099407672882,
            "C",
            NaN,
            NaN,
            false
        ],
        [
            4.51174783706665,
            5.9270710945129395,
            0.9538829922676086,
            "H",
            NaN,
            NaN,
            false
        ],
        [
            4.81394100189209,
            5.865004062652588,
            -0.8026580214500427,
            "H",
            NaN,
            NaN,
            false
        ],
        [
            5.289865016937256,
            7.891674041748047,
            0.11366400122642517,
            "C",
            NaN,
            NaN,
            false
        ],
        [
            4.739418983459473,
            8.417069435119629,
            0.9048470258712769,
            "H",
            NaN,
            NaN,
            false
        ],
        [
            5.045866966247559,
            8.354494094848633,
            -0.8512719869613647,
            "H",
            NaN,
            NaN,
            false
        ],
        [
            6.773021221160889,
            7.677408218383789,
            0.3785589933395386,
            "C",
            NaN,
            NaN,
            false
        ],
        [
            8.081584930419922,
            7.975458145141602,
            0.5922960042953491,
            "C",
            NaN,
            NaN,
            false
        ],
        [
            8.690917015075684,
            8.867070198059082,
            0.6668890118598938,
            "H",
            NaN,
            NaN,
            false
        ],
        [
            5.2066650390625,
            2.4312210083007812,
            3.1612091064453125,
            "O",
            NaN,
            NaN,
            false
        ],
        [
            6.100790977478027,
            1.3825390338897705,
            3.2791759967803955,
            "C",
            NaN,
            NaN,
            false
        ],
        [
            5.663327217102051,
            0.398281991481781,
            3.1712019443511963,
            "H",
            NaN,
            NaN,
            false
        ],
        [
            7.333676815032959,
            1.906599998474121,
            3.507636070251465,
            "C",
            NaN,
            NaN,
            false
        ],
        [
            8.8320894241333,
            1.956995964050293,
            3.7679200172424316,
            "C",
            NaN,
            NaN,
            false
        ],
        [
            9.464729309082031,
            1.5718950033187866,
            2.9577980041503906,
            "H",
            NaN,
            NaN,
            false
        ],
        [
            9.162535667419434,
            1.509827971458435,
            4.7143402099609375,
            "H",
            NaN,
            NaN,
            false
        ],
        [
            8.686612129211426,
            3.5364990234375,
            3.7980170249938965,
            "C",
            NaN,
            NaN,
            false
        ],
        [
            9.23705768585205,
            4.061893939971924,
            3.006834030151367,
            "H",
            NaN,
            NaN,
            false
        ],
        [
            8.930609703063965,
            3.9993200302124023,
            4.76295280456543,
            "H",
            NaN,
            NaN,
            false
        ],
        [
            7.203455924987793,
            3.322232961654663,
            3.5331220626831055,
            "C",
            NaN,
            NaN,
            false
        ],
        [
            5.89489221572876,
            3.6202850341796875,
            3.319385051727295,
            "C",
            NaN,
            NaN,
            false
        ],
        [
            5.285560131072998,
            4.511895179748535,
            3.2447919845581055,
            "H",
            NaN,
            NaN,
            false
        ]
    ]
}