{
    "properties": {
        "lattice_vector_a": [
            8.1229,
            0.0,
            0.0
        ],
        "lattice_vector_b": [
            0.0,
            13.239027,
            0.0
        ],
        "lattice_vector_c": [
            3.649494,
            0.0,
            2.557453
        ],
        "unit_cell_volume": 275.02668601305857,
        "cell_vol": 275.02668601305857,
        "spg": 6,
        "molecule_harris_info": [
            [
                0,
                0,
                0,
                4.929826782104817,
                10.426147452060214,
                0.08011106405644976,
                false
            ],
            [
                -149.32608649535368,
                -50.73828039296107,
                28.79660310782822,
                4.929826782104817,
                2.812875899862736,
                0.08011106405644976,
                false
            ]
        ],
        "harris_energy": -17221.346362213
    },
    "struct_id": "target1_2mpc_ddea36d6b9",
    "input_ref": null,
    "geometry": [
        [
            5.5936079025268555,
            12.05908203125,
            -0.4666709899902344,
            "O",
            NaN,
            NaN,
            false
        ],
        [
            4.711211204528809,
            11.267789840698242,
            -1.1796560287475586,
            "C",
            NaN,
            NaN,
            false
        ],
        [
            4.406254768371582,
            11.674854278564453,
            -2.1352179050445557,
            "H",
            NaN,
            NaN,
            false
        ],
        [
            4.464023113250732,
            10.150403022766113,
            -0.44672998785972595,
            "C",
            NaN,
            NaN,
            false
        ],
        [
            3.873157024383545,
            8.800861358642578,
            -0.06574899703264236,
            "C",
            NaN,
            NaN,
            false
        ],
        [
            4.158417224884033,
            7.961460113525391,
            -0.7129459977149963,
            "H",
            NaN,
            NaN,
            false
        ],
        [
            2.784316062927246,
            8.783761978149414,
            0.07208500057458878,
            "H",
            NaN,
            NaN,
            false
        ],
        [
            4.708261013031006,
            8.911478996276855,
            1.278594970703125,
            "C",
            NaN,
            NaN,
            false
        ],
        [
            5.473174095153809,
            8.134737014770508,
            1.4073649644851685,
            "H",
            NaN,
            NaN,
            false
        ],
        [
            4.100305080413818,
            8.960977554321289,
            2.191162109375,
            "H",
            NaN,
            NaN,
            false
        ],
        [
            5.213650226593018,
            10.24893569946289,
            0.757420003414154,
            "C",
            NaN,
            NaN,
            false
        ],
        [
            5.896254062652588,
            11.423572540283203,
            0.7237399816513062,
            "C",
            NaN,
            NaN,
            false
        ],
        [
            6.584764003753662,
            11.960429191589355,
            1.3637080192565918,
            "H",
            NaN,
            NaN,
            false
        ],
        [
            5.5936079025268555,
            1.1799449920654297,
            -0.4666709899902344,
            "O",
            NaN,
            NaN,
            false
        ],
        [
            4.711211204528809,
            1.9712369441986084,
            -1.1796560287475586,
            "C",
            NaN,
            NaN,
            false
        ],
        [
            4.406254768371582,
            1.5641729831695557,
            -2.1352179050445557,
            "H",
            NaN,
            NaN,
            false
        ],
        [
            4.464023113250732,
            3.0886240005493164,
            -0.44672998785972595,
            "C",
            NaN,
            NaN,
            false
        ],
        [
            3.873157024383545,
            4.43816614151001,
            -0.06574899703264236,
            "C",
            NaN,
            NaN,
            false
        ],
        [
            4.158417224884033,
            5.277566909790039,
            -0.7129459977149963,
            "H",
            NaN,
            NaN,
            false
        ],
        [
            2.784316062927246,
            4.455265045166016,
            0.07208500057458878,
            "H",
            NaN,
            NaN,
            false
        ],
        [
            4.708261013031006,
            4.327548980712891,
            1.278594970703125,
            "C",
            NaN,
            NaN,
            false
        ],
        [
            5.473174095153809,
            5.104290008544922,
            1.4073649644851685,
            "H",
            NaN,
            NaN,
            false
        ],
        [
            4.100305080413818,
            4.278048992156982,
            2.191162109375,
            "H",
            NaN,
            NaN,
            false
        ],
        [
            5.213650226593018,
            2.99009108543396,
            0.757420003414154,
            "C",
            NaN,
            NaN,
            false
        ],
        [
            5.896254062652588,
            1.815453052520752,
            0.7237399816513062,
            "C",
            NaN,
            NaN,
            false
        ],
        [
            6.584764003753662,
            1.2785979509353638,
            1.3637080192565918,
            "H",
            NaN,
            NaN,
            false
        ]
    ]
}