{
    "properties": {
        "lattice_vector_a": [
            6.316213,
            0.0,
            0.0
        ],
        "lattice_vector_b": [
            0.0,
            14.587357,
            0.0
        ],
        "lattice_vector_c": [
            -1.411943,
            0.0,
            3.266837
        ],
        "unit_cell_volume": 300.9960834463181,
        "cell_vol": 300.9960834463181,
        "spg": 6,
        "molecule_harris_info": [
            [
                0,
                0,
                0,
                4.215442525579574,
                11.707399359408846,
                1.3144695909020114,
                false
            ],
            [
                -151.98477666183686,
                -49.60002463967063,
                28.90215805945602,
                4.215442525579574,
                2.879953578431556,
                1.3144695909020114,
                false
            ]
        ],
        "harris_energy": -17392.999441318
    },
    "struct_id": "target1_2mpc_b1d347562d",
    "input_ref": null,
    "geometry": [
        [
            4.814011096954346,
            13.362841606140137,
            0.760142982006073,
            "O",
            NaN,
            NaN,
            false
        ],
        [
            3.980372905731201,
            12.524882316589355,
            0.041822001338005066,
            "C",
            NaN,
            NaN,
            false
        ],
        [
            3.673532009124756,
            12.907567977905273,
            -0.9231640100479126,
            "H",
            NaN,
            NaN,
            false
        ],
        [
            3.7715110778808594,
            11.405271530151367,
            0.7832310199737549,
            "C",
            NaN,
            NaN,
            false
        ],
        [
            3.235785961151123,
            10.034462928771973,
            1.169769048690796,
            "C",
            NaN,
            NaN,
            false
        ],
        [
            3.5695090293884277,
            9.202035903930664,
            0.5368970036506653,
            "H",
            NaN,
            NaN,
            false
        ],
        [
            2.1466550827026367,
            9.96951961517334,
            1.2899320125579834,
            "H",
            NaN,
            NaN,
            false
        ],
        [
            4.042242050170898,
            10.197030067443848,
            2.526271104812622,
            "C",
            NaN,
            NaN,
            false
        ],
        [
            4.839136123657227,
            9.457141876220703,
            2.6763598918914795,
            "H",
            NaN,
            NaN,
            false
        ],
        [
            3.417356014251709,
            10.228604316711426,
            3.428136110305786,
            "H",
            NaN,
            NaN,
            false
        ],
        [
            4.4955010414123535,
            11.550411224365234,
            1.998304009437561,
            "C",
            NaN,
            NaN,
            false
        ],
        [
            5.124885082244873,
            12.754341125488281,
            1.9624860286712646,
            "C",
            NaN,
            NaN,
            false
        ],
        [
            5.777574062347412,
            13.328583717346191,
            2.607513904571533,
            "H",
            NaN,
            NaN,
            false
        ],
        [
            4.814011096954346,
            1.2245149612426758,
            0.760142982006073,
            "O",
            NaN,
            NaN,
            false
        ],
        [
            3.980372905731201,
            2.062474012374878,
            0.041822001338005066,
            "C",
            NaN,
            NaN,
            false
        ],
        [
            3.673532009124756,
            1.6797879934310913,
            -0.9231640100479126,
            "H",
            NaN,
            NaN,
            false
        ],
        [
            3.7715110778808594,
            3.1820850372314453,
            0.7832310199737549,
            "C",
            NaN,
            NaN,
            false
        ],
        [
            3.235785961151123,
            4.552894115447998,
            1.169769048690796,
            "C",
            NaN,
            NaN,
            false
        ],
        [
            3.5695090293884277,
            5.385321140289307,
            0.5368970036506653,
            "H",
            NaN,
            NaN,
            false
        ],
        [
            2.1466550827026367,
            4.617835998535156,
            1.2899320125579834,
            "H",
            NaN,
            NaN,
            false
        ],
        [
            4.042242050170898,
            4.390326023101807,
            2.526271104812622,
            "C",
            NaN,
            NaN,
            false
        ],
        [
            4.839136123657227,
            5.130214214324951,
            2.6763598918914795,
            "H",
            NaN,
            NaN,
            false
        ],
        [
            3.417356014251709,
            4.3587517738342285,
            3.428136110305786,
            "H",
            NaN,
            NaN,
            false
        ],
        [
            4.4955010414123535,
            3.0369460582733154,
            1.998304009437561,
            "C",
            NaN,
            NaN,
            false
        ],
        [
            5.124885082244873,
            1.833014965057373,
            1.9624860286712646,
            "C",
            NaN,
            NaN,
            false
        ],
        [
            5.777574062347412,
            1.2587729692459106,
            2.607513904571533,
            "H",
            NaN,
            NaN,
            false
        ]
    ]
}