{
    "properties": {
        "lattice_vector_a": [
            13.927796,
            0.0,
            0.0
        ],
        "lattice_vector_b": [
            0.0,
            6.045692,
            0.0
        ],
        "lattice_vector_c": [
            4.184797,
            0.0,
            2.992044
        ],
        "unit_cell_volume": 251.9395741849109,
        "cell_vol": 251.9395741849109,
        "spg": 3,
        "molecule_harris_info": [
            [
                115.67586892047922,
                -62.36733061111766,
                140.40920803582048,
                7.3879130748992266,
                1.4200977461135134,
                1.6850472233317633,
                false
            ],
            [
                64.32421355350232,
                -117.63238017669181,
                -39.5908348396186,
                10.724682260066905,
                1.4200977461135134,
                1.3069878434167896,
                false
            ]
        ],
        "harris_energy": -16710.043359246
    },
    "struct_id": "target1_2mpc_0e33250e27",
    "input_ref": null,
    "geometry": [
        [
            8.278130531311035,
            1.6025890111923218,
            0.07873299717903137,
            "O",
            NaN,
            NaN,
            false
        ],
        [
            7.6626877784729,
            2.6236560344696045,
            0.7799950242042542,
            "C",
            NaN,
            NaN,
            false
        ],
        [
            7.7306718826293945,
            3.5990259647369385,
            0.3154209852218628,
            "H",
            NaN,
            NaN,
            false
        ],
        [
            7.120556831359863,
            2.0909430980682373,
            1.906559944152832,
            "C",
            NaN,
            NaN,
            false
        ],
        [
            6.372097969055176,
            2.021573066711426,
            3.2296359539031982,
            "C",
            NaN,
            NaN,
            false
        ],
        [
            5.303410053253174,
            2.2671539783477783,
            3.1803970336914062,
            "H",
            NaN,
            NaN,
            false
        ],
        [
            6.823600769042969,
            2.5828590393066406,
            4.057868003845215,
            "H",
            NaN,
            NaN,
            false
        ],
        [
            6.693112850189209,
            0.4679180085659027,
            3.23110294342041,
            "C",
            NaN,
            NaN,
            false
        ],
        [
            5.809618949890137,
            -0.18194100260734558,
            3.185002088546753,
            "H",
            NaN,
            NaN,
            false
        ],
        [
            7.332131862640381,
            0.1343660056591034,
            4.058894157409668,
            "H",
            NaN,
            NaN,
            false
        ],
        [
            7.40703010559082,
            0.698261022567749,
            1.9070580005645752,
            "C",
            NaN,
            NaN,
            false
        ],
        [
            8.115503311157227,
            0.4221859872341156,
            0.780689001083374,
            "C",
            NaN,
            NaN,
            false
        ],
        [
            8.562360763549805,
            -0.4479770064353943,
            0.3170579969882965,
            "H",
            NaN,
            NaN,
            false
        ],
        [
            9.834463119506836,
            1.6025890111923218,
            2.913311004638672,
            "O",
            NaN,
            NaN,
            false
        ],
        [
            10.449905395507812,
            2.6236560344696045,
            2.2120490074157715,
            "C",
            NaN,
            NaN,
            false
        ],
        [
            10.381921768188477,
            3.5990259647369385,
            2.6766231060028076,
            "H",
            NaN,
            NaN,
            false
        ],
        [
            10.992037773132324,
            2.0909430980682373,
            1.0854840278625488,
            "C",
            NaN,
            NaN,
            false
        ],
        [
            11.740494728088379,
            2.021573066711426,
            -0.23759199678897858,
            "C",
            NaN,
            NaN,
            false
        ],
        [
            12.809184074401855,
            2.2671539783477783,
            -0.18835300207138062,
            "H",
            NaN,
            NaN,
            false
        ],
        [
            11.288991928100586,
            2.5828590393066406,
            -1.065822958946228,
            "H",
            NaN,
            NaN,
            false
        ],
        [
            11.41948127746582,
            0.4679180085659027,
            -0.23905900120735168,
            "C",
            NaN,
            NaN,
            false
        ],
        [
            12.302973747253418,
            -0.18194100260734558,
            -0.19295799732208252,
            "H",
            NaN,
            NaN,
            false
        ],
        [
            10.780461311340332,
            0.1343660056591034,
            -1.066849946975708,
            "H",
            NaN,
            NaN,
            false
        ],
        [
            10.70556354522705,
            0.698261022567749,
            1.0849859714508057,
            "C",
            NaN,
            NaN,
            false
        ],
        [
            9.997090339660645,
            0.4221859872341156,
            2.211354970932007,
            "C",
            NaN,
            NaN,
            false
        ],
        [
            9.550232887268066,
            -0.4479770064353943,
            2.674985885620117,
            "H",
            NaN,
            NaN,
            false
        ]
    ]
}