{
    "properties": {
        "lattice_vector_a": [
            6.588236,
            0.0,
            0.0
        ],
        "lattice_vector_b": [
            0.0,
            15.074834,
            0.0
        ],
        "lattice_vector_c": [
            0.717776,
            0.0,
            2.909992
        ],
        "unit_cell_volume": 289.0104068612052,
        "cell_vol": 289.0104068612052,
        "spg": 6,
        "molecule_harris_info": [
            [
                132.29478431973527,
                -64.39329080284986,
                -147.96609645907355,
                5.561147258636799,
                11.476859408490201,
                2.868905604955681,
                false
            ],
            [
                -135.14339410524497,
                -113.39851243838818,
                25.173564443686388,
                5.561147258636799,
                3.5979711286565093,
                2.868905604955681,
                false
            ]
        ],
        "harris_energy": -17133.462797286
    },
    "struct_id": "target1_2mpc_51f024fce7",
    "input_ref": null,
    "geometry": [
        [
            6.401134967803955,
            13.118060111999512,
            2.9522039890289307,
            "O",
            NaN,
            NaN,
            false
        ],
        [
            5.035216808319092,
            12.914405822753906,
            2.875343084335327,
            "C",
            NaN,
            NaN,
            false
        ],
        [
            4.440878868103027,
            13.819099426269531,
            2.8660309314727783,
            "H",
            NaN,
            NaN,
            false
        ],
        [
            4.813082218170166,
            11.57443904876709,
            2.830773115158081,
            "C",
            NaN,
            NaN,
            false
        ],
        [
            4.048252105712891,
            10.260809898376465,
            2.7604780197143555,
            "C",
            NaN,
            NaN,
            false
        ],
        [
            3.4858500957489014,
            10.09153938293457,
            1.833178997039795,
            "H",
            NaN,
            NaN,
            false
        ],
        [
            3.3901679515838623,
            10.051015853881836,
            3.613574981689453,
            "H",
            NaN,
            NaN,
            false
        ],
        [
            5.4583001136779785,
            9.53608512878418,
            2.8190839290618896,
            "C",
            NaN,
            NaN,
            false
        ],
        [
            5.707667827606201,
            8.947380065917969,
            1.926759958267212,
            "H",
            NaN,
            NaN,
            false
        ],
        [
            5.6138129234313965,
            8.910722732543945,
            3.7076659202575684,
            "H",
            NaN,
            NaN,
            false
        ],
        [
            6.07692813873291,
            10.925041198730469,
            2.8818109035491943,
            "C",
            NaN,
            NaN,
            false
        ],
        [
            7.0330610275268555,
            11.887937545776367,
            2.9559550285339355,
            "C",
            NaN,
            NaN,
            false
        ],
        [
            8.113140106201172,
            11.931611061096191,
            3.0137429237365723,
            "H",
            NaN,
            NaN,
            false
        ],
        [
            6.401134967803955,
            1.9567739963531494,
            2.9522039890289307,
            "O",
            NaN,
            NaN,
            false
        ],
        [
            5.035216808319092,
            2.160428047180176,
            2.875343084335327,
            "C",
            NaN,
            NaN,
            false
        ],
        [
            4.440878868103027,
            1.2557339668273926,
            2.8660309314727783,
            "H",
            NaN,
            NaN,
            false
        ],
        [
            4.813082218170166,
            3.5003950595855713,
            2.830773115158081,
            "C",
            NaN,
            NaN,
            false
        ],
        [
            4.048252105712891,
            4.814023971557617,
            2.7604780197143555,
            "C",
            NaN,
            NaN,
            false
        ],
        [
            3.4858500957489014,
            4.98329496383667,
            1.833178997039795,
            "H",
            NaN,
            NaN,
            false
        ],
        [
            3.3901679515838623,
            5.023818016052246,
            3.613574981689453,
            "H",
            NaN,
            NaN,
            false
        ],
        [
            5.4583001136779785,
            5.5387492179870605,
            2.8190839290618896,
            "C",
            NaN,
            NaN,
            false
        ],
        [
            5.707667827606201,
            6.127452850341797,
            1.926759958267212,
            "H",
            NaN,
            NaN,
            false
        ],
        [
            5.6138129234313965,
            6.164111137390137,
            3.7076659202575684,
            "H",
            NaN,
            NaN,
            false
        ],
        [
            6.07692813873291,
            4.1497931480407715,
            2.8818109035491943,
            "C",
            NaN,
            NaN,
            false
        ],
        [
            7.0330610275268555,
            3.186897039413452,
            2.9559550285339355,
            "C",
            NaN,
            NaN,
            false
        ],
        [
            8.113140106201172,
            3.1432230472564697,
            3.0137429237365723,
            "H",
            NaN,
            NaN,
            false
        ]
    ]
}