{
    "properties": {
        "lattice_vector_a": [
            6.877023,
            0.0,
            0.0
        ],
        "lattice_vector_b": [
            0.0,
            6.339866,
            0.0
        ],
        "lattice_vector_c": [
            -0.798962,
            0.0,
            5.954887
        ],
        "unit_cell_volume": 259.62952586737083,
        "cell_vol": 259.62952586737083,
        "spg": 4,
        "molecule_harris_info": [
            [
                159.4506177535426,
                -5.3212463438303566,
                -176.61449898588168,
                4.0827912979937615,
                3.229763037980871,
                5.589917733116036,
                false
            ],
            [
                20.548762840732262,
                -174.67833299003317,
                3.3848399637704594,
                1.9952710465864933,
                6.399696559348005,
                0.3649602726973752,
                false
            ]
        ],
        "harris_energy": -16713.732591656
    },
    "struct_id": "target1_2mpc_b0e0cd480f",
    "input_ref": null,
    "geometry": [
        [
            5.107102870941162,
            4.64520788192749,
            4.995482921600342,
            "O",
            NaN,
            NaN,
            false
        ],
        [
            4.006875991821289,
            4.116860866546631,
            4.3447418212890625,
            "C",
            NaN,
            NaN,
            false
        ],
        [
            3.755690097808838,
            4.601870059967041,
            3.4101459980010986,
            "H",
            NaN,
            NaN,
            false
        ],
        [
            3.528754949569702,
            3.090161085128784,
            5.095826148986816,
            "C",
            NaN,
            NaN,
            false
        ],
        [
            2.6368579864501953,
            1.9322060346603394,
            5.519134998321533,
            "C",
            NaN,
            NaN,
            false
        ],
        [
            2.654452085494995,
            1.0568530559539795,
            4.857109069824219,
            "H",
            NaN,
            NaN,
            false
        ],
        [
            1.5914340019226074,
            2.1931231021881104,
            5.728596210479736,
            "H",
            NaN,
            NaN,
            false
        ],
        [
            3.5573699474334717,
            1.8060330152511597,
            6.805074214935303,
            "C",
            NaN,
            NaN,
            false
        ],
        [
            4.103692054748535,
            0.8573129773139954,
            6.885464191436768,
            "H",
            NaN,
            NaN,
            false
        ],
        [
            3.0427939891815186,
            1.9970910549163818,
            7.755627155303955,
            "H",
            NaN,
            NaN,
            false
        ],
        [
            4.354682922363281,
            2.976202964782715,
            6.247557163238525,
            "C",
            NaN,
            NaN,
            false
        ],
        [
            5.3125319480896,
            3.9367330074310303,
            6.165272235870361,
            "C",
            NaN,
            NaN,
            false
        ],
        [
            6.1557087898254395,
            4.269955158233643,
            6.756738185882568,
            "H",
            NaN,
            NaN,
            false
        ],
        [
            0.9709579944610596,
            7.815141201019287,
            0.9594039916992188,
            "O",
            NaN,
            NaN,
            false
        ],
        [
            2.0711851119995117,
            7.286794185638428,
            1.6101449728012085,
            "C",
            NaN,
            NaN,
            false
        ],
        [
            2.3223700523376465,
            7.77180290222168,
            2.544740915298462,
            "H",
            NaN,
            NaN,
            false
        ],
        [
            2.5493059158325195,
            6.260095119476318,
            0.8590610027313232,
            "C",
            NaN,
            NaN,
            false
        ],
        [
            3.44120192527771,
            5.102138996124268,
            0.4357509911060333,
            "C",
            NaN,
            NaN,
            false
        ],
        [
            3.4236080646514893,
            4.226786136627197,
            1.0977779626846313,
            "H",
            NaN,
            NaN,
            false
        ],
        [
            4.486627101898193,
            5.3630571365356445,
            0.2262910008430481,
            "H",
            NaN,
            NaN,
            false
        ],
        [
            2.52069091796875,
            4.975966930389404,
            -0.8501870036125183,
            "C",
            NaN,
            NaN,
            false
        ],
        [
            1.9743679761886597,
            4.027245998382568,
            -0.9305769801139832,
            "H",
            NaN,
            NaN,
            false
        ],
        [
            3.0352671146392822,
            5.1670241355896,
            -1.8007400035858154,
            "H",
            NaN,
            NaN,
            false
        ],
        [
            1.723376989364624,
            6.146137237548828,
            -0.29267001152038574,
            "C",
            NaN,
            NaN,
            false
        ],
        [
            0.7655289769172668,
            7.106666088104248,
            -0.21038499474525452,
            "C",
            NaN,
            NaN,
            false
        ],
        [
            -0.07764799892902374,
            7.439888000488281,
            -0.8018509745597839,
            "H",
            NaN,
            NaN,
            false
        ]
    ]
}