{
    "properties": {
        "lattice_vector_a": [
            12.308742,
            0.0,
            0.0
        ],
        "lattice_vector_b": [
            0.0,
            3.863921,
            0.0
        ],
        "lattice_vector_c": [
            0.956718,
            0.0,
            5.142519
        ],
        "unit_cell_volume": 244.5782380814142,
        "cell_vol": 244.5782380814142,
        "spg": 3,
        "molecule_harris_info": [
            [
                -179.2321502746016,
                -128.86075335551448,
                -38.97813325876638,
                10.015124635493502,
                1.4594985742835287,
                2.3836164279107717,
                false
            ],
            [
                -0.7682782425046549,
                -51.13917929866059,
                141.0222178599218,
                3.250336416224216,
                1.4594985742835287,
                2.75889409202686,
                false
            ]
        ],
        "harris_energy": -16714.028587291
    },
    "struct_id": "target1_2mpc_3822edb1bd",
    "input_ref": null,
    "geometry": [
        [
            10.550926208496094,
            0.5689449906349182,
            3.908703088760376,
            "O",
            NaN,
            NaN,
            false
        ],
        [
            9.249431610107422,
            0.6763020157814026,
            3.45296311378479,
            "C",
            NaN,
            NaN,
            false
        ],
        [
            8.509857177734375,
            0.1823049932718277,
            4.070046901702881,
            "H",
            NaN,
            NaN,
            false
        ],
        [
            9.265681266784668,
            1.405419945716858,
            2.306246042251587,
            "C",
            NaN,
            NaN,
            false
        ],
        [
            8.746484756469727,
            2.1169331073760986,
            1.0653929710388184,
            "C",
            NaN,
            NaN,
            false
        ],
        [
            8.079094886779785,
            2.9677040576934814,
            1.25409996509552,
            "H",
            NaN,
            NaN,
            false
        ],
        [
            8.285211563110352,
            1.4700030088424683,
            0.3080480098724365,
            "H",
            NaN,
            NaN,
            false
        ],
        [
            10.253442764282227,
            2.5133750438690186,
            0.7673829793930054,
            "C",
            NaN,
            NaN,
            false
        ],
        [
            10.454208374023438,
            3.5924839973449707,
            0.7820680141448975,
            "H",
            NaN,
            NaN,
            false
        ],
        [
            10.661494255065918,
            2.0924110412597656,
            -0.1605840027332306,
            "H",
            NaN,
            NaN,
            false
        ],
        [
            10.616109848022461,
            1.761929988861084,
            2.040031909942627,
            "C",
            NaN,
            NaN,
            false
        ],
        [
            11.384119987487793,
            1.2398749589920044,
            3.032241106033325,
            "C",
            NaN,
            NaN,
            false
        ],
        [
            12.433707237243652,
            1.2189879417419434,
            3.2963380813598633,
            "H",
            NaN,
            NaN,
            false
        ],
        [
            2.7145330905914307,
            0.5689449906349182,
            1.2338160276412964,
            "O",
            NaN,
            NaN,
            false
        ],
        [
            4.016026973724365,
            0.6763020157814026,
            1.6895569562911987,
            "C",
            NaN,
            NaN,
            false
        ],
        [
            4.75560188293457,
            0.1823049932718277,
            1.0724730491638184,
            "H",
            NaN,
            NaN,
            false
        ],
        [
            3.9997780323028564,
            1.405419945716858,
            2.8362739086151123,
            "C",
            NaN,
            NaN,
            false
        ],
        [
            4.518974781036377,
            2.1169331073760986,
            4.0771260261535645,
            "C",
            NaN,
            NaN,
            false
        ],
        [
            5.186365127563477,
            2.9677040576934814,
            3.8884189128875732,
            "H",
            NaN,
            NaN,
            false
        ],
        [
            4.9802470207214355,
            1.4700030088424683,
            4.834472179412842,
            "H",
            NaN,
            NaN,
            false
        ],
        [
            3.012017011642456,
            2.5133750438690186,
            4.375135898590088,
            "C",
            NaN,
            NaN,
            false
        ],
        [
            2.811250925064087,
            3.5924839973449707,
            4.360452175140381,
            "H",
            NaN,
            NaN,
            false
        ],
        [
            2.603965997695923,
            2.0924110412597656,
            5.303102970123291,
            "H",
            NaN,
            NaN,
            false
        ],
        [
            2.6493489742279053,
            1.761929988861084,
            3.102487087249756,
            "C",
            NaN,
            NaN,
            false
        ],
        [
            1.8813400268554688,
            1.2398749589920044,
            2.110279083251953,
            "C",
            NaN,
            NaN,
            false
        ],
        [
            0.8317530155181885,
            1.2189879417419434,
            1.846181035041809,
            "H",
            NaN,
            NaN,
            false
        ]
    ]
}