{
    "properties": {
        "Z": 2,
        "number_of_atoms_in_molecule": 12,
        "unit_cell_volume": 217.109802,
        "attempted_spg": 21,
        "attempted_wyckoff_position": "2c",
        "site_symmetry_group": "222",
        "spg": 65,
        "lattice_vector_a": [
            2.913519,
            0.0,
            0.0
        ],
        "lattice_vector_b": [
            4.251137252875793e-16,
            6.942633999999999,
            0.0
        ],
        "lattice_vector_c": [
            6.572311976984102e-16,
            6.572311976984102e-16,
            10.7334
        ],
        "cell_vol": 217.10980630749836,
        "a": 2.913519,
        "b": 6.942634,
        "c": 10.7334,
        "alpha": 90.0,
        "beta": 90.0,
        "gamma": 90.0,
        "rdf": [
            "43.266563",
            "86.2371",
            "146.8222",
            "184.75102",
            "211.68842",
            "259.71698",
            "276.44794",
            "218.96614",
            "132.48181",
            "66.43759",
            "28.437576",
            "27.747086",
            "70.30936",
            "154.84431",
            "243.98448",
            "272.72272",
            "252.41133",
            "213.78357",
            "170.39221",
            "129.18962",
            "81.27042",
            "38.27355",
            "27.74709",
            "70.30936",
            "154.84433",
            "243.98451",
            "272.72272",
            "252.41136",
            "213.78357",
            "170.39221",
            "129.18962",
            "81.27042",
            "38.27355",
            "27.878666",
            "75.29691",
            "151.755",
            "220.61555",
            "252.78297",
            "253.83856",
            "233.5622",
            "180.99338",
            "120.366455",
            "72.7657",
            "33.745335"
        ]
    },
    "struct_id": "geometry_b4b8596c69",
    "input_ref": null,
    "geometry": [
        [
            1.456760048866272,
            -1.2112170457839966,
            4.6673760414123535,
            "C",
            NaN,
            NaN,
            false
        ],
        [
            1.456760048866272,
            9.999999974752427e-07,
            3.9680309295654297,
            "C",
            NaN,
            NaN,
            false
        ],
        [
            1.456760048866272,
            1.2112200260162354,
            4.6673760414123535,
            "C",
            NaN,
            NaN,
            false
        ],
        [
            1.456760048866272,
            1.2112200260162354,
            6.066023826599121,
            "C",
            NaN,
            NaN,
            false
        ],
        [
            1.456760048866272,
            9.999999974752427e-07,
            6.765368938446045,
            "C",
            NaN,
            NaN,
            false
        ],
        [
            1.456760048866272,
            -1.2112159729003906,
            6.066023826599121,
            "C",
            NaN,
            NaN,
            false
        ],
        [
            1.456760048866272,
            -2.1564431190490723,
            4.121737957000732,
            "H",
            NaN,
            NaN,
            false
        ],
        [
            1.456760048866272,
            1.9999999949504854e-06,
            2.8766210079193115,
            "H",
            NaN,
            NaN,
            false
        ],
        [
            1.456760048866272,
            2.156446933746338,
            4.121738910675049,
            "H",
            NaN,
            NaN,
            false
        ],
        [
            1.456760048866272,
            2.156446933746338,
            6.611661911010742,
            "H",
            NaN,
            NaN,
            false
        ],
        [
            1.456760048866272,
            1.9999999949504854e-06,
            7.856779098510742,
            "H",
            NaN,
            NaN,
            false
        ],
        [
            1.456760048866272,
            -2.1564431190490723,
            6.611661911010742,
            "H",
            NaN,
            NaN,
            false
        ],
        [
            1.456760048866272,
            2.260098934173584,
            -0.6993240118026733,
            "C",
            NaN,
            NaN,
            false
        ],
        [
            1.456760048866272,
            3.4713170528411865,
            -1.398669958114624,
            "C",
            NaN,
            NaN,
            false
        ],
        [
            1.456760048866272,
            4.6825361251831055,
            -0.6993240118026733,
            "C",
            NaN,
            NaN,
            false
        ],
        [
            1.456760048866272,
            4.6825361251831055,
            0.6993229985237122,
            "C",
            NaN,
            NaN,
            false
        ],
        [
            1.456760048866272,
            3.471318006515503,
            1.3986680507659912,
            "C",
            NaN,
            NaN,
            false
        ],
        [
            1.456760048866272,
            2.2600998878479004,
            0.6993229985237122,
            "C",
            NaN,
            NaN,
            false
        ],
        [
            1.456760048866272,
            1.3148729801177979,
            -1.2449619770050049,
            "H",
            NaN,
            NaN,
            false
        ],
        [
            1.456760048866272,
            3.471318006515503,
            -2.4900801181793213,
            "H",
            NaN,
            NaN,
            false
        ],
        [
            1.456760048866272,
            5.627762794494629,
            -1.2449619770050049,
            "H",
            NaN,
            NaN,
            false
        ],
        [
            1.456760048866272,
            5.627762794494629,
            1.2449610233306885,
            "H",
            NaN,
            NaN,
            false
        ],
        [
            1.456760048866272,
            3.471318006515503,
            2.490078926086426,
            "H",
            NaN,
            NaN,
            false
        ],
        [
            1.456760048866272,
            1.3148720264434814,
            1.2449610233306885,
            "H",
            NaN,
            NaN,
            false
        ]
    ]
}