{
    "properties": {
        "Z": 2,
        "number_of_atoms_in_molecule": 12,
        "unit_cell_volume": 203.878281,
        "attempted_spg": 174,
        "attempted_wyckoff_position": "2g",
        "site_symmetry_group": "3",
        "spg": 175,
        "lattice_vector_a": [
            6.036207,
            0.0,
            0.0
        ],
        "lattice_vector_b": [
            3.8240092285329756e-16,
            6.245081,
            0.0
        ],
        "lattice_vector_c": [
            3.824009490486374e-16,
            -3.1225409999999987,
            5.408399000000001
        ],
        "cell_vol": 203.8782626551815,
        "a": 6.036207,
        "b": 6.245081,
        "c": 6.245081427802363,
        "alpha": 120.00000303088854,
        "beta": 90.0,
        "gamma": 90.0,
        "rdf": [
            "42.276108",
            "83.78907",
            "152.09688",
            "213.75224",
            "274.04648",
            "366.1362",
            "407.57358",
            "342.74387",
            "237.87984",
            "133.27998",
            "55.77472",
            "29.449402",
            "76.14298",
            "165.5083",
            "265.36545",
            "316.50568",
            "337.9496",
            "347.64056",
            "302.66245",
            "215.99625",
            "130.12749",
            "60.791435",
            "29.449398",
            "76.14298",
            "165.50832",
            "265.36545",
            "316.50568",
            "337.94952",
            "347.64056",
            "302.66245",
            "215.99626",
            "130.12747",
            "60.791435",
            "32.199867",
            "81.8026",
            "157.2445",
            "237.2444",
            "293.46924",
            "338.56116",
            "354.54236",
            "290.10703",
            "198.43701",
            "118.866",
            "54.727997"
        ]
    },
    "struct_id": "geometry_c49110353f",
    "input_ref": null,
    "geometry": [
        [
            4.483788013458252,
            1.0394840240478516,
            0.9357529878616333,
            "C",
            NaN,
            NaN,
            false
        ],
        [
            4.483788013458252,
            1.3301279544830322,
            -0.4323430061340332,
            "C",
            NaN,
            NaN,
            false
        ],
        [
            4.483788013458252,
            0.2906450033187866,
            -1.3680959939956665,
            "C",
            NaN,
            NaN,
            false
        ],
        [
            4.483788013458252,
            -1.0394829511642456,
            -0.9357540011405945,
            "C",
            NaN,
            NaN,
            false
        ],
        [
            4.483788013458252,
            -1.3301279544830322,
            0.432341992855072,
            "C",
            NaN,
            NaN,
            false
        ],
        [
            4.483788013458252,
            -0.29064399003982544,
            1.3680959939956665,
            "C",
            NaN,
            NaN,
            false
        ],
        [
            4.483788013458252,
            1.8506380319595337,
            1.6659619808197021,
            "H",
            NaN,
            NaN,
            false
        ],
        [
            4.483788013458252,
            2.368083953857422,
            -0.7697179913520813,
            "H",
            NaN,
            NaN,
            false
        ],
        [
            4.483788013458252,
            0.5174469947814941,
            -2.435681104660034,
            "H",
            NaN,
            NaN,
            false
        ],
        [
            4.483788013458252,
            -1.8506369590759277,
            -1.665963053703308,
            "H",
            NaN,
            NaN,
            false
        ],
        [
            4.483788013458252,
            -2.368083953857422,
            0.7697179913520813,
            "H",
            NaN,
            NaN,
            false
        ],
        [
            4.483788013458252,
            -0.5174469947814941,
            2.4356799125671387,
            "H",
            NaN,
            NaN,
            false
        ],
        [
            1.5524179935455322,
            0.29064399003982544,
            -1.3680959939956665,
            "C",
            NaN,
            NaN,
            false
        ],
        [
            1.5524179935455322,
            -1.0394840240478516,
            -0.9357529878616333,
            "C",
            NaN,
            NaN,
            false
        ],
        [
            1.5524179935455322,
            -1.3301279544830322,
            0.4323430061340332,
            "C",
            NaN,
            NaN,
            false
        ],
        [
            1.5524179935455322,
            -0.2906450033187866,
            1.3680959939956665,
            "C",
            NaN,
            NaN,
            false
        ],
        [
            1.5524179935455322,
            1.0394840240478516,
            0.9357540011405945,
            "C",
            NaN,
            NaN,
            false
        ],
        [
            1.5524179935455322,
            1.3301279544830322,
            -0.432341992855072,
            "C",
            NaN,
            NaN,
            false
        ],
        [
            1.5524179935455322,
            0.5174469947814941,
            -2.4356799125671387,
            "H",
            NaN,
            NaN,
            false
        ],
        [
            1.5524179935455322,
            -1.8506380319595337,
            -1.6659619808197021,
            "H",
            NaN,
            NaN,
            false
        ],
        [
            1.5524179935455322,
            -2.3680849075317383,
            0.7697179913520813,
            "H",
            NaN,
            NaN,
            false
        ],
        [
            1.5524179935455322,
            -0.5174469947814941,
            2.435681104660034,
            "H",
            NaN,
            NaN,
            false
        ],
        [
            1.5524179935455322,
            1.8506380319595337,
            1.665963053703308,
            "H",
            NaN,
            NaN,
            false
        ],
        [
            1.5524179935455322,
            2.368083953857422,
            -0.7697179913520813,
            "H",
            NaN,
            NaN,
            false
        ]
    ]
}