{
    "properties": {
        "Z": 2,
        "number_of_atoms_in_molecule": 12,
        "unit_cell_volume": 275.668335,
        "attempted_spg": 90,
        "attempted_wyckoff_position": "2b",
        "site_symmetry_group": "222",
        "spg": 127,
        "lattice_vector_a": [
            2.91891,
            0.0,
            0.0
        ],
        "lattice_vector_b": [
            5.95064452233293e-16,
            9.718139999999998,
            0.0
        ],
        "lattice_vector_c": [
            5.95064452233293e-16,
            5.95064452233293e-16,
            9.718139999999998
        ],
        "cell_vol": 275.66841352691716,
        "a": 2.91891,
        "b": 9.71814,
        "c": 9.71814,
        "alpha": 90.0,
        "beta": 90.0,
        "gamma": 90.0,
        "rdf": [
            "43.069527",
            "84.06785",
            "134.10707",
            "144.53304",
            "133.49069",
            "155.61075",
            "188.29327",
            "183.5705",
            "135.14162",
            "78.65897",
            "35.084187",
            "26.45946",
            "61.526016",
            "124.908325",
            "185.02652",
            "198.00684",
            "185.68268",
            "175.43312",
            "155.15408",
            "116.47527",
            "69.7426",
            "32.564926",
            "26.45946",
            "61.526012",
            "124.90831",
            "185.02652",
            "198.00687",
            "185.68271",
            "175.43312",
            "155.15408",
            "116.47527",
            "69.7426",
            "32.564926",
            "20.95732",
            "57.072544",
            "117.08215",
            "170.46907",
            "204.44203",
            "209.01979",
            "183.6363",
            "149.59224",
            "102.985344",
            "62.673176",
            "34.144905"
        ]
    },
    "struct_id": "geometry_7bfbb58524",
    "input_ref": null,
    "geometry": [
        [
            1.4594550132751465,
            -0.9889219999313354,
            0.9889199733734131,
            "C",
            NaN,
            NaN,
            false
        ],
        [
            1.4594550132751465,
            0.3620469868183136,
            1.350996971130371,
            "C",
            NaN,
            NaN,
            false
        ],
        [
            1.4594550132751465,
            1.3509989976882935,
            0.3620449900627136,
            "C",
            NaN,
            NaN,
            false
        ],
        [
            1.4594550132751465,
            0.9889219999313354,
            -0.9889230132102966,
            "C",
            NaN,
            NaN,
            false
        ],
        [
            1.4594550132751465,
            -0.3620469868183136,
            -1.3510010242462158,
            "C",
            NaN,
            NaN,
            false
        ],
        [
            1.4594550132751465,
            -1.350998044013977,
            -0.36204901337623596,
            "C",
            NaN,
            NaN,
            false
        ],
        [
            1.4594550132751465,
            -1.7606639862060547,
            1.7606630325317383,
            "H",
            NaN,
            NaN,
            false
        ],
        [
            1.4594550132751465,
            0.6443759799003601,
            2.405258893966675,
            "H",
            NaN,
            NaN,
            false
        ],
        [
            1.4594550132751465,
            2.4052600860595703,
            0.6443740129470825,
            "H",
            NaN,
            NaN,
            false
        ],
        [
            1.4594550132751465,
            1.7606639862060547,
            -1.7606650590896606,
            "H",
            NaN,
            NaN,
            false
        ],
        [
            1.4594550132751465,
            -0.6443759799003601,
            -2.4052610397338867,
            "H",
            NaN,
            NaN,
            false
        ],
        [
            1.4594550132751465,
            -2.4052600860595703,
            -0.6443780064582825,
            "H",
            NaN,
            NaN,
            false
        ],
        [
            1.4594550132751465,
            3.870147943496704,
            3.870147943496704,
            "C",
            NaN,
            NaN,
            false
        ],
        [
            1.4594550132751465,
            3.508070945739746,
            5.221116065979004,
            "C",
            NaN,
            NaN,
            false
        ],
        [
            1.4594550132751465,
            4.4970221519470215,
            6.210068225860596,
            "C",
            NaN,
            NaN,
            false
        ],
        [
            1.4594550132751465,
            5.847990989685059,
            5.847990989685059,
            "C",
            NaN,
            NaN,
            false
        ],
        [
            1.4594550132751465,
            6.210068225860596,
            4.4970221519470215,
            "C",
            NaN,
            NaN,
            false
        ],
        [
            1.4594550132751465,
            5.221116065979004,
            3.508070945739746,
            "C",
            NaN,
            NaN,
            false
        ],
        [
            1.4594550132751465,
            3.098404884338379,
            3.098404884338379,
            "H",
            NaN,
            NaN,
            false
        ],
        [
            1.4594550132751465,
            2.453809976577759,
            5.503445148468018,
            "H",
            NaN,
            NaN,
            false
        ],
        [
            1.4594550132751465,
            4.214694023132324,
            7.264328956604004,
            "H",
            NaN,
            NaN,
            false
        ],
        [
            1.4594550132751465,
            6.619732856750488,
            6.619732856750488,
            "H",
            NaN,
            NaN,
            false
        ],
        [
            1.4594550132751465,
            7.264328956604004,
            4.214694023132324,
            "H",
            NaN,
            NaN,
            false
        ],
        [
            1.4594550132751465,
            5.503445148468018,
            2.453809976577759,
            "H",
            NaN,
            NaN,
            false
        ]
    ]
}