{
    "properties": {
        "Z": 2,
        "number_of_atoms_in_molecule": 12,
        "unit_cell_volume": 229.184921,
        "attempted_spg": 164,
        "attempted_wyckoff_position": "2d",
        "site_symmetry_group": "3m",
        "spg": 164,
        "lattice_vector_a": [
            6.399404,
            0.0,
            0.0
        ],
        "lattice_vector_b": [
            3.937665636344844e-16,
            6.430696,
            0.0
        ],
        "lattice_vector_c": [
            3.937665583308141e-16,
            -3.2153480000000005,
            5.569146
        ],
        "cell_vol": 229.18495855893863,
        "a": 6.399404,
        "b": 6.430696,
        "c": 6.430695913384492,
        "alpha": 120.00000044555334,
        "beta": 90.0,
        "gamma": 90.0,
        "rdf": [
            "38.6989",
            "63.87779",
            "114.95037",
            "204.26772",
            "286.97806",
            "329.35242",
            "324.004",
            "271.52496",
            "204.9563",
            "129.88385",
            "61.01612",
            "27.6552",
            "70.36525",
            "153.20882",
            "229.73367",
            "263.68683",
            "291.1677",
            "306.77505",
            "277.18414",
            "196.33359",
            "113.57842",
            "54.809513",
            "27.655203",
            "70.36525",
            "153.2088",
            "229.73367",
            "263.68683",
            "291.1677",
            "306.7751",
            "277.1842",
            "196.33359",
            "113.57842",
            "54.80952",
            "27.625689",
            "68.063736",
            "136.17812",
            "216.92343",
            "268.4328",
            "287.775",
            "293.86383",
            "255.74234",
            "189.11327",
            "114.560646",
            "52.107"
        ]
    },
    "struct_id": "geometry_4b5b63d615",
    "input_ref": null,
    "geometry": [
        [
            4.695479869842529,
            -4.339602575178977e-16,
            5.111392021179199,
            "C",
            NaN,
            NaN,
            false
        ],
        [
            4.695479869842529,
            1.2112480401992798,
            4.412076950073242,
            "C",
            NaN,
            NaN,
            false
        ],
        [
            4.695479869842529,
            1.2112469673156738,
            3.01344895362854,
            "C",
            NaN,
            NaN,
            false
        ],
        [
            4.695479869842529,
            -1.964714494026725e-16,
            2.3141350746154785,
            "C",
            NaN,
            NaN,
            false
        ],
        [
            4.695479869842529,
            -1.2112480401992798,
            3.01344895362854,
            "C",
            NaN,
            NaN,
            false
        ],
        [
            4.695479869842529,
            -1.2112480401992798,
            4.412076950073242,
            "C",
            NaN,
            NaN,
            false
        ],
        [
            4.695479869842529,
            -9.999999974752427e-07,
            6.2028021812438965,
            "H",
            NaN,
            NaN,
            false
        ],
        [
            4.695479869842529,
            2.1564369201660156,
            4.957781791687012,
            "H",
            NaN,
            NaN,
            false
        ],
        [
            4.695479869842529,
            2.1564369201660156,
            2.4677441120147705,
            "H",
            NaN,
            NaN,
            false
        ],
        [
            4.695479869842529,
            -1.038100882318862e-16,
            1.2227250337600708,
            "H",
            NaN,
            NaN,
            false
        ],
        [
            4.695479869842529,
            -2.1564369201660156,
            2.4677441120147705,
            "H",
            NaN,
            NaN,
            false
        ],
        [
            4.695479869842529,
            -2.156435966491699,
            4.957781791687012,
            "H",
            NaN,
            NaN,
            false
        ],
        [
            1.7039239406585693,
            3.2153480052948,
            0.457753986120224,
            "C",
            NaN,
            NaN,
            false
        ],
        [
            1.7039239406585693,
            2.0041000843048096,
            1.1570680141448975,
            "C",
            NaN,
            NaN,
            false
        ],
        [
            1.7039239406585693,
            2.0041000843048096,
            2.5556960105895996,
            "C",
            NaN,
            NaN,
            false
        ],
        [
            1.7039239406585693,
            3.2153480052948,
            3.255009889602661,
            "C",
            NaN,
            NaN,
            false
        ],
        [
            1.7039239406585693,
            4.426596164703369,
            2.5556960105895996,
            "C",
            NaN,
            NaN,
            false
        ],
        [
            1.7039239406585693,
            4.426596164703369,
            1.1570680141448975,
            "C",
            NaN,
            NaN,
            false
        ],
        [
            1.7039239406585693,
            3.2153480052948,
            -0.6336569786071777,
            "H",
            NaN,
            NaN,
            false
        ],
        [
            1.7039239406585693,
            1.0589109659194946,
            0.6113629937171936,
            "H",
            NaN,
            NaN,
            false
        ],
        [
            1.7039239406585693,
            1.0589109659194946,
            3.1014010906219482,
            "H",
            NaN,
            NaN,
            false
        ],
        [
            1.7039239406585693,
            3.2153470516204834,
            4.346419811248779,
            "H",
            NaN,
            NaN,
            false
        ],
        [
            1.7039239406585693,
            5.371784210205078,
            3.1014010906219482,
            "H",
            NaN,
            NaN,
            false
        ],
        [
            1.7039239406585693,
            5.371784210205078,
            0.6113629937171936,
            "H",
            NaN,
            NaN,
            false
        ]
    ]
}