{
    "properties": {
        "Z": 2,
        "number_of_atoms_in_molecule": 12,
        "unit_cell_volume": 226.246811,
        "attempted_spg": 113,
        "attempted_wyckoff_position": "2c",
        "site_symmetry_group": "mm2",
        "spg": 113,
        "lattice_vector_a": [
            4.882585,
            0.0,
            0.0
        ],
        "lattice_vector_b": [
            4.168187026582346e-16,
            6.807166,
            0.0
        ],
        "lattice_vector_c": [
            4.168187026582346e-16,
            4.168187026582346e-16,
            6.807166
        ],
        "cell_vol": 226.24682614423298,
        "a": 4.882585,
        "b": 6.807166,
        "c": 6.807166,
        "alpha": 90.0,
        "beta": 90.0,
        "gamma": 90.0,
        "rdf": [
            "38.814457",
            "63.453087",
            "109.031395",
            "202.88567",
            "317.7942",
            "344.60617",
            "293.25803",
            "248.16519",
            "199.58",
            "127.268974",
            "58.997948",
            "29.731459",
            "74.79702",
            "148.52904",
            "222.57825",
            "279.7364",
            "312.26123",
            "298.68777",
            "258.7039",
            "197.92683",
            "119.23247",
            "54.170727",
            "29.73146",
            "74.79703",
            "148.52905",
            "222.57823",
            "279.7364",
            "312.26123",
            "298.6878",
            "258.70386",
            "197.92685",
            "119.232475",
            "54.17073",
            "26.75153",
            "76.18083",
            "139.03569",
            "204.52544",
            "280.50156",
            "314.75824",
            "303.75552",
            "252.43933",
            "185.09601",
            "110.90257",
            "51.10817"
        ]
    },
    "struct_id": "geometry_f144de98ac",
    "input_ref": null,
    "geometry": [
        [
            1.2025220394134521,
            1.3509570360183716,
            3.765547037124634,
            "C",
            NaN,
            NaN,
            false
        ],
        [
            1.2025220394134521,
            0.9890080094337463,
            2.414573907852173,
            "C",
            NaN,
            NaN,
            false
        ],
        [
            1.2025220394134521,
            -0.36196398735046387,
            2.0526249408721924,
            "C",
            NaN,
            NaN,
            false
        ],
        [
            1.2025220394134521,
            -1.3509570360183716,
            3.041619062423706,
            "C",
            NaN,
            NaN,
            false
        ],
        [
            1.2025220394134521,
            -0.9890080094337463,
            4.3925909996032715,
            "C",
            NaN,
            NaN,
            false
        ],
        [
            1.2025220394134521,
            0.36196398735046387,
            4.7545390129089355,
            "C",
            NaN,
            NaN,
            false
        ],
        [
            1.2025220394134521,
            2.405158042907715,
            4.048098087310791,
            "H",
            NaN,
            NaN,
            false
        ],
        [
            1.2025220394134521,
            1.7607519626617432,
            1.6428300142288208,
            "H",
            NaN,
            NaN,
            false
        ],
        [
            1.2025220394134521,
            -0.6445159912109375,
            0.9984250068664551,
            "H",
            NaN,
            NaN,
            false
        ],
        [
            1.2025220394134521,
            -2.405158042907715,
            2.759066104888916,
            "H",
            NaN,
            NaN,
            false
        ],
        [
            1.2025220394134521,
            -1.7607519626617432,
            5.164334774017334,
            "H",
            NaN,
            NaN,
            false
        ],
        [
            1.2025220394134521,
            0.6445159912109375,
            5.808741092681885,
            "H",
            NaN,
            NaN,
            false
        ],
        [
            3.680063009262085,
            3.765547037124634,
            -1.350957989692688,
            "C",
            NaN,
            NaN,
            false
        ],
        [
            3.680063009262085,
            2.414573907852173,
            -0.9890090227127075,
            "C",
            NaN,
            NaN,
            false
        ],
        [
            3.680063009262085,
            2.0526249408721924,
            0.36196398735046387,
            "C",
            NaN,
            NaN,
            false
        ],
        [
            3.680063009262085,
            3.041619062423706,
            1.3509559631347656,
            "C",
            NaN,
            NaN,
            false
        ],
        [
            3.680063009262085,
            4.3925909996032715,
            0.9890080094337463,
            "C",
            NaN,
            NaN,
            false
        ],
        [
            3.680063009262085,
            4.7545390129089355,
            -0.36196500062942505,
            "C",
            NaN,
            NaN,
            false
        ],
        [
            3.680063009262085,
            4.048098087310791,
            -2.4051589965820312,
            "H",
            NaN,
            NaN,
            false
        ],
        [
            3.680063009262085,
            1.6428300142288208,
            -1.7607530355453491,
            "H",
            NaN,
            NaN,
            false
        ],
        [
            3.680063009262085,
            0.9984250068664551,
            0.6445159912109375,
            "H",
            NaN,
            NaN,
            false
        ],
        [
            3.680063009262085,
            2.759066104888916,
            2.4051570892333984,
            "H",
            NaN,
            NaN,
            false
        ],
        [
            3.680063009262085,
            5.164334774017334,
            1.7607510089874268,
            "H",
            NaN,
            NaN,
            false
        ],
        [
            3.680063009262085,
            5.808741092681885,
            -0.6445170044898987,
            "H",
            NaN,
            NaN,
            false
        ]
    ]
}