{
    "properties": {
        "Z": 2,
        "number_of_atoms_in_molecule": 12,
        "unit_cell_volume": 256.547638,
        "attempted_spg": 11,
        "attempted_wyckoff_position": "2e",
        "site_symmetry_group": "m",
        "spg": 11,
        "lattice_vector_a": [
            5.667821,
            0.0,
            0.0
        ],
        "lattice_vector_b": [
            4.2515628176384967e-16,
            6.943328999999999,
            0.0
        ],
        "lattice_vector_c": [
            4.292992936526181e-16,
            -2.579919999999999,
            6.519048
        ],
        "cell_vol": 256.54765479731856,
        "a": 5.667821,
        "b": 6.943329,
        "c": 7.0109895187986115,
        "alpha": 111.59123377789295,
        "beta": 90.0,
        "gamma": 90.0,
        "rdf": [
            "38.701324",
            "61.886612",
            "99.15258",
            "166.72498",
            "255.05185",
            "305.61307",
            "279.0462",
            "226.84387",
            "182.17018",
            "124.686714",
            "60.058285",
            "27.069817",
            "64.17833",
            "131.60054",
            "197.03546",
            "233.67955",
            "273.6124",
            "281.1773",
            "236.90237",
            "176.11343",
            "110.74471",
            "54.00019",
            "27.069818",
            "64.17833",
            "131.60056",
            "197.03546",
            "233.67952",
            "273.6124",
            "281.1773",
            "236.90236",
            "176.11343",
            "110.74472",
            "54.000187",
            "20.397755",
            "60.120453",
            "129.06114",
            "189.18347",
            "237.44147",
            "266.01056",
            "271.8734",
            "233.82198",
            "171.55818",
            "110.26062",
            "51.204906"
        ]
    },
    "struct_id": "geometry_665f6cca8d",
    "input_ref": null,
    "geometry": [
        [
            4.250865936279297,
            3.0167529582977295,
            1.5495439767837524,
            "C",
            NaN,
            NaN,
            false
        ],
        [
            4.250865936279297,
            1.960595965385437,
            2.466464042663574,
            "C",
            NaN,
            NaN,
            false
        ],
        [
            4.250865936279297,
            0.6385210156440735,
            2.0102040767669678,
            "C",
            NaN,
            NaN,
            false
        ],
        [
            4.250865936279297,
            0.3726870119571686,
            0.6370519995689392,
            "C",
            NaN,
            NaN,
            false
        ],
        [
            4.250865936279297,
            1.428846001625061,
            -0.2798680067062378,
            "C",
            NaN,
            NaN,
            false
        ],
        [
            4.250865936279297,
            2.750920057296753,
            0.17639200389385223,
            "C",
            NaN,
            NaN,
            false
        ],
        [
            4.250865936279297,
            4.048451900482178,
            1.9055930376052856,
            "H",
            NaN,
            NaN,
            false
        ],
        [
            4.250865936279297,
            2.1682488918304443,
            3.537938117980957,
            "H",
            NaN,
            NaN,
            false
        ],
        [
            4.250865936279297,
            -0.18577800691127777,
            2.725541114807129,
            "H",
            NaN,
            NaN,
            false
        ],
        [
            4.250865936279297,
            -0.6590110063552856,
            0.2810029983520508,
            "H",
            NaN,
            NaN,
            false
        ],
        [
            4.250865936279297,
            1.2211929559707642,
            -1.351341962814331,
            "H",
            NaN,
            NaN,
            false
        ],
        [
            4.250865936279297,
            3.575218915939331,
            -0.5389459729194641,
            "H",
            NaN,
            NaN,
            false
        ],
        [
            1.4169559478759766,
            1.3466559648513794,
            4.9695048332214355,
            "C",
            NaN,
            NaN,
            false
        ],
        [
            1.4169559478759766,
            2.4028139114379883,
            4.052586078643799,
            "C",
            NaN,
            NaN,
            false
        ],
        [
            1.4169559478759766,
            3.724889039993286,
            4.508845806121826,
            "C",
            NaN,
            NaN,
            false
        ],
        [
            1.4169559478759766,
            3.9907219409942627,
            5.881997108459473,
            "C",
            NaN,
            NaN,
            false
        ],
        [
            1.4169559478759766,
            2.934562921524048,
            6.798916816711426,
            "C",
            NaN,
            NaN,
            false
        ],
        [
            1.4169559478759766,
            1.6124889850616455,
            6.342657089233398,
            "C",
            NaN,
            NaN,
            false
        ],
        [
            1.4169559478759766,
            0.31495699286460876,
            4.613457202911377,
            "H",
            NaN,
            NaN,
            false
        ],
        [
            1.4169559478759766,
            2.1951611042022705,
            2.9811110496520996,
            "H",
            NaN,
            NaN,
            false
        ],
        [
            1.4169559478759766,
            4.549188137054443,
            3.7935080528259277,
            "H",
            NaN,
            NaN,
            false
        ],
        [
            1.4169559478759766,
            5.0224199295043945,
            6.238046169281006,
            "H",
            NaN,
            NaN,
            false
        ],
        [
            1.4169559478759766,
            3.1422159671783447,
            7.870391845703125,
            "H",
            NaN,
            NaN,
            false
        ],
        [
            1.4169559478759766,
            0.7881900072097778,
            7.057994842529297,
            "H",
            NaN,
            NaN,
            false
        ]
    ]
}