{
    "properties": {
        "Z": 2,
        "number_of_atoms_in_molecule": 12,
        "unit_cell_volume": 224.195953,
        "attempted_spg": 150,
        "attempted_wyckoff_position": "2d",
        "site_symmetry_group": "3",
        "spg": 150,
        "lattice_vector_a": [
            6.178186,
            0.0,
            0.0
        ],
        "lattice_vector_b": [
            -3.089093,
            5.350466,
            0.0
        ],
        "lattice_vector_c": [
            0.0,
            0.0,
            6.782272
        ],
        "cell_vol": 224.19596426073724,
        "rdf": [
            "39.619267",
            "68.23675",
            "121.377556",
            "208.19154",
            "291.8453",
            "328.0377",
            "319.01495",
            "273.4171",
            "203.17683",
            "122.17592",
            "53.73533",
            "30.792465",
            "78.11306",
            "154.37703",
            "229.41165",
            "270.66153",
            "284.45667",
            "296.4702",
            "278.1408",
            "198.3251",
            "108.55195",
            "47.867523",
            "30.792463",
            "78.11305",
            "154.37703",
            "229.41162",
            "270.66153",
            "284.45667",
            "296.4702",
            "278.1408",
            "198.3251",
            "108.55194",
            "47.86752",
            "32.372257",
            "74.492714",
            "133.80774",
            "215.73314",
            "272.79126",
            "282.96375",
            "283.35812",
            "255.03099",
            "189.93622",
            "108.978004",
            "46.17772"
        ]
    },
    "struct_id": "geometry_33a7010a2b",
    "input_ref": null,
    "geometry": [
        [
            -1.3310810327529907,
            3.996377944946289,
            5.383510112762451,
            "C",
            NaN,
            NaN,
            false
        ],
        [
            -0.2936680018901825,
            4.934426784515381,
            5.383510112762451,
            "C",
            NaN,
            NaN,
            false
        ],
        [
            1.0374120473861694,
            4.5050249099731445,
            5.383510112762451,
            "C",
            NaN,
            NaN,
            false
        ],
        [
            1.3310799598693848,
            3.1375749111175537,
            5.383510112762451,
            "C",
            NaN,
            NaN,
            false
        ],
        [
            0.2936680018901825,
            2.1995270252227783,
            5.383510112762451,
            "C",
            NaN,
            NaN,
            false
        ],
        [
            -1.0374130010604858,
            2.6289279460906982,
            5.383510112762451,
            "C",
            NaN,
            NaN,
            false
        ],
        [
            -2.3697800636291504,
            4.331459045410156,
            5.383510112762451,
            "H",
            NaN,
            NaN,
            false
        ],
        [
            -0.5228300094604492,
            6.0015082359313965,
            5.383510112762451,
            "H",
            NaN,
            NaN,
            false
        ],
        [
            1.8469510078430176,
            5.237026214599609,
            5.383510112762451,
            "H",
            NaN,
            NaN,
            false
        ],
        [
            2.3697800636291504,
            2.802495002746582,
            5.383510112762451,
            "H",
            NaN,
            NaN,
            false
        ],
        [
            0.522828996181488,
            1.132446050643921,
            5.383510112762451,
            "H",
            NaN,
            NaN,
            false
        ],
        [
            -1.8469510078430176,
            1.8969279527664185,
            5.383510112762451,
            "H",
            NaN,
            NaN,
            false
        ],
        [
            4.1265058517456055,
            0.8454399704933167,
            1.3987619876861572,
            "C",
            NaN,
            NaN,
            false
        ],
        [
            4.420173168182373,
            2.2128899097442627,
            1.3987619876861572,
            "C",
            NaN,
            NaN,
            false
        ],
        [
            3.382761001586914,
            3.1509389877319336,
            1.3987619876861572,
            "C",
            NaN,
            NaN,
            false
        ],
        [
            2.051680088043213,
            2.7215371131896973,
            1.3987619876861572,
            "C",
            NaN,
            NaN,
            false
        ],
        [
            1.758012056350708,
            1.354086995124817,
            1.3987619876861572,
            "C",
            NaN,
            NaN,
            false
        ],
        [
            2.7954249382019043,
            0.41603800654411316,
            1.3987619876861572,
            "C",
            NaN,
            NaN,
            false
        ],
        [
            4.936044216156006,
            0.11343999952077866,
            1.3987619876861572,
            "H",
            NaN,
            NaN,
            false
        ],
        [
            5.4588727951049805,
            2.54797101020813,
            1.3987619876861572,
            "H",
            NaN,
            NaN,
            false
        ],
        [
            3.611922025680542,
            4.218019008636475,
            1.3987619876861572,
            "H",
            NaN,
            NaN,
            false
        ],
        [
            1.2421419620513916,
            3.4535369873046875,
            1.3987619876861572,
            "H",
            NaN,
            NaN,
            false
        ],
        [
            0.7193130254745483,
            1.0190060138702393,
            1.3987619876861572,
            "H",
            NaN,
            NaN,
            false
        ],
        [
            2.56626296043396,
            -0.6510419845581055,
            1.3987619876861572,
            "H",
            NaN,
            NaN,
            false
        ]
    ]
}