{
    "properties": {
        "Z": 2,
        "number_of_atoms_in_molecule": 12,
        "unit_cell_volume": 238.37706,
        "attempted_spg": 191,
        "attempted_wyckoff_position": "2e",
        "site_symmetry_group": "6mm",
        "spg": 191,
        "lattice_vector_a": [
            6.44872,
            0.0,
            0.0
        ],
        "lattice_vector_b": [
            -3.22436,
            5.584755,
            0.0
        ],
        "lattice_vector_c": [
            0.0,
            0.0,
            6.618914
        ],
        "cell_vol": 238.3770189949397,
        "rdf": [
            "39.52362",
            "69.77385",
            "125.42864",
            "186.65105",
            "230.10425",
            "296.82877",
            "352.2117",
            "314.2361",
            "219.6006",
            "126.408554",
            "54.65125",
            "26.29768",
            "62.082146",
            "136.19037",
            "228.98505",
            "280.80176",
            "289.30994",
            "293.16888",
            "272.80872",
            "204.5789",
            "119.01721",
            "55.423656",
            "26.29768",
            "62.082146",
            "136.19037",
            "228.98505",
            "280.80176",
            "289.30994",
            "293.16888",
            "272.80872",
            "204.5789",
            "119.01722",
            "55.423653",
            "27.015362",
            "65.75931",
            "131.53262",
            "209.76077",
            "258.2849",
            "284.9031",
            "304.91437",
            "266.80865",
            "184.59602",
            "110.465546",
            "51.380592"
        ]
    },
    "struct_id": "geometry_7d88272709",
    "input_ref": null,
    "geometry": [
        [
            0.0,
            1.3986279964447021,
            1.6396210193634033,
            "C",
            NaN,
            NaN,
            false
        ],
        [
            1.2112469673156738,
            0.6993150115013123,
            1.6396210193634033,
            "C",
            NaN,
            NaN,
            false
        ],
        [
            1.2112469673156738,
            -0.6993139982223511,
            1.6396210193634033,
            "C",
            NaN,
            NaN,
            false
        ],
        [
            -9.999999974752427e-07,
            -1.3986279964447021,
            1.6396210193634033,
            "C",
            NaN,
            NaN,
            false
        ],
        [
            -1.2112480401992798,
            -0.6993139982223511,
            1.6396210193634033,
            "C",
            NaN,
            NaN,
            false
        ],
        [
            -1.2112480401992798,
            0.6993150115013123,
            1.6396210193634033,
            "C",
            NaN,
            NaN,
            false
        ],
        [
            -9.999999974752427e-07,
            2.490039110183716,
            1.6396210193634033,
            "H",
            NaN,
            NaN,
            false
        ],
        [
            2.156435966491699,
            1.2450200319290161,
            1.6396210193634033,
            "H",
            NaN,
            NaN,
            false
        ],
        [
            2.1564369201660156,
            -1.2450180053710938,
            1.6396210193634033,
            "H",
            NaN,
            NaN,
            false
        ],
        [
            0.0,
            -2.4900379180908203,
            1.6396210193634033,
            "H",
            NaN,
            NaN,
            false
        ],
        [
            -2.1564369201660156,
            -1.2450180053710938,
            1.6396210193634033,
            "H",
            NaN,
            NaN,
            false
        ],
        [
            -2.1564369201660156,
            1.2450200319290161,
            1.6396210193634033,
            "H",
            NaN,
            NaN,
            false
        ],
        [
            -0.0,
            -1.3986279964447021,
            4.979291915893555,
            "C",
            NaN,
            NaN,
            false
        ],
        [
            -1.2112480401992798,
            -0.6993139982223511,
            4.979291915893555,
            "C",
            NaN,
            NaN,
            false
        ],
        [
            -1.2112480401992798,
            0.6993139982223511,
            4.979291915893555,
            "C",
            NaN,
            NaN,
            false
        ],
        [
            -0.0,
            1.3986279964447021,
            4.979291915893555,
            "C",
            NaN,
            NaN,
            false
        ],
        [
            1.2112469673156738,
            0.6993139982223511,
            4.979291915893555,
            "C",
            NaN,
            NaN,
            false
        ],
        [
            1.2112480401992798,
            -0.6993139982223511,
            4.979291915893555,
            "C",
            NaN,
            NaN,
            false
        ],
        [
            0.0,
            -2.490039110183716,
            4.979291915893555,
            "H",
            NaN,
            NaN,
            false
        ],
        [
            -2.1564369201660156,
            -1.2450189590454102,
            4.979291915893555,
            "H",
            NaN,
            NaN,
            false
        ],
        [
            -2.1564369201660156,
            1.2450189590454102,
            4.979291915893555,
            "H",
            NaN,
            NaN,
            false
        ],
        [
            -0.0,
            2.490039110183716,
            4.979291915893555,
            "H",
            NaN,
            NaN,
            false
        ],
        [
            2.156435966491699,
            1.2450189590454102,
            4.979291915893555,
            "H",
            NaN,
            NaN,
            false
        ],
        [
            2.1564369201660156,
            -1.2450189590454102,
            4.979291915893555,
            "H",
            NaN,
            NaN,
            false
        ]
    ]
}