{
    "properties": {
        "Z": 2,
        "number_of_atoms_in_molecule": 12,
        "unit_cell_volume": 248.091995,
        "attempted_spg": 28,
        "attempted_wyckoff_position": "2c",
        "site_symmetry_group": "m",
        "spg": 28,
        "lattice_vector_a": [
            4.224745,
            0.0,
            0.0
        ],
        "lattice_vector_b": [
            3.038233591885464e-16,
            4.961811999999999,
            0.0
        ],
        "lattice_vector_c": [
            7.24690866629442e-16,
            7.246908666294422e-16,
            11.8351
        ],
        "cell_vol": 248.09198707206372,
        "a": 4.224745,
        "b": 4.961812,
        "c": 11.8351,
        "alpha": 90.0,
        "beta": 90.0,
        "gamma": 90.0,
        "rdf": [
            "38.767418",
            "63.804306",
            "110.056145",
            "180.88635",
            "241.78354",
            "287.0031",
            "292.9567",
            "228.17853",
            "142.82504",
            "74.522125",
            "31.289303",
            "27.050278",
            "65.1726",
            "136.43993",
            "207.41031",
            "242.05998",
            "263.5164",
            "262.34445",
            "210.63971",
            "135.50975",
            "76.43714",
            "35.935436",
            "27.050278",
            "65.1726",
            "136.43993",
            "207.41031",
            "242.05995",
            "263.5164",
            "262.34448",
            "210.63972",
            "135.50977",
            "76.43714",
            "35.935432",
            "23.740334",
            "61.84365",
            "126.081894",
            "198.87021",
            "246.31749",
            "252.84499",
            "241.44525",
            "203.42137",
            "141.61714",
            "78.53805",
            "34.428333"
        ]
    },
    "struct_id": "geometry_0e2215c351",
    "input_ref": null,
    "geometry": [
        [
            1.8779250383377075,
            1.476712942123413,
            3.6580989360809326,
            "C",
            NaN,
            NaN,
            false
        ],
        [
            1.8779250383377075,
            1.476712942123413,
            2.259450912475586,
            "C",
            NaN,
            NaN,
            false
        ],
        [
            1.0791029930114746,
            2.3871700763702393,
            1.5601060390472412,
            "C",
            NaN,
            NaN,
            false
        ],
        [
            0.2802810072898865,
            3.2976269721984863,
            2.259450912475586,
            "C",
            NaN,
            NaN,
            false
        ],
        [
            0.2802810072898865,
            3.2976269721984863,
            3.6580989360809326,
            "C",
            NaN,
            NaN,
            false
        ],
        [
            1.0791029930114746,
            2.3871700763702393,
            4.357442855834961,
            "C",
            NaN,
            NaN,
            false
        ],
        [
            2.5013198852539062,
            0.7661979794502258,
            4.203735828399658,
            "H",
            NaN,
            NaN,
            false
        ],
        [
            2.5013198852539062,
            0.7661979794502258,
            1.7138129472732544,
            "H",
            NaN,
            NaN,
            false
        ],
        [
            1.0791029930114746,
            2.3871700763702393,
            0.4686950147151947,
            "H",
            NaN,
            NaN,
            false
        ],
        [
            -0.3431150019168854,
            4.008141994476318,
            1.7138129472732544,
            "H",
            NaN,
            NaN,
            false
        ],
        [
            -0.3431150019168854,
            4.008141994476318,
            4.203736782073975,
            "H",
            NaN,
            NaN,
            false
        ],
        [
            1.0791029930114746,
            2.3871700763702393,
            5.448853969573975,
            "H",
            NaN,
            NaN,
            false
        ],
        [
            2.346820116043091,
            1.476712942123413,
            8.177000045776367,
            "C",
            NaN,
            NaN,
            false
        ],
        [
            2.346820116043091,
            1.476712942123413,
            9.575648307800293,
            "C",
            NaN,
            NaN,
            false
        ],
        [
            3.145642042160034,
            2.3871700763702393,
            10.274992942810059,
            "C",
            NaN,
            NaN,
            false
        ],
        [
            3.9444639682769775,
            3.2976269721984863,
            9.575648307800293,
            "C",
            NaN,
            NaN,
            false
        ],
        [
            3.9444639682769775,
            3.2976269721984863,
            8.177000045776367,
            "C",
            NaN,
            NaN,
            false
        ],
        [
            3.145642042160034,
            2.3871700763702393,
            7.47765588760376,
            "C",
            NaN,
            NaN,
            false
        ],
        [
            1.723423957824707,
            0.7661979794502258,
            7.6313629150390625,
            "H",
            NaN,
            NaN,
            false
        ],
        [
            1.723423957824707,
            0.7661979794502258,
            10.121285438537598,
            "H",
            NaN,
            NaN,
            false
        ],
        [
            3.145642042160034,
            2.3871700763702393,
            11.366403579711914,
            "H",
            NaN,
            NaN,
            false
        ],
        [
            4.567860126495361,
            4.008141994476318,
            10.121285438537598,
            "H",
            NaN,
            NaN,
            false
        ],
        [
            4.567860126495361,
            4.008141994476318,
            7.6313629150390625,
            "H",
            NaN,
            NaN,
            false
        ],
        [
            3.145642042160034,
            2.3871700763702393,
            6.386246204376221,
            "H",
            NaN,
            NaN,
            false
        ]
    ]
}