{
    "properties": {
        "Z": 2,
        "number_of_atoms_in_molecule": 12,
        "unit_cell_volume": 266.567261,
        "attempted_spg": 3,
        "attempted_wyckoff_position": "2e",
        "site_symmetry_group": "1",
        "spg": 3,
        "lattice_vector_a": [
            4.502528,
            0.0,
            0.0
        ],
        "lattice_vector_b": [
            2.764863913153332e-16,
            4.515365434471944,
            0.0
        ],
        "lattice_vector_c": [
            8.028627926025092e-16,
            -0.04831089451866166,
            13.11165543148064
        ],
        "cell_vol": 266.56728825701333,
        "a": 4.502528,
        "b": 4.515365434471944,
        "c": 13.11174443376643,
        "alpha": 90.21110971446163,
        "beta": 90.0,
        "gamma": 90.0,
        "rdf": [
            "40.163",
            "69.83686",
            "116.44923",
            "175.44116",
            "229.93182",
            "266.35208",
            "258.1341",
            "206.37779",
            "139.50276",
            "73.83906",
            "29.059229",
            "29.085354",
            "72.04831",
            "138.62047",
            "191.35077",
            "222.50018",
            "246.66104",
            "239.36333",
            "194.13629",
            "128.18048",
            "68.59587",
            "29.409342",
            "29.085352",
            "72.04832",
            "138.62047",
            "191.35077",
            "222.50023",
            "246.66107",
            "239.3633",
            "194.13628",
            "128.1805",
            "68.59587",
            "29.409342",
            "23.714382",
            "63.61492",
            "123.35337",
            "184.76189",
            "230.95793",
            "241.4996",
            "224.59459",
            "177.99796",
            "120.956696",
            "68.0616",
            "30.51449"
        ]
    },
    "struct_id": "geometry_fc490f1731",
    "input_ref": null,
    "geometry": [
        [
            -0.7891799807548523,
            2.0757973194122314,
            2.3525919914245605,
            "C",
            NaN,
            NaN,
            false
        ],
        [
            -0.40687599778175354,
            3.154569625854492,
            1.5486656427383423,
            "C",
            NaN,
            NaN,
            false
        ],
        [
            0.6628900170326233,
            3.9690232276916504,
            1.933792233467102,
            "C",
            NaN,
            NaN,
            false
        ],
        [
            1.3502869606018066,
            3.704646110534668,
            3.1228291988372803,
            "C",
            NaN,
            NaN,
            false
        ],
        [
            0.9679830074310303,
            2.625870943069458,
            3.926758289337158,
            "C",
            NaN,
            NaN,
            false
        ],
        [
            -0.10178299993276596,
            1.8114216327667236,
            3.5416276454925537,
            "C",
            NaN,
            NaN,
            false
        ],
        [
            -1.623986005783081,
            1.4402284622192383,
            2.0520522594451904,
            "H",
            NaN,
            NaN,
            false
        ],
        [
            -0.9434049725532532,
            3.3607006072998047,
            0.6208590865135193,
            "H",
            NaN,
            NaN,
            false
        ],
        [
            0.9613739848136902,
            4.8108744621276855,
            1.3066046237945557,
            "H",
            NaN,
            NaN,
            false
        ],
        [
            2.185094118118286,
            4.340211868286133,
            3.423370361328125,
            "H",
            NaN,
            NaN,
            false
        ],
        [
            1.5045119524002075,
            2.419739246368408,
            4.854565620422363,
            "H",
            NaN,
            NaN,
            false
        ],
        [
            -0.40026700496673584,
            0.969567596912384,
            4.16881799697876,
            "H",
            NaN,
            NaN,
            false
        ],
        [
            -0.7891799807548523,
            2.39125657081604,
            10.759062767028809,
            "C",
            NaN,
            NaN,
            false
        ],
        [
            -0.40687599778175354,
            1.3124821186065674,
            11.56299114227295,
            "C",
            NaN,
            NaN,
            false
        ],
        [
            0.6628900170326233,
            0.4980320632457733,
            11.177862167358398,
            "C",
            NaN,
            NaN,
            false
        ],
        [
            1.3502869606018066,
            0.7624091506004333,
            9.988825798034668,
            "C",
            NaN,
            NaN,
            false
        ],
        [
            0.9679830074310303,
            1.8411836624145508,
            9.184897422790527,
            "C",
            NaN,
            NaN,
            false
        ],
        [
            -0.10178299993276596,
            2.655632972717285,
            9.570026397705078,
            "C",
            NaN,
            NaN,
            false
        ],
        [
            -1.623986005783081,
            3.0268239974975586,
            11.059603691101074,
            "H",
            NaN,
            NaN,
            false
        ],
        [
            -0.9434049725532532,
            1.1063518524169922,
            12.490797996520996,
            "H",
            NaN,
            NaN,
            false
        ],
        [
            0.9613739848136902,
            -0.3438204824924469,
            11.805051803588867,
            "H",
            NaN,
            NaN,
            false
        ],
        [
            2.185094118118286,
            0.12684176862239838,
            9.688283920288086,
            "H",
            NaN,
            NaN,
            false
        ],
        [
            1.5045119524002075,
            2.0473153591156006,
            8.257089614868164,
            "H",
            NaN,
            NaN,
            false
        ],
        [
            -0.40026700496673584,
            3.4974863529205322,
            8.94283676147461,
            "H",
            NaN,
            NaN,
            false
        ]
    ]
}