{
    "properties": {
        "Z": 2,
        "number_of_atoms_in_molecule": 12,
        "unit_cell_volume": 239.832748,
        "attempted_spg": 132,
        "attempted_wyckoff_position": "2a",
        "site_symmetry_group": "mmm",
        "spg": 132,
        "lattice_vector_a": [
            5.85896,
            0.0,
            0.0
        ],
        "lattice_vector_b": [
            3.9176426611787847e-16,
            6.397995999999999,
            0.0
        ],
        "lattice_vector_c": [
            3.9176426611787847e-16,
            3.9176426611787847e-16,
            6.397995999999999
        ],
        "cell_vol": 239.83273577492506,
        "a": 5.85896,
        "b": 6.397996,
        "c": 6.397996,
        "alpha": 90.0,
        "beta": 90.0,
        "gamma": 90.0,
        "rdf": [
            "43.06089",
            "85.27008",
            "143.11609",
            "174.13142",
            "202.126",
            "278.2212",
            "330.39664",
            "305.89368",
            "242.37946",
            "155.43071",
            "71.21971",
            "27.872845",
            "68.25631",
            "141.13837",
            "215.67351",
            "255.86523",
            "293.19727",
            "318.28857",
            "285.26862",
            "215.66063",
            "136.04367",
            "65.124825",
            "27.872843",
            "68.25631",
            "141.13834",
            "215.67355",
            "255.86522",
            "293.19724",
            "318.28857",
            "285.26855",
            "215.66061",
            "136.04367",
            "65.12482",
            "25.35968",
            "66.854",
            "131.2505",
            "200.56198",
            "262.05164",
            "308.6491",
            "319.7148",
            "270.97952",
            "199.58557",
            "124.64089",
            "60.09401"
        ]
    },
    "struct_id": "geometry_a5425861f1",
    "input_ref": null,
    "geometry": [
        [
            6.055835586615019e-17,
            1.3509570360183716,
            -0.36196398735046387,
            "C",
            NaN,
            NaN,
            false
        ],
        [
            -6.055841542315429e-17,
            0.36196398735046387,
            -1.350957989692688,
            "C",
            NaN,
            NaN,
            false
        ],
        [
            -1.211186704959909e-16,
            -0.9890090227127075,
            -0.9890090227127075,
            "C",
            NaN,
            NaN,
            false
        ],
        [
            -6.055841542315429e-17,
            -1.350957989692688,
            0.36196398735046387,
            "C",
            NaN,
            NaN,
            false
        ],
        [
            6.055835586615019e-17,
            -0.36196398735046387,
            1.3509570360183716,
            "C",
            NaN,
            NaN,
            false
        ],
        [
            1.211185513819827e-16,
            0.9890080094337463,
            0.9890080094337463,
            "C",
            NaN,
            NaN,
            false
        ],
        [
            1.0780828888371841e-16,
            2.4051589965820312,
            -0.6445159912109375,
            "H",
            NaN,
            NaN,
            false
        ],
        [
            -1.0780828888371841e-16,
            0.6445159912109375,
            -2.4051589965820312,
            "H",
            NaN,
            NaN,
            false
        ],
        [
            -2.156300508852541e-16,
            -1.7607530355453491,
            -1.7607530355453491,
            "H",
            NaN,
            NaN,
            false
        ],
        [
            -1.0780828888371841e-16,
            -2.4051589965820312,
            0.6445159912109375,
            "H",
            NaN,
            NaN,
            false
        ],
        [
            1.0780828888371841e-16,
            -0.6445159912109375,
            2.4051589965820312,
            "H",
            NaN,
            NaN,
            false
        ],
        [
            2.156300508852541e-16,
            1.7607530355453491,
            1.7607530355453491,
            "H",
            NaN,
            NaN,
            false
        ],
        [
            2.9294800758361816,
            0.36196500062942505,
            1.3509570360183716,
            "C",
            NaN,
            NaN,
            false
        ],
        [
            2.9294800758361816,
            1.3509570360183716,
            0.36196398735046387,
            "C",
            NaN,
            NaN,
            false
        ],
        [
            2.9294800758361816,
            0.9890090227127075,
            -0.9890090227127075,
            "C",
            NaN,
            NaN,
            false
        ],
        [
            2.9294800758361816,
            -0.36196398735046387,
            -1.350957989692688,
            "C",
            NaN,
            NaN,
            false
        ],
        [
            2.9294800758361816,
            -1.350957989692688,
            -0.36196398735046387,
            "C",
            NaN,
            NaN,
            false
        ],
        [
            2.9294800758361816,
            -0.9890080094337463,
            0.9890080094337463,
            "C",
            NaN,
            NaN,
            false
        ],
        [
            2.9294800758361816,
            0.6445170044898987,
            2.4051589965820312,
            "H",
            NaN,
            NaN,
            false
        ],
        [
            2.9294800758361816,
            2.4051589965820312,
            0.6445159912109375,
            "H",
            NaN,
            NaN,
            false
        ],
        [
            2.9294800758361816,
            1.7607519626617432,
            -1.7607530355453491,
            "H",
            NaN,
            NaN,
            false
        ],
        [
            2.9294800758361816,
            -0.6445170044898987,
            -2.4051589965820312,
            "H",
            NaN,
            NaN,
            false
        ],
        [
            2.9294800758361816,
            -2.4051589965820312,
            -0.6445159912109375,
            "H",
            NaN,
            NaN,
            false
        ],
        [
            2.9294800758361816,
            -1.7607530355453491,
            1.7607530355453491,
            "H",
            NaN,
            NaN,
            false
        ]
    ]
}