{
    "properties": {
        "Z": 2,
        "number_of_atoms_in_molecule": 12,
        "unit_cell_volume": 238.798004,
        "attempted_spg": 116,
        "attempted_wyckoff_position": "2b",
        "site_symmetry_group": "222",
        "spg": 132,
        "lattice_vector_a": [
            5.806138,
            0.0,
            0.0
        ],
        "lattice_vector_b": [
            3.926924259269522e-16,
            6.413154,
            0.0
        ],
        "lattice_vector_c": [
            3.926924259269522e-16,
            3.926924259269522e-16,
            6.413154
        ],
        "cell_vol": 238.79800352522255,
        "a": 5.806138,
        "b": 6.413154,
        "c": 6.413154,
        "alpha": 90.0,
        "beta": 90.0,
        "gamma": 90.0,
        "rdf": [
            "43.41301",
            "86.50189",
            "144.18513",
            "173.76897",
            "202.81181",
            "279.65466",
            "330.19278",
            "306.23633",
            "243.46008",
            "155.89226",
            "71.378815",
            "27.97106",
            "68.810936",
            "142.07939",
            "216.08351",
            "256.53323",
            "295.14038",
            "319.19193",
            "285.24323",
            "216.46085",
            "136.66379",
            "65.1761",
            "27.971058",
            "68.810936",
            "142.07938",
            "216.08353",
            "256.5332",
            "295.14038",
            "319.19196",
            "285.24323",
            "216.46088",
            "136.66379",
            "65.176094",
            "25.407604",
            "67.47718",
            "132.041",
            "200.77783",
            "263.11697",
            "310.6505",
            "320.93735",
            "271.3811",
            "200.10999",
            "125.07187",
            "60.179382"
        ]
    },
    "struct_id": "geometry_135f9721c8",
    "input_ref": null,
    "geometry": [
        [
            1.4515340328216553,
            3.5685410499572754,
            1.85562002658844,
            "C",
            NaN,
            NaN,
            false
        ],
        [
            1.4515340328216553,
            2.2175679206848145,
            2.2175679206848145,
            "C",
            NaN,
            NaN,
            false
        ],
        [
            1.4515340328216553,
            1.85562002658844,
            3.5685410499572754,
            "C",
            NaN,
            NaN,
            false
        ],
        [
            1.4515340328216553,
            2.8446130752563477,
            4.557535171508789,
            "C",
            NaN,
            NaN,
            false
        ],
        [
            1.4515340328216553,
            4.195584774017334,
            4.195584774017334,
            "C",
            NaN,
            NaN,
            false
        ],
        [
            1.4515340328216553,
            4.557534217834473,
            2.8446130752563477,
            "C",
            NaN,
            NaN,
            false
        ],
        [
            1.4515340328216553,
            3.851093053817749,
            0.8014180064201355,
            "H",
            NaN,
            NaN,
            false
        ],
        [
            1.4515340328216553,
            1.4458240270614624,
            1.4458240270614624,
            "H",
            NaN,
            NaN,
            false
        ],
        [
            1.4515340328216553,
            0.8014180064201355,
            3.8510940074920654,
            "H",
            NaN,
            NaN,
            false
        ],
        [
            1.4515340328216553,
            2.562061071395874,
            5.611735820770264,
            "H",
            NaN,
            NaN,
            false
        ],
        [
            1.4515340328216553,
            4.967329978942871,
            4.967329978942871,
            "H",
            NaN,
            NaN,
            false
        ],
        [
            1.4515340328216553,
            5.611735820770264,
            2.562061071395874,
            "H",
            NaN,
            NaN,
            false
        ],
        [
            4.354602813720703,
            1.85562002658844,
            2.8446130752563477,
            "C",
            NaN,
            NaN,
            false
        ],
        [
            4.354602813720703,
            2.2175679206848145,
            4.195584774017334,
            "C",
            NaN,
            NaN,
            false
        ],
        [
            4.354602813720703,
            3.5685410499572754,
            4.557535171508789,
            "C",
            NaN,
            NaN,
            false
        ],
        [
            4.354602813720703,
            4.557535171508789,
            3.5685410499572754,
            "C",
            NaN,
            NaN,
            false
        ],
        [
            4.354602813720703,
            4.195584774017334,
            2.2175679206848145,
            "C",
            NaN,
            NaN,
            false
        ],
        [
            4.354602813720703,
            2.8446130752563477,
            1.85562002658844,
            "C",
            NaN,
            NaN,
            false
        ],
        [
            4.354602813720703,
            0.8014180064201355,
            2.562061071395874,
            "H",
            NaN,
            NaN,
            false
        ],
        [
            4.354602813720703,
            1.4458240270614624,
            4.967329978942871,
            "H",
            NaN,
            NaN,
            false
        ],
        [
            4.354602813720703,
            3.8510940074920654,
            5.611735820770264,
            "H",
            NaN,
            NaN,
            false
        ],
        [
            4.354602813720703,
            5.611735820770264,
            3.851093053817749,
            "H",
            NaN,
            NaN,
            false
        ],
        [
            4.354602813720703,
            4.967329978942871,
            1.4458240270614624,
            "H",
            NaN,
            NaN,
            false
        ],
        [
            4.354602813720703,
            2.562061071395874,
            0.8014180064201355,
            "H",
            NaN,
            NaN,
            false
        ]
    ]
}