{
    "properties": {
        "Z": 2,
        "number_of_atoms_in_molecule": 12,
        "unit_cell_volume": 215.371445,
        "attempted_spg": 177,
        "attempted_wyckoff_position": "2e",
        "site_symmetry_group": "6",
        "spg": 177,
        "lattice_vector_a": [
            6.138514,
            0.0,
            0.0
        ],
        "lattice_vector_b": [
            -3.069257,
            5.316109,
            0.0
        ],
        "lattice_vector_c": [
            0.0,
            0.0,
            6.599804
        ],
        "cell_vol": 215.3714667755053,
        "rdf": [
            "40.496845",
            "74.92227",
            "138.07756",
            "210.97688",
            "269.9615",
            "338.08008",
            "378.58563",
            "327.366",
            "227.23975",
            "129.33313",
            "55.901154",
            "29.415108",
            "72.82008",
            "153.00671",
            "251.7746",
            "306.31592",
            "310.6291",
            "314.57312",
            "294.127",
            "215.21942",
            "124.46322",
            "58.6782",
            "29.415104",
            "72.82008",
            "153.0067",
            "251.77463",
            "306.31586",
            "310.62915",
            "314.57315",
            "294.127",
            "215.21942",
            "124.46323",
            "58.678204",
            "32.933685",
            "76.0744",
            "142.04504",
            "227.23299",
            "281.54514",
            "312.27307",
            "325.36288",
            "277.828",
            "196.08629",
            "115.08157",
            "54.62996"
        ]
    },
    "struct_id": "geometry_95aa4db973",
    "input_ref": null,
    "geometry": [
        [
            0.2617209851741791,
            1.3739229440689087,
            4.808432102203369,
            "C",
            NaN,
            NaN,
            false
        ],
        [
            1.3207119703292847,
            0.46030399203300476,
            4.808432102203369,
            "C",
            NaN,
            NaN,
            false
        ],
        [
            1.0589909553527832,
            -0.9136180281639099,
            4.808432102203369,
            "C",
            NaN,
            NaN,
            false
        ],
        [
            -0.2617209851741791,
            -1.3739219903945923,
            4.808432102203369,
            "C",
            NaN,
            NaN,
            false
        ],
        [
            -1.3207119703292847,
            -0.46030399203300476,
            4.808432102203369,
            "C",
            NaN,
            NaN,
            false
        ],
        [
            -1.0589909553527832,
            0.9136180281639099,
            4.808432102203369,
            "C",
            NaN,
            NaN,
            false
        ],
        [
            0.46595299243927,
            2.446053981781006,
            4.808432102203369,
            "H",
            NaN,
            NaN,
            false
        ],
        [
            2.35132098197937,
            0.8194990158081055,
            4.808432102203369,
            "H",
            NaN,
            NaN,
            false
        ],
        [
            1.8853679895401,
            -1.626554012298584,
            4.808432102203369,
            "H",
            NaN,
            NaN,
            false
        ],
        [
            -0.46595299243927,
            -2.4460530281066895,
            4.808432102203369,
            "H",
            NaN,
            NaN,
            false
        ],
        [
            -2.35132098197937,
            -0.8194990158081055,
            4.808432102203369,
            "H",
            NaN,
            NaN,
            false
        ],
        [
            -1.8853679895401,
            1.626554012298584,
            4.808432102203369,
            "H",
            NaN,
            NaN,
            false
        ],
        [
            -1.0589909553527832,
            -0.9136180281639099,
            1.7913719415664673,
            "C",
            NaN,
            NaN,
            false
        ],
        [
            0.2617209851741791,
            -1.3739219903945923,
            1.7913719415664673,
            "C",
            NaN,
            NaN,
            false
        ],
        [
            1.3207119703292847,
            -0.46030399203300476,
            1.7913719415664673,
            "C",
            NaN,
            NaN,
            false
        ],
        [
            1.0589909553527832,
            0.9136180281639099,
            1.7913719415664673,
            "C",
            NaN,
            NaN,
            false
        ],
        [
            -0.2617209851741791,
            1.3739229440689087,
            1.7913719415664673,
            "C",
            NaN,
            NaN,
            false
        ],
        [
            -1.3207119703292847,
            0.46030399203300476,
            1.7913719415664673,
            "C",
            NaN,
            NaN,
            false
        ],
        [
            -1.8853679895401,
            -1.626554012298584,
            1.7913719415664673,
            "H",
            NaN,
            NaN,
            false
        ],
        [
            0.46595299243927,
            -2.4460530281066895,
            1.7913719415664673,
            "H",
            NaN,
            NaN,
            false
        ],
        [
            2.35132098197937,
            -0.8194990158081055,
            1.7913719415664673,
            "H",
            NaN,
            NaN,
            false
        ],
        [
            1.8853679895401,
            1.626554012298584,
            1.7913719415664673,
            "H",
            NaN,
            NaN,
            false
        ],
        [
            -0.46595299243927,
            2.4460530281066895,
            1.7913719415664673,
            "H",
            NaN,
            NaN,
            false
        ],
        [
            -2.35132098197937,
            0.8194990158081055,
            1.7913719415664673,
            "H",
            NaN,
            NaN,
            false
        ]
    ]
}