{
    "properties": {
        "Z": 2,
        "number_of_atoms_in_molecule": 12,
        "unit_cell_volume": 264.597351,
        "attempted_spg": 127,
        "attempted_wyckoff_position": "2d",
        "site_symmetry_group": "mmm",
        "spg": 127,
        "lattice_vector_a": [
            3.34091,
            0.0,
            0.0
        ],
        "lattice_vector_b": [
            5.449305963578782e-16,
            8.899392,
            0.0
        ],
        "lattice_vector_c": [
            5.449305963578782e-16,
            5.449305963578781e-16,
            8.899392
        ],
        "cell_vol": 264.59732567063025,
        "a": 3.34091,
        "b": 8.899392,
        "c": 8.899392,
        "alpha": 90.0,
        "beta": 90.0,
        "gamma": 90.0,
        "rdf": [
            "39.38581",
            "68.70769",
            "120.42191",
            "170.69003",
            "188.48103",
            "212.27768",
            "236.50214",
            "211.56674",
            "147.96947",
            "82.91974",
            "34.921295",
            "26.661669",
            "59.577827",
            "121.11162",
            "199.1598",
            "240.71597",
            "235.59906",
            "213.05408",
            "178.731",
            "129.22849",
            "77.82451",
            "37.26771",
            "26.66167",
            "59.577827",
            "121.11161",
            "199.15982",
            "240.716",
            "235.59908",
            "213.05408",
            "178.731",
            "129.22849",
            "77.8245",
            "37.267708",
            "24.148764",
            "56.585167",
            "113.24596",
            "187.71844",
            "241.84521",
            "248.90146",
            "218.43289",
            "169.73126",
            "120.50609",
            "78.33578",
            "38.005768"
        ]
    },
    "struct_id": "geometry_64e0a813e3",
    "input_ref": null,
    "geometry": [
        [
            2.724651675526296e-16,
            -0.9889230132102966,
            5.43861722946167,
            "C",
            NaN,
            NaN,
            false
        ],
        [
            3.7735881606484596e-16,
            0.36204400658607483,
            5.800693035125732,
            "C",
            NaN,
            NaN,
            false
        ],
        [
            3.7735892194396437e-16,
            1.350996971130371,
            4.811741828918457,
            "C",
            NaN,
            NaN,
            false
        ],
        [
            2.724651146130704e-16,
            0.9889190196990967,
            3.4607739448547363,
            "C",
            NaN,
            NaN,
            false
        ],
        [
            1.6757147933574383e-16,
            -0.3620469868183136,
            3.0986969470977783,
            "C",
            NaN,
            NaN,
            false
        ],
        [
            1.6757147933574383e-16,
            -1.3509989976882935,
            4.087648868560791,
            "C",
            NaN,
            NaN,
            false
        ],
        [
            2.724652469619684e-16,
            -1.7606639862060547,
            6.2103590965271,
            "H",
            NaN,
            NaN,
            false
        ],
        [
            4.592014422993818e-16,
            0.6443740129470825,
            6.854955196380615,
            "H",
            NaN,
            NaN,
            false
        ],
        [
            4.592016011180594e-16,
            2.405258893966675,
            5.094071865081787,
            "H",
            NaN,
            NaN,
            false
        ],
        [
            2.724652469619684e-16,
            1.7606630325317383,
            2.6890320777893066,
            "H",
            NaN,
            NaN,
            false
        ],
        [
            8.572882663142838e-17,
            -0.6443780064582825,
            2.044435977935791,
            "H",
            NaN,
            NaN,
            false
        ],
        [
            8.572888618843248e-17,
            -2.4052600860595703,
            3.80531907081604,
            "H",
            NaN,
            NaN,
            false
        ],
        [
            1.5135721731737739e-16,
            3.4607739448547363,
            -0.9889230132102966,
            "C",
            NaN,
            NaN,
            false
        ],
        [
            2.1190927337598237e-16,
            3.0986969470977783,
            0.36204400658607483,
            "C",
            NaN,
            NaN,
            false
        ],
        [
            3.330210087897176e-16,
            4.087648868560791,
            1.350996971130371,
            "C",
            NaN,
            NaN,
            false
        ],
        [
            3.935730648483226e-16,
            5.43861722946167,
            0.9889190196990967,
            "C",
            NaN,
            NaN,
            false
        ],
        [
            3.330210087897176e-16,
            5.800693035125732,
            -0.3620469868183136,
            "C",
            NaN,
            NaN,
            false
        ],
        [
            2.1190939248999057e-16,
            4.811741828918457,
            -1.3509989976882935,
            "C",
            NaN,
            NaN,
            false
        ],
        [
            5.684614794802451e-17,
            2.6890320777893066,
            -1.7606639862060547,
            "H",
            NaN,
            NaN,
            false
        ],
        [
            1.6464206882722403e-16,
            2.0444350242614746,
            0.6443740129470825,
            "H",
            NaN,
            NaN,
            false
        ],
        [
            3.8028822657336576e-16,
            3.80531907081604,
            2.405258893966675,
            "H",
            NaN,
            NaN,
            false
        ],
        [
            4.880843128886878e-16,
            6.2103590965271,
            1.7606630325317383,
            "H",
            NaN,
            NaN,
            false
        ],
        [
            3.8028817363380655e-16,
            6.854955196380615,
            -0.6443780064582825,
            "H",
            NaN,
            NaN,
            false
        ],
        [
            1.6464225411568124e-16,
            5.094071865081787,
            -2.4052600860595703,
            "H",
            NaN,
            NaN,
            false
        ]
    ]
}