{
    "properties": {
        "Z": 2,
        "number_of_atoms_in_molecule": 12,
        "unit_cell_volume": 256.804993,
        "attempted_spg": 26,
        "attempted_wyckoff_position": "2b",
        "site_symmetry_group": "m",
        "spg": 26,
        "lattice_vector_a": [
            2.928212,
            0.0,
            0.0
        ],
        "lattice_vector_b": [
            4.3429949476628375e-16,
            7.092649,
            0.0
        ],
        "lattice_vector_c": [
            7.571350056528731e-16,
            7.571350056528731e-16,
            12.364953
        ],
        "cell_vol": 256.8049874988597,
        "a": 2.928212,
        "b": 7.092649,
        "c": 12.364953,
        "alpha": 90.0,
        "beta": 90.0,
        "gamma": 90.0,
        "rdf": [
            "43.03779",
            "84.92486",
            "140.50388",
            "158.14375",
            "145.86148",
            "165.24556",
            "193.70067",
            "184.29504",
            "136.24677",
            "80.475655",
            "36.45006",
            "27.173437",
            "65.987915",
            "135.17313",
            "191.98302",
            "201.24341",
            "192.73538",
            "179.27628",
            "159.2495",
            "121.553474",
            "74.07534",
            "34.75695",
            "27.173435",
            "65.98792",
            "135.17313",
            "191.98306",
            "201.24344",
            "192.73538",
            "179.27625",
            "159.24948",
            "121.553474",
            "74.07533",
            "34.756943",
            "24.314587",
            "62.280254",
            "119.46415",
            "174.46257",
            "212.6149",
            "212.78275",
            "188.1961",
            "152.96048",
            "111.10643",
            "70.23205",
            "33.98215"
        ]
    },
    "struct_id": "geometry_2355dac4f2",
    "input_ref": null,
    "geometry": [
        [
            0.5514320135116577,
            2.8470020294189453,
            7.754955768585205,
            "C",
            NaN,
            NaN,
            false
        ],
        [
            0.5480260252952576,
            2.147655963897705,
            8.966169357299805,
            "C",
            NaN,
            NaN,
            false
        ],
        [
            0.5446209907531738,
            2.8470020294189453,
            10.177382469177246,
            "C",
            NaN,
            NaN,
            false
        ],
        [
            0.5446209907531738,
            4.24564790725708,
            10.177382469177246,
            "C",
            NaN,
            NaN,
            false
        ],
        [
            0.5480260252952576,
            4.94499397277832,
            8.966169357299805,
            "C",
            NaN,
            NaN,
            false
        ],
        [
            0.5514320135116577,
            4.24564790725708,
            7.754955768585205,
            "C",
            NaN,
            NaN,
            false
        ],
        [
            0.5540900230407715,
            2.301362991333008,
            6.809732913970947,
            "H",
            NaN,
            NaN,
            false
        ],
        [
            0.5480260252952576,
            1.0562440156936646,
            8.966169357299805,
            "H",
            NaN,
            NaN,
            false
        ],
        [
            0.5419620275497437,
            2.301362991333008,
            11.122605323791504,
            "H",
            NaN,
            NaN,
            false
        ],
        [
            0.5419620275497437,
            4.791286945343018,
            11.122605323791504,
            "H",
            NaN,
            NaN,
            false
        ],
        [
            0.5480260252952576,
            6.036405086517334,
            8.966169357299805,
            "H",
            NaN,
            NaN,
            false
        ],
        [
            0.5540900230407715,
            4.791286945343018,
            6.809732913970947,
            "H",
            NaN,
            NaN,
            false
        ],
        [
            2.3767800331115723,
            4.24564790725708,
            1.5724810361862183,
            "C",
            NaN,
            NaN,
            false
        ],
        [
            2.380186080932617,
            4.94499397277832,
            2.78369402885437,
            "C",
            NaN,
            NaN,
            false
        ],
        [
            2.383591890335083,
            4.24564790725708,
            3.994908094406128,
            "C",
            NaN,
            NaN,
            false
        ],
        [
            2.383591890335083,
            2.8470020294189453,
            3.994908094406128,
            "C",
            NaN,
            NaN,
            false
        ],
        [
            2.380186080932617,
            2.147655963897705,
            2.78369402885437,
            "C",
            NaN,
            NaN,
            false
        ],
        [
            2.3767800331115723,
            2.8470020294189453,
            1.5724810361862183,
            "C",
            NaN,
            NaN,
            false
        ],
        [
            2.374121904373169,
            4.791286945343018,
            0.6272569894790649,
            "H",
            NaN,
            NaN,
            false
        ],
        [
            2.380186080932617,
            6.036405086517334,
            2.78369402885437,
            "H",
            NaN,
            NaN,
            false
        ],
        [
            2.3862500190734863,
            4.791286945343018,
            4.940128803253174,
            "H",
            NaN,
            NaN,
            false
        ],
        [
            2.3862500190734863,
            2.301362991333008,
            4.940128803253174,
            "H",
            NaN,
            NaN,
            false
        ],
        [
            2.380186080932617,
            1.0562440156936646,
            2.78369402885437,
            "H",
            NaN,
            NaN,
            false
        ],
        [
            2.374121904373169,
            2.301362991333008,
            0.6272569894790649,
            "H",
            NaN,
            NaN,
            false
        ]
    ]
}