{
    "properties": {
        "Z": 2,
        "number_of_atoms_in_molecule": 12,
        "unit_cell_volume": 278.047882,
        "attempted_spg": 89,
        "attempted_wyckoff_position": "2f",
        "site_symmetry_group": "222",
        "spg": 123,
        "lattice_vector_a": [
            2.909369,
            0.0,
            0.0
        ],
        "lattice_vector_b": [
            5.986063144734469e-16,
            9.775983,
            0.0
        ],
        "lattice_vector_c": [
            5.986063144734469e-16,
            5.986063144734469e-16,
            9.775983
        ],
        "cell_vol": 278.04794035207897,
        "a": 2.909369,
        "b": 9.775983,
        "c": 9.775983,
        "alpha": 90.0,
        "beta": 90.0,
        "gamma": 90.0,
        "rdf": [
            "43.196793",
            "84.4668",
            "134.02496",
            "142.69444",
            "130.21109",
            "151.8558",
            "184.71642",
            "181.24597",
            "134.2451",
            "78.32648",
            "35.103085",
            "26.489588",
            "61.338177",
            "123.97726",
            "183.49367",
            "195.02338",
            "182.27802",
            "173.28935",
            "152.97522",
            "115.7495",
            "69.533295",
            "32.193855",
            "26.48959",
            "61.33818",
            "123.977264",
            "183.49367",
            "195.02335",
            "182.27805",
            "173.28937",
            "152.97523",
            "115.7495",
            "69.533295",
            "32.19386",
            "21.342321",
            "55.187634",
            "115.308075",
            "171.91003",
            "200.00916",
            "204.27744",
            "185.74525",
            "144.74095",
            "102.7879",
            "63.464012",
            "32.07364"
        ]
    },
    "struct_id": "geometry_8ec2b7ed86",
    "input_ref": null,
    "geometry": [
        [
            1.4546840190887451,
            4.887990951538086,
            1.3985459804534912,
            "C",
            NaN,
            NaN,
            false
        ],
        [
            1.4546840190887451,
            6.099298000335693,
            0.6992949843406677,
            "C",
            NaN,
            NaN,
            false
        ],
        [
            1.4546840190887451,
            6.099298000335693,
            -0.6992949843406677,
            "C",
            NaN,
            NaN,
            false
        ],
        [
            1.4546840190887451,
            4.887990951538086,
            -1.3985459804534912,
            "C",
            NaN,
            NaN,
            false
        ],
        [
            1.4546840190887451,
            3.676685094833374,
            -0.6992949843406677,
            "C",
            NaN,
            NaN,
            false
        ],
        [
            1.4546840190887451,
            3.676685094833374,
            0.6992949843406677,
            "C",
            NaN,
            NaN,
            false
        ],
        [
            1.4546840190887451,
            4.887990951538086,
            2.4899539947509766,
            "H",
            NaN,
            NaN,
            false
        ],
        [
            1.4546840190887451,
            7.044410228729248,
            1.2451330423355103,
            "H",
            NaN,
            NaN,
            false
        ],
        [
            1.4546840190887451,
            7.044410228729248,
            -1.2451330423355103,
            "H",
            NaN,
            NaN,
            false
        ],
        [
            1.4546840190887451,
            4.887990951538086,
            -2.4899539947509766,
            "H",
            NaN,
            NaN,
            false
        ],
        [
            1.4546840190887451,
            2.731571912765503,
            -1.2451330423355103,
            "H",
            NaN,
            NaN,
            false
        ],
        [
            1.4546840190887451,
            2.731571912765503,
            1.2451330423355103,
            "H",
            NaN,
            NaN,
            false
        ],
        [
            1.4546840190887451,
            -1.3985459804534912,
            4.887990951538086,
            "C",
            NaN,
            NaN,
            false
        ],
        [
            1.4546840190887451,
            -0.6992949843406677,
            6.099297046661377,
            "C",
            NaN,
            NaN,
            false
        ],
        [
            1.4546840190887451,
            0.6992949843406677,
            6.099297046661377,
            "C",
            NaN,
            NaN,
            false
        ],
        [
            1.4546840190887451,
            1.3985459804534912,
            4.887990951538086,
            "C",
            NaN,
            NaN,
            false
        ],
        [
            1.4546840190887451,
            0.6992949843406677,
            3.676685094833374,
            "C",
            NaN,
            NaN,
            false
        ],
        [
            1.4546840190887451,
            -0.6992949843406677,
            3.676685094833374,
            "C",
            NaN,
            NaN,
            false
        ],
        [
            1.4546840190887451,
            -2.4899539947509766,
            4.887990951538086,
            "H",
            NaN,
            NaN,
            false
        ],
        [
            1.4546840190887451,
            -1.2451330423355103,
            7.044410228729248,
            "H",
            NaN,
            NaN,
            false
        ],
        [
            1.4546840190887451,
            1.2451330423355103,
            7.044410228729248,
            "H",
            NaN,
            NaN,
            false
        ],
        [
            1.4546840190887451,
            2.4899539947509766,
            4.887990951538086,
            "H",
            NaN,
            NaN,
            false
        ],
        [
            1.4546840190887451,
            1.2451330423355103,
            2.731571912765503,
            "H",
            NaN,
            NaN,
            false
        ],
        [
            1.4546840190887451,
            -1.2451330423355103,
            2.731571912765503,
            "H",
            NaN,
            NaN,
            false
        ]
    ]
}