{
    "properties": {
        "lattice_vector_a": [
            3.512525,
            0.0,
            0.0
        ],
        "lattice_vector_b": [
            0.0,
            16.292229,
            0.0
        ],
        "lattice_vector_c": [
            -0.304284,
            0.0,
            4.735507
        ],
        "unit_cell_volume": 270.9982040179111,
        "cell_vol": 270.9982040179111,
        "spg": 6
    },
    "struct_id": "target1_2mpc_d0a09d67b6",
    "input_ref": null,
    "geometry": [
        [
            0.7106670141220093,
            14.44494342803955,
            2.966171979904175,
            "O",
            NaN,
            NaN,
            false
        ],
        [
            -0.24149399995803833,
            13.815996170043945,
            2.1845529079437256,
            "C",
            NaN,
            NaN,
            false
        ],
        [
            -0.5764260292053223,
            14.387813568115234,
            1.3286069631576538,
            "H",
            NaN,
            NaN,
            false
        ],
        [
            -0.5005480051040649,
            12.60120677947998,
            2.7359299659729004,
            "C",
            NaN,
            NaN,
            false
        ],
        [
            -1.1308510303497314,
            11.228799819946289,
            2.9223361015319824,
            "C",
            NaN,
            NaN,
            false
        ],
        [
            -0.9168350100517273,
            10.499951362609863,
            2.1299920082092285,
            "H",
            NaN,
            NaN,
            false
        ],
        [
            -2.21089506149292,
            11.22757625579834,
            3.1182119846343994,
            "H",
            NaN,
            NaN,
            false
        ],
        [
            -0.22399300336837769,
            11.08312702178955,
            4.215889930725098,
            "C",
            NaN,
            NaN,
            false
        ],
        [
            0.511044979095459,
            10.2691068649292,
            4.170139789581299,
            "H",
            NaN,
            NaN,
            false
        ],
        [
            -0.781673014163971,
            11.000773429870605,
            5.1577229499816895,
            "H",
            NaN,
            NaN,
            false
        ],
        [
            0.3133220076560974,
            12.470128059387207,
            3.8944039344787598,
            "C",
            NaN,
            NaN,
            false
        ],
        [
            1.04509699344635,
            13.6088285446167,
            4.015748977661133,
            "C",
            NaN,
            NaN,
            false
        ],
        [
            1.7887200117111206,
            14.006199836730957,
            4.694672107696533,
            "H",
            NaN,
            NaN,
            false
        ],
        [
            0.7106670141220093,
            1.8472850322723389,
            2.966171979904175,
            "O",
            NaN,
            NaN,
            false
        ],
        [
            -0.24149399995803833,
            2.4762330055236816,
            2.1845529079437256,
            "C",
            NaN,
            NaN,
            false
        ],
        [
            -0.5764260292053223,
            1.9044150114059448,
            1.3286069631576538,
            "H",
            NaN,
            NaN,
            false
        ],
        [
            -0.5005480051040649,
            3.6910219192504883,
            2.7359299659729004,
            "C",
            NaN,
            NaN,
            false
        ],
        [
            -1.1308510303497314,
            5.06342887878418,
            2.9223361015319824,
            "C",
            NaN,
            NaN,
            false
        ],
        [
            -0.9168350100517273,
            5.792276859283447,
            2.1299920082092285,
            "H",
            NaN,
            NaN,
            false
        ],
        [
            -2.21089506149292,
            5.064651966094971,
            3.1182119846343994,
            "H",
            NaN,
            NaN,
            false
        ],
        [
            -0.22399300336837769,
            5.20910120010376,
            4.215889930725098,
            "C",
            NaN,
            NaN,
            false
        ],
        [
            0.511044979095459,
            6.0231218338012695,
            4.170139789581299,
            "H",
            NaN,
            NaN,
            false
        ],
        [
            -0.781673014163971,
            5.291454792022705,
            5.1577229499816895,
            "H",
            NaN,
            NaN,
            false
        ],
        [
            0.3133220076560974,
            3.82210111618042,
            3.8944039344787598,
            "C",
            NaN,
            NaN,
            false
        ],
        [
            1.04509699344635,
            2.6833999156951904,
            4.015748977661133,
            "C",
            NaN,
            NaN,
            false
        ],
        [
            1.7887200117111206,
            2.2860279083251953,
            4.694672107696533,
            "H",
            NaN,
            NaN,
            false
        ]
    ]
}