{
    "properties": {
        "lattice_vector_a": [
            23.738586,
            0.0,
            0.0
        ],
        "lattice_vector_b": [
            0.0,
            3.339548,
            0.0
        ],
        "lattice_vector_c": [
            3.473103,
            0.0,
            4.013311
        ],
        "unit_cell_volume": 318.1598343945418,
        "cell_vol": 318.1598343945418,
        "spg": 3
    },
    "struct_id": "target1_2mpc_738801bfe3",
    "input_ref": null,
    "geometry": [
        [
            19.481403350830078,
            2.8496339321136475,
            2.8236289024353027,
            "O",
            NaN,
            NaN,
            false
        ],
        [
            19.770763397216797,
            2.0719969272613525,
            1.7169840335845947,
            "C",
            NaN,
            NaN,
            false
        ],
        [
            18.972904205322266,
            2.0037319660186768,
            0.9885920286178589,
            "H",
            NaN,
            NaN,
            false
        ],
        [
            21.033302307128906,
            1.5904220342636108,
            1.8616410493850708,
            "C",
            NaN,
            NaN,
            false
        ],
        [
            22.310205459594727,
            0.827347993850708,
            1.5410829782485962,
            "C",
            NaN,
            NaN,
            false
        ],
        [
            22.854549407958984,
            1.1711729764938354,
            0.6520900130271912,
            "H",
            NaN,
            NaN,
            false
        ],
        [
            22.207996368408203,
            -0.2643440067768097,
            1.4898649454116821,
            "H",
            NaN,
            NaN,
            false
        ],
        [
            22.880233764648438,
            1.3743560314178467,
            2.916853904724121,
            "C",
            NaN,
            NaN,
            false
        ],
        [
            23.754301071166992,
            2.031503915786743,
            2.8211019039154053,
            "H",
            NaN,
            NaN,
            false
        ],
        [
            23.103893280029297,
            0.5977579951286316,
            3.6596269607543945,
            "H",
            NaN,
            NaN,
            false
        ],
        [
            21.544633865356445,
            2.0819129943847656,
            3.09395694732666,
            "C",
            NaN,
            NaN,
            false
        ],
        [
            20.579017639160156,
            2.8490030765533447,
            3.6649320125579834,
            "C",
            NaN,
            NaN,
            false
        ],
        [
            20.459407806396484,
            3.4321000576019287,
            4.569094181060791,
            "H",
            NaN,
            NaN,
            false
        ],
        [
            7.730287075042725,
            2.8496339321136475,
            1.1896820068359375,
            "O",
            NaN,
            NaN,
            false
        ],
        [
            7.4409260749816895,
            2.0719969272613525,
            2.296328067779541,
            "C",
            NaN,
            NaN,
            false
        ],
        [
            8.238785743713379,
            2.0037319660186768,
            3.0247199535369873,
            "H",
            NaN,
            NaN,
            false
        ],
        [
            6.1783881187438965,
            1.5904220342636108,
            2.151669979095459,
            "C",
            NaN,
            NaN,
            false
        ],
        [
            4.901483058929443,
            0.827347993850708,
            2.4722280502319336,
            "C",
            NaN,
            NaN,
            false
        ],
        [
            4.357141017913818,
            1.1711729764938354,
            3.3612210750579834,
            "H",
            NaN,
            NaN,
            false
        ],
        [
            5.003693103790283,
            -0.2643440067768097,
            2.5234460830688477,
            "H",
            NaN,
            NaN,
            false
        ],
        [
            4.331455230712891,
            1.3743560314178467,
            1.0964570045471191,
            "C",
            NaN,
            NaN,
            false
        ],
        [
            3.4573891162872314,
            2.031503915786743,
            1.192209005355835,
            "H",
            NaN,
            NaN,
            false
        ],
        [
            4.1077961921691895,
            0.5977579951286316,
            0.3536840081214905,
            "H",
            NaN,
            NaN,
            false
        ],
        [
            5.667056083679199,
            2.0819129943847656,
            0.9193540215492249,
            "C",
            NaN,
            NaN,
            false
        ],
        [
            6.6326727867126465,
            2.8490030765533447,
            0.3483799993991852,
            "C",
            NaN,
            NaN,
            false
        ],
        [
            6.75228214263916,
            3.4321000576019287,
            -0.5557829737663269,
            "H",
            NaN,
            NaN,
            false
        ]
    ]
}