{
    "properties": {
        "lattice_vector_a": [
            20.198885,
            0.0,
            0.0
        ],
        "lattice_vector_b": [
            0.0,
            3.253306,
            0.0
        ],
        "lattice_vector_c": [
            1.861709,
            0.0,
            3.63078
        ],
        "unit_cell_volume": 238.59000442256604,
        "cell_vol": 238.59000442256604,
        "spg": 3
    },
    "struct_id": "target1_2mpc_d7e8eaab7f",
    "input_ref": null,
    "geometry": [
        [
            6.442843914031982,
            1.420964002609253,
            0.1267630010843277,
            "O",
            NaN,
            NaN,
            false
        ],
        [
            5.730282783508301,
            0.5025519728660583,
            -0.6228309869766235,
            "C",
            NaN,
            NaN,
            false
        ],
        [
            6.23862886428833,
            0.1486169993877411,
            -1.5105890035629272,
            "H",
            NaN,
            NaN,
            false
        ],
        [
            4.537797927856445,
            0.2928380072116852,
            -0.00571200018748641,
            "C",
            NaN,
            NaN,
            false
        ],
        [
            3.1497650146484375,
            -0.2751159965991974,
            0.2518250048160553,
            "C",
            NaN,
            NaN,
            false
        ],
        [
            3.1105029582977295,
            -1.3547359704971313,
            0.44602400064468384,
            "H",
            NaN,
            NaN,
            false
        ],
        [
            2.3902149200439453,
            -0.025763999670743942,
            -0.5003520250320435,
            "H",
            NaN,
            NaN,
            false
        ],
        [
            3.1143100261688232,
            0.631509006023407,
            1.5532350540161133,
            "C",
            NaN,
            NaN,
            false
        ],
        [
            3.052349090576172,
            0.07474199682474136,
            2.4972550868988037,
            "H",
            NaN,
            NaN,
            false
        ],
        [
            2.335860013961792,
            1.405357003211975,
            1.5496870279312134,
            "H",
            NaN,
            NaN,
            false
        ],
        [
            4.506711006164551,
            1.1042989492416382,
            1.1614179611206055,
            "C",
            NaN,
            NaN,
            false
        ],
        [
            5.681233882904053,
            1.7852330207824707,
            1.2221180200576782,
            "C",
            NaN,
            NaN,
            false
        ],
        [
            6.14803409576416,
            2.505948066711426,
            1.8812719583511353,
            "H",
            NaN,
            NaN,
            false
        ],
        [
            15.61775016784668,
            1.420964002609253,
            3.5040171146392822,
            "O",
            NaN,
            NaN,
            false
        ],
        [
            16.330310821533203,
            0.5025519728660583,
            4.253611087799072,
            "C",
            NaN,
            NaN,
            false
        ],
        [
            15.821966171264648,
            0.1486169993877411,
            5.1413679122924805,
            "H",
            NaN,
            NaN,
            false
        ],
        [
            17.522798538208008,
            0.2928380072116852,
            3.6364920139312744,
            "C",
            NaN,
            NaN,
            false
        ],
        [
            18.910829544067383,
            -0.2751159965991974,
            3.3789548873901367,
            "C",
            NaN,
            NaN,
            false
        ],
        [
            18.950090408325195,
            -1.3547359704971313,
            3.1847550868988037,
            "H",
            NaN,
            NaN,
            false
        ],
        [
            19.670379638671875,
            -0.025763999670743942,
            4.131132125854492,
            "H",
            NaN,
            NaN,
            false
        ],
        [
            18.946285247802734,
            0.631509006023407,
            2.0775439739227295,
            "C",
            NaN,
            NaN,
            false
        ],
        [
            19.00824546813965,
            0.07474199682474136,
            1.133525013923645,
            "H",
            NaN,
            NaN,
            false
        ],
        [
            19.724735260009766,
            1.405357003211975,
            2.0810930728912354,
            "H",
            NaN,
            NaN,
            false
        ],
        [
            17.553882598876953,
            1.1042989492416382,
            2.4693610668182373,
            "C",
            NaN,
            NaN,
            false
        ],
        [
            16.379358291625977,
            1.7852330207824707,
            2.4086620807647705,
            "C",
            NaN,
            NaN,
            false
        ],
        [
            15.91256046295166,
            2.505948066711426,
            1.749506950378418,
            "H",
            NaN,
            NaN,
            false
        ]
    ]
}