{
    "properties": {
        "lattice_vector_a": [
            17.158316,
            0.0,
            0.0
        ],
        "lattice_vector_b": [
            0.0,
            5.734764,
            0.0
        ],
        "lattice_vector_c": [
            -3.795881,
            0.0,
            2.95074
        ],
        "unit_cell_volume": 290.34954922814467,
        "cell_vol": 290.34954922814467,
        "spg": 3
    },
    "struct_id": "target1_2mpc_10f8dc5c6f",
    "input_ref": null,
    "geometry": [
        [
            10.891282081604004,
            3.7238709926605225,
            -0.6034830212593079,
            "O",
            NaN,
            NaN,
            false
        ],
        [
            10.997236251831055,
            2.362546920776367,
            -0.3828369975090027,
            "C",
            NaN,
            NaN,
            false
        ],
        [
            10.165059089660645,
            1.7765100002288818,
            -0.7514020204544067,
            "H",
            NaN,
            NaN,
            false
        ],
        [
            12.17013168334961,
            2.132814884185791,
            0.26398399472236633,
            "C",
            NaN,
            NaN,
            false
        ],
        [
            13.28923225402832,
            1.3632429838180542,
            0.9502109885215759,
            "C",
            NaN,
            NaN,
            false
        ],
        [
            13.83918571472168,
            0.66047602891922,
            0.3110690116882324,
            "H",
            NaN,
            NaN,
            false
        ],
        [
            13.008577346801758,
            0.8482620120048523,
            1.8780540227890015,
            "H",
            NaN,
            NaN,
            false
        ],
        [
            14.00558853149414,
            2.762929916381836,
            1.1614209413528442,
            "C",
            NaN,
            NaN,
            false
        ],
        [
            14.969280242919922,
            2.8661580085754395,
            0.646016001701355,
            "H",
            NaN,
            NaN,
            false
        ],
        [
            14.135199546813965,
            3.055838108062744,
            2.2112998962402344,
            "H",
            NaN,
            NaN,
            false
        ],
        [
            12.812772750854492,
            3.387136936187744,
            0.4519200026988983,
            "C",
            NaN,
            NaN,
            false
        ],
        [
            12.013060569763184,
            4.345324993133545,
            -0.08585000038146973,
            "C",
            NaN,
            NaN,
            false
        ],
        [
            12.03311824798584,
            5.421006202697754,
            -0.20555000007152557,
            "H",
            NaN,
            NaN,
            false
        ],
        [
            2.4711520671844482,
            3.7238709926605225,
            3.55422306060791,
            "O",
            NaN,
            NaN,
            false
        ],
        [
            2.3651978969573975,
            2.362546920776367,
            3.3335769176483154,
            "C",
            NaN,
            NaN,
            false
        ],
        [
            3.197374105453491,
            1.7765100002288818,
            3.7021420001983643,
            "H",
            NaN,
            NaN,
            false
        ],
        [
            1.1923019886016846,
            2.132814884185791,
            2.6867549419403076,
            "C",
            NaN,
            NaN,
            false
        ],
        [
            0.07320199906826019,
            1.3632429838180542,
            2.00052809715271,
            "C",
            NaN,
            NaN,
            false
        ],
        [
            -0.4767509996891022,
            0.66047602891922,
            2.639669895172119,
            "H",
            NaN,
            NaN,
            false
        ],
        [
            0.35385599732398987,
            0.8482620120048523,
            1.072685956954956,
            "H",
            NaN,
            NaN,
            false
        ],
        [
            -0.6431540250778198,
            2.762929916381836,
            1.7893190383911133,
            "C",
            NaN,
            NaN,
            false
        ],
        [
            -1.6068459749221802,
            2.8661580085754395,
            2.3047239780426025,
            "H",
            NaN,
            NaN,
            false
        ],
        [
            -0.7727649807929993,
            3.055838108062744,
            0.7394400238990784,
            "H",
            NaN,
            NaN,
            false
        ],
        [
            0.5496609807014465,
            3.387136936187744,
            2.4988200664520264,
            "C",
            NaN,
            NaN,
            false
        ],
        [
            1.3493729829788208,
            4.345324993133545,
            3.036590099334717,
            "C",
            NaN,
            NaN,
            false
        ],
        [
            1.3293160200119019,
            5.421006202697754,
            3.156290054321289,
            "H",
            NaN,
            NaN,
            false
        ]
    ]
}