{
    "properties": {
        "lattice_vector_a": [
            28.16058,
            0.0,
            0.0
        ],
        "lattice_vector_b": [
            0.0,
            2.967059,
            0.0
        ],
        "lattice_vector_c": [
            -3.929747,
            0.0,
            3.57952
        ],
        "unit_cell_volume": 299.083580387387,
        "cell_vol": 299.083580387387,
        "spg": 4
    },
    "struct_id": "target1_2mpc_3d4760f923",
    "input_ref": null,
    "geometry": [
        [
            4.589146137237549,
            0.25104400515556335,
            1.5778679847717285,
            "O",
            NaN,
            NaN,
            false
        ],
        [
            4.609786033630371,
            0.24524599313735962,
            2.960855007171631,
            "C",
            NaN,
            NaN,
            false
        ],
        [
            3.674690008163452,
            -0.03623799979686737,
            3.4279301166534424,
            "H",
            NaN,
            NaN,
            false
        ],
        [
            5.855316162109375,
            0.6110140085220337,
            3.362987995147705,
            "C",
            NaN,
            NaN,
            false
        ],
        [
            7.006449222564697,
            0.9464600086212158,
            4.299952983856201,
            "C",
            NaN,
            NaN,
            false
        ],
        [
            7.364509105682373,
            0.11677899956703186,
            4.923052787780762,
            "H",
            NaN,
            NaN,
            false
        ],
        [
            6.854375839233398,
            1.8256109952926636,
            4.939352035522461,
            "H",
            NaN,
            NaN,
            false
        ],
        [
            7.873167991638184,
            1.2169020175933838,
            2.998969078063965,
            "C",
            NaN,
            NaN,
            false
        ],
        [
            8.731912612915039,
            0.54476398229599,
            2.8733270168304443,
            "H",
            NaN,
            NaN,
            false
        ],
        [
            8.218238830566406,
            2.252898931503296,
            2.887273073196411,
            "H",
            NaN,
            NaN,
            false
        ],
        [
            6.632444858551025,
            0.851938009262085,
            2.1969449520111084,
            "C",
            NaN,
            NaN,
            false
        ],
        [
            5.838189125061035,
            0.6260039806365967,
            1.1176069974899292,
            "C",
            NaN,
            NaN,
            false
        ],
        [
            5.933455944061279,
            0.6634179949760437,
            0.03994999825954437,
            "H",
            NaN,
            NaN,
            false
        ],
        [
            19.641685485839844,
            1.7345739603042603,
            2.0016520023345947,
            "O",
            NaN,
            NaN,
            false
        ],
        [
            19.62104606628418,
            1.728775978088379,
            0.618664026260376,
            "C",
            NaN,
            NaN,
            false
        ],
        [
            20.556142807006836,
            1.4472919702529907,
            0.1515900045633316,
            "H",
            NaN,
            NaN,
            false
        ],
        [
            18.375516891479492,
            2.094542980194092,
            0.21653099358081818,
            "C",
            NaN,
            NaN,
            false
        ],
        [
            17.224384307861328,
            2.42999005317688,
            -0.7204329967498779,
            "C",
            NaN,
            NaN,
            false
        ],
        [
            16.86632537841797,
            1.6003090143203735,
            -1.3435330390930176,
            "H",
            NaN,
            NaN,
            false
        ],
        [
            17.37645721435547,
            3.309140920639038,
            -1.3598320484161377,
            "H",
            NaN,
            NaN,
            false
        ],
        [
            16.357664108276367,
            2.700432062149048,
            0.580551028251648,
            "C",
            NaN,
            NaN,
            false
        ],
        [
            15.498918533325195,
            2.0282928943634033,
            0.7061920166015625,
            "H",
            NaN,
            NaN,
            false
        ],
        [
            16.01259422302246,
            3.7364280223846436,
            0.6922469735145569,
            "H",
            NaN,
            NaN,
            false
        ],
        [
            17.598388671875,
            2.335468053817749,
            1.3825739622116089,
            "C",
            NaN,
            NaN,
            false
        ],
        [
            18.39264488220215,
            2.1095340251922607,
            2.4619131088256836,
            "C",
            NaN,
            NaN,
            false
        ],
        [
            18.297378540039062,
            2.1469480991363525,
            3.5395689010620117,
            "H",
            NaN,
            NaN,
            false
        ]
    ]
}