{
    "properties": {
        "lattice_vector_a": [
            5.804994,
            0.0,
            0.0
        ],
        "lattice_vector_b": [
            0.0,
            11.264069,
            0.0
        ],
        "lattice_vector_c": [
            -0.693157,
            0.0,
            2.689165
        ],
        "unit_cell_volume": 175.83872560675417,
        "cell_vol": 175.83872560675417,
        "spg": 6
    },
    "struct_id": "target1_2mpc_d59853d75c",
    "input_ref": null,
    "geometry": [
        [
            6.057487964630127,
            2.932468891143799,
            0.6250640153884888,
            "O",
            NaN,
            NaN,
            false
        ],
        [
            5.450984001159668,
            1.7697770595550537,
            1.0648540258407593,
            "C",
            NaN,
            NaN,
            false
        ],
        [
            6.128115177154541,
            0.9450960159301758,
            1.2470370531082153,
            "H",
            NaN,
            NaN,
            false
        ],
        [
            4.1143012046813965,
            2.000166893005371,
            1.1487590074539185,
            "C",
            NaN,
            NaN,
            false
        ],
        [
            2.638093948364258,
            1.7336130142211914,
            1.404283046722412,
            "C",
            NaN,
            NaN,
            false
        ],
        [
            2.371782064437866,
            1.5150870084762573,
            2.446471929550171,
            "H",
            NaN,
            NaN,
            false
        ],
        [
            2.175808906555176,
            0.9766830205917358,
            0.7575889825820923,
            "H",
            NaN,
            NaN,
            false
        ],
        [
            2.378298044204712,
            3.233398914337158,
            0.9570220112800598,
            "C",
            NaN,
            NaN,
            false
        ],
        [
            1.9602349996566772,
            3.878679037094116,
            1.7404999732971191,
            "H",
            NaN,
            NaN,
            false
        ],
        [
            1.768455982208252,
            3.3405940532684326,
            0.0506879985332489,
            "H",
            NaN,
            NaN,
            false
        ],
        [
            3.8817219734191895,
            3.344778060913086,
            0.7493119835853577,
            "C",
            NaN,
            NaN,
            false
        ],
        [
            5.08341121673584,
            3.8952829837799072,
            0.4334850013256073,
            "C",
            NaN,
            NaN,
            false
        ],
        [
            5.451818943023682,
            4.8523640632629395,
            0.08694499731063843,
            "H",
            NaN,
            NaN,
            false
        ],
        [
            6.057487964630127,
            8.331600189208984,
            0.6250640153884888,
            "O",
            NaN,
            NaN,
            false
        ],
        [
            5.450984001159668,
            9.494291305541992,
            1.0648540258407593,
            "C",
            NaN,
            NaN,
            false
        ],
        [
            6.128115177154541,
            10.31897258758545,
            1.2470370531082153,
            "H",
            NaN,
            NaN,
            false
        ],
        [
            4.1143012046813965,
            9.263901710510254,
            1.1487590074539185,
            "C",
            NaN,
            NaN,
            false
        ],
        [
            2.638093948364258,
            9.530455589294434,
            1.404283046722412,
            "C",
            NaN,
            NaN,
            false
        ],
        [
            2.371782064437866,
            9.748981475830078,
            2.446471929550171,
            "H",
            NaN,
            NaN,
            false
        ],
        [
            2.175808906555176,
            10.287385940551758,
            0.7575889825820923,
            "H",
            NaN,
            NaN,
            false
        ],
        [
            2.378298044204712,
            8.030669212341309,
            0.9570220112800598,
            "C",
            NaN,
            NaN,
            false
        ],
        [
            1.9602349996566772,
            7.3853888511657715,
            1.7404999732971191,
            "H",
            NaN,
            NaN,
            false
        ],
        [
            1.768455982208252,
            7.9234747886657715,
            0.0506879985332489,
            "H",
            NaN,
            NaN,
            false
        ],
        [
            3.8817219734191895,
            7.919291019439697,
            0.7493119835853577,
            "C",
            NaN,
            NaN,
            false
        ],
        [
            5.08341121673584,
            7.3687849044799805,
            0.4334850013256073,
            "C",
            NaN,
            NaN,
            false
        ],
        [
            5.451818943023682,
            6.411705017089844,
            0.08694499731063843,
            "H",
            NaN,
            NaN,
            false
        ]
    ]
}