{
    "properties": {
        "lattice_vector_a": [
            6.956332,
            0.0,
            0.0
        ],
        "lattice_vector_b": [
            0.0,
            4.68765,
            0.0
        ],
        "lattice_vector_c": [
            6.103162,
            0.0,
            6.477468
        ],
        "unit_cell_volume": 211.22278044726406,
        "cell_vol": 211.22278044726406,
        "spg": 3
    },
    "struct_id": "target1_2mpc_42f0c56d22",
    "input_ref": null,
    "geometry": [
        [
            4.484941005706787,
            2.1624979972839355,
            1.391221046447754,
            "O",
            NaN,
            NaN,
            false
        ],
        [
            4.146778106689453,
            0.9071850180625916,
            1.8633960485458374,
            "C",
            NaN,
            NaN,
            false
        ],
        [
            3.5929739475250244,
            0.29310500621795654,
            1.164823055267334,
            "H",
            NaN,
            NaN,
            false
        ],
        [
            4.627081871032715,
            0.7921940088272095,
            3.129462957382202,
            "C",
            NaN,
            NaN,
            false
        ],
        [
            4.927243232727051,
            0.17203499376773834,
            4.486237049102783,
            "C",
            NaN,
            NaN,
            false
        ],
        [
            5.583302021026611,
            -0.7077850103378296,
            4.46790885925293,
            "H",
            NaN,
            NaN,
            false
        ],
        [
            4.050343990325928,
            -0.05663999915122986,
            5.105605125427246,
            "H",
            NaN,
            NaN,
            false
        ],
        [
            5.657423973083496,
            1.532600998878479,
            4.850369930267334,
            "C",
            NaN,
            NaN,
            false
        ],
        [
            6.733658790588379,
            1.4367469549179077,
            5.044104099273682,
            "H",
            NaN,
            NaN,
            false
        ],
        [
            5.199408054351807,
            2.0894570350646973,
            5.6780009269714355,
            "H",
            NaN,
            NaN,
            false
        ],
        [
            5.28275203704834,
            2.011056900024414,
            3.455188035964966,
            "C",
            NaN,
            NaN,
            false
        ],
        [
            5.183263778686523,
            2.8338890075683594,
            2.3781979084014893,
            "C",
            NaN,
            NaN,
            false
        ],
        [
            5.498826026916504,
            3.8344709873199463,
            2.1116020679473877,
            "H",
            NaN,
            NaN,
            false
        ],
        [
            8.574552536010742,
            2.1624979972839355,
            5.086246013641357,
            "O",
            NaN,
            NaN,
            false
        ],
        [
            8.912715911865234,
            0.9071850180625916,
            4.614070892333984,
            "C",
            NaN,
            NaN,
            false
        ],
        [
            9.466520309448242,
            0.29310500621795654,
            5.312644958496094,
            "H",
            NaN,
            NaN,
            false
        ],
        [
            8.432411193847656,
            0.7921940088272095,
            3.3480050563812256,
            "C",
            NaN,
            NaN,
            false
        ],
        [
            8.13224983215332,
            0.17203499376773834,
            1.9912309646606445,
            "C",
            NaN,
            NaN,
            false
        ],
        [
            7.476191997528076,
            -0.7077850103378296,
            2.009558916091919,
            "H",
            NaN,
            NaN,
            false
        ],
        [
            9.009151458740234,
            -0.05663999915122986,
            1.3718630075454712,
            "H",
            NaN,
            NaN,
            false
        ],
        [
            7.402069091796875,
            1.532600998878479,
            1.6270970106124878,
            "C",
            NaN,
            NaN,
            false
        ],
        [
            6.325835227966309,
            1.4367469549179077,
            1.4333640336990356,
            "H",
            NaN,
            NaN,
            false
        ],
        [
            7.8600850105285645,
            2.0894570350646973,
            0.7994670271873474,
            "H",
            NaN,
            NaN,
            false
        ],
        [
            7.776741027832031,
            2.011056900024414,
            3.022279977798462,
            "C",
            NaN,
            NaN,
            false
        ],
        [
            7.8762288093566895,
            2.8338890075683594,
            4.099269866943359,
            "C",
            NaN,
            NaN,
            false
        ],
        [
            7.560667991638184,
            3.8344709873199463,
            4.365866184234619,
            "H",
            NaN,
            NaN,
            false
        ]
    ]
}