{
    "properties": {
        "lattice_vector_a": [
            17.02973,
            0.0,
            0.0
        ],
        "lattice_vector_b": [
            0.0,
            4.946887,
            0.0
        ],
        "lattice_vector_c": [
            -3.568734,
            0.0,
            2.729704
        ],
        "unit_cell_volume": 229.961593096507,
        "cell_vol": 229.961593096507,
        "spg": 3
    },
    "struct_id": "target1_2mpc_37bdaf9288",
    "input_ref": null,
    "geometry": [
        [
            11.890352249145508,
            6.617699146270752,
            1.5578629970550537,
            "O",
            NaN,
            NaN,
            false
        ],
        [
            10.93757438659668,
            5.911773204803467,
            0.8458240032196045,
            "C",
            NaN,
            NaN,
            false
        ],
        [
            10.618303298950195,
            6.381947040557861,
            -0.07547999918460846,
            "H",
            NaN,
            NaN,
            false
        ],
        [
            10.657464027404785,
            4.774099826812744,
            1.534356951713562,
            "C",
            NaN,
            NaN,
            false
        ],
        [
            10.007582664489746,
            3.441028118133545,
            1.875095009803772,
            "C",
            NaN,
            NaN,
            false
        ],
        [
            10.219633102416992,
            2.620871067047119,
            1.1770919561386108,
            "H",
            NaN,
            NaN,
            false
        ],
        [
            8.92579460144043,
            3.4757978916168213,
            2.0578250885009766,
            "H",
            NaN,
            NaN,
            false
        ],
        [
            10.900083541870117,
            3.4391119480133057,
            3.1867098808288574,
            "C",
            NaN,
            NaN,
            false
        ],
        [
            11.624853134155273,
            2.6167891025543213,
            3.2458269596099854,
            "H",
            NaN,
            NaN,
            false
        ],
        [
            10.332416534423828,
            3.475640058517456,
            4.125463962554932,
            "H",
            NaN,
            NaN,
            false
        ],
        [
            11.458466529846191,
            4.771749019622803,
            2.709096908569336,
            "C",
            NaN,
            NaN,
            false
        ],
        [
            12.203829765319824,
            5.908082962036133,
            2.7027289867401123,
            "C",
            NaN,
            NaN,
            false
        ],
        [
            12.946060180664062,
            6.374369144439697,
            3.337941884994507,
            "H",
            NaN,
            NaN,
            false
        ],
        [
            1.5706440210342407,
            6.617699146270752,
            1.171841025352478,
            "O",
            NaN,
            NaN,
            false
        ],
        [
            2.523421049118042,
            5.911773204803467,
            1.8838800191879272,
            "C",
            NaN,
            NaN,
            false
        ],
        [
            2.8426918983459473,
            6.381947040557861,
            2.805182933807373,
            "H",
            NaN,
            NaN,
            false
        ],
        [
            2.8035309314727783,
            4.774099826812744,
            1.1953469514846802,
            "C",
            NaN,
            NaN,
            false
        ],
        [
            3.4534130096435547,
            3.441028118133545,
            0.8546090126037598,
            "C",
            NaN,
            NaN,
            false
        ],
        [
            3.241364002227783,
            2.620871067047119,
            1.5526119470596313,
            "H",
            NaN,
            NaN,
            false
        ],
        [
            4.535201072692871,
            3.4757978916168213,
            0.6718789935112,
            "H",
            NaN,
            NaN,
            false
        ],
        [
            2.5609118938446045,
            3.4391119480133057,
            -0.4570060074329376,
            "C",
            NaN,
            NaN,
            false
        ],
        [
            1.8361419439315796,
            2.6167891025543213,
            -0.5161240100860596,
            "H",
            NaN,
            NaN,
            false
        ],
        [
            3.128580093383789,
            3.475640058517456,
            -1.3957610130310059,
            "H",
            NaN,
            NaN,
            false
        ],
        [
            2.002527952194214,
            4.771749019622803,
            0.020607000216841698,
            "C",
            NaN,
            NaN,
            false
        ],
        [
            1.2571660280227661,
            5.908082962036133,
            0.026975000277161598,
            "C",
            NaN,
            NaN,
            false
        ],
        [
            0.5149369835853577,
            6.374369144439697,
            -0.6082379817962646,
            "H",
            NaN,
            NaN,
            false
        ]
    ]
}