{
    "properties": {
        "lattice_vector_a": [
            12.489686,
            0.0,
            0.0
        ],
        "lattice_vector_b": [
            0.0,
            5.412741,
            0.0
        ],
        "lattice_vector_c": [
            -2.430819,
            0.0,
            3.183428
        ],
        "unit_cell_volume": 215.21066943291405,
        "cell_vol": 215.21066943291405,
        "spg": 3
    },
    "struct_id": "target1_2mpc_251b238b33",
    "input_ref": null,
    "geometry": [
        [
            9.610847473144531,
            5.937382221221924,
            -0.22158999741077423,
            "O",
            NaN,
            NaN,
            false
        ],
        [
            8.804351806640625,
            5.09641695022583,
            -0.9668800234794617,
            "C",
            NaN,
            NaN,
            false
        ],
        [
            8.529458045959473,
            5.477269172668457,
            -1.942167043685913,
            "H",
            NaN,
            NaN,
            false
        ],
        [
            8.57341480255127,
            3.97701096534729,
            -0.23173600435256958,
            "C",
            NaN,
            NaN,
            false
        ],
        [
            8.02853775024414,
            2.6051530838012695,
            0.13791899383068085,
            "C",
            NaN,
            NaN,
            false
        ],
        [
            8.385807991027832,
            1.77298104763031,
            -0.4823080003261566,
            "H",
            NaN,
            NaN,
            false
        ],
        [
            6.936130046844482,
            2.5373759269714355,
            0.22107499837875366,
            "H",
            NaN,
            NaN,
            false
        ],
        [
            8.787988662719727,
            2.7713160514831543,
            1.5208590030670166,
            "C",
            NaN,
            NaN,
            false
        ],
        [
            9.58130168914795,
            2.033751964569092,
            1.6987760066986084,
            "H",
            NaN,
            NaN,
            false
        ],
        [
            8.132731437683105,
            2.802125930786133,
            2.4009320735931396,
            "H",
            NaN,
            NaN,
            false
        ],
        [
            9.255298614501953,
            4.125376224517822,
            1.007073998451233,
            "C",
            NaN,
            NaN,
            false
        ],
        [
            9.882308959960938,
            5.33097505569458,
            0.9913079738616943,
            "C",
            NaN,
            NaN,
            false
        ],
        [
            10.511157035827637,
            5.907656192779541,
            1.6574950218200684,
            "H",
            NaN,
            NaN,
            false
        ],
        [
            0.4480209946632385,
            5.937382221221924,
            3.4050180912017822,
            "O",
            NaN,
            NaN,
            false
        ],
        [
            1.2545160055160522,
            5.09641695022583,
            4.150308132171631,
            "C",
            NaN,
            NaN,
            false
        ],
        [
            1.5294100046157837,
            5.477269172668457,
            5.1255950927734375,
            "H",
            NaN,
            NaN,
            false
        ],
        [
            1.4854530096054077,
            3.97701096534729,
            3.415163040161133,
            "C",
            NaN,
            NaN,
            false
        ],
        [
            2.030329942703247,
            2.6051530838012695,
            3.0455079078674316,
            "C",
            NaN,
            NaN,
            false
        ],
        [
            1.6730600595474243,
            1.77298104763031,
            3.6657350063323975,
            "H",
            NaN,
            NaN,
            false
        ],
        [
            3.122736930847168,
            2.5373759269714355,
            2.962352991104126,
            "H",
            NaN,
            NaN,
            false
        ],
        [
            1.2708790302276611,
            2.7713160514831543,
            1.6625690460205078,
            "C",
            NaN,
            NaN,
            false
        ],
        [
            0.4775649905204773,
            2.033751964569092,
            1.484652042388916,
            "H",
            NaN,
            NaN,
            false
        ],
        [
            1.9261360168457031,
            2.802125930786133,
            0.7824959754943848,
            "H",
            NaN,
            NaN,
            false
        ],
        [
            0.8035690188407898,
            4.125376224517822,
            2.1763529777526855,
            "C",
            NaN,
            NaN,
            false
        ],
        [
            0.1765580028295517,
            5.33097505569458,
            2.19212007522583,
            "C",
            NaN,
            NaN,
            false
        ],
        [
            -0.45228999853134155,
            5.907656192779541,
            1.525933027267456,
            "H",
            NaN,
            NaN,
            false
        ]
    ]
}