{
    "properties": {
        "lattice_vector_a": [
            7.787012,
            0.0,
            0.0
        ],
        "lattice_vector_b": [
            0.0,
            13.420507,
            0.0
        ],
        "lattice_vector_c": [
            4.269013,
            0.0,
            2.616723
        ],
        "unit_cell_volume": 273.4623355123663,
        "cell_vol": 273.4623355123663,
        "spg": 7
    },
    "struct_id": "target1_2mpc_db0f1bde0f",
    "input_ref": null,
    "geometry": [
        [
            8.483718872070312,
            2.0035440921783447,
            0.5476740002632141,
            "O",
            NaN,
            NaN,
            false
        ],
        [
            8.925507545471191,
            2.9818899631500244,
            1.4198989868164062,
            "C",
            NaN,
            NaN,
            false
        ],
        [
            9.823477745056152,
            2.729046106338501,
            1.9690049886703491,
            "H",
            NaN,
            NaN,
            false
        ],
        [
            8.06903076171875,
            4.03386116027832,
            1.3384100198745728,
            "C",
            NaN,
            NaN,
            false
        ],
        [
            7.463040828704834,
            5.400292873382568,
            1.6233140230178833,
            "C",
            NaN,
            NaN,
            false
        ],
        [
            8.08639907836914,
            6.2599310874938965,
            1.3453199863433838,
            "H",
            NaN,
            NaN,
            false
        ],
        [
            7.094813823699951,
            5.549800872802734,
            2.646505117416382,
            "H",
            NaN,
            NaN,
            false
        ],
        [
            6.341587066650391,
            5.028141021728516,
            0.5646650195121765,
            "C",
            NaN,
            NaN,
            false
        ],
        [
            6.3170270919799805,
            5.6744608879089355,
            -0.3222779929637909,
            "H",
            NaN,
            NaN,
            false
        ],
        [
            5.327226161956787,
            4.960424900054932,
            0.9785770177841187,
            "H",
            NaN,
            NaN,
            false
        ],
        [
            7.064826965332031,
            3.700838088989258,
            0.38851600885391235,
            "C",
            NaN,
            NaN,
            false
        ],
        [
            7.338191986083984,
            2.4554340839385986,
            -0.08169499784708023,
            "C",
            NaN,
            NaN,
            false
        ],
        [
            6.905546188354492,
            1.7620550394058228,
            -0.7915260195732117,
            "H",
            NaN,
            NaN,
            false
        ],
        [
            10.618226051330566,
            11.416963577270508,
            1.8560349941253662,
            "O",
            NaN,
            NaN,
            false
        ],
        [
            11.060014724731445,
            10.438617706298828,
            2.728260040283203,
            "C",
            NaN,
            NaN,
            false
        ],
        [
            11.957983016967773,
            10.691461563110352,
            3.2773659229278564,
            "H",
            NaN,
            NaN,
            false
        ],
        [
            10.203536033630371,
            9.386646270751953,
            2.64677095413208,
            "C",
            NaN,
            NaN,
            false
        ],
        [
            9.59754753112793,
            8.020214080810547,
            2.931675910949707,
            "C",
            NaN,
            NaN,
            false
        ],
        [
            10.220904350280762,
            7.160576820373535,
            2.6536810398101807,
            "H",
            NaN,
            NaN,
            false
        ],
        [
            9.22931957244873,
            7.870706081390381,
            3.9548659324645996,
            "H",
            NaN,
            NaN,
            false
        ],
        [
            8.476095199584961,
            8.392367362976074,
            1.8730260133743286,
            "C",
            NaN,
            NaN,
            false
        ],
        [
            8.451534271240234,
            7.746047019958496,
            0.9860829710960388,
            "H",
            NaN,
            NaN,
            false
        ],
        [
            7.461732864379883,
            8.460082054138184,
            2.286937952041626,
            "H",
            NaN,
            NaN,
            false
        ],
        [
            9.199332237243652,
            9.719669342041016,
            1.6968770027160645,
            "C",
            NaN,
            NaN,
            false
        ],
        [
            9.472698211669922,
            10.965073585510254,
            1.226667046546936,
            "C",
            NaN,
            NaN,
            false
        ],
        [
            9.04005241394043,
            11.658452033996582,
            0.5168349742889404,
            "H",
            NaN,
            NaN,
            false
        ]
    ]
}