{
    "properties": {
        "lattice_vector_a": [
            14.78158,
            0.0,
            0.0
        ],
        "lattice_vector_b": [
            0.0,
            6.54009,
            0.0
        ],
        "lattice_vector_c": [
            2.200704,
            0.0,
            2.557091
        ],
        "unit_cell_volume": 247.20130930798786,
        "cell_vol": 247.20130930798786,
        "spg": 3
    },
    "struct_id": "target1_2mpc_a72556b982",
    "input_ref": null,
    "geometry": [
        [
            4.823391914367676,
            7.0391340255737305,
            1.585165023803711,
            "O",
            NaN,
            NaN,
            false
        ],
        [
            3.662722110748291,
            6.466451168060303,
            2.0730109214782715,
            "C",
            NaN,
            NaN,
            false
        ],
        [
            3.2612969875335693,
            6.938870906829834,
            2.960407018661499,
            "H",
            NaN,
            NaN,
            false
        ],
        [
            3.3374691009521484,
            5.424120903015137,
            1.2639379501342773,
            "C",
            NaN,
            NaN,
            false
        ],
        [
            2.563554048538208,
            4.230895042419434,
            0.722832977771759,
            "C",
            NaN,
            NaN,
            false
        ],
        [
            1.5505239963531494,
            4.4502739906311035,
            0.36161699891090393,
            "H",
            NaN,
            NaN,
            false
        ],
        [
            2.5185000896453857,
            3.357050895690918,
            1.3855780363082886,
            "H",
            NaN,
            NaN,
            false
        ],
        [
            3.6653668880462646,
            4.141718864440918,
            -0.4151259958744049,
            "C",
            NaN,
            NaN,
            false
        ],
        [
            3.287184953689575,
            4.307409763336182,
            -1.4322429895401,
            "H",
            NaN,
            NaN,
            false
        ],
        [
            4.257277011871338,
            3.217379093170166,
            -0.4063119888305664,
            "H",
            NaN,
            NaN,
            false
        ],
        [
            4.324178218841553,
            5.34519100189209,
            0.24324999749660492,
            "C",
            NaN,
            NaN,
            false
        ],
        [
            5.222445011138916,
            6.341775894165039,
            0.4595569968223572,
            "C",
            NaN,
            NaN,
            false
        ],
        [
            6.127904891967773,
            6.709434986114502,
            -0.006045000161975622,
            "H",
            NaN,
            NaN,
            false
        ],
        [
            12.158891677856445,
            7.0391340255737305,
            0.9719250202178955,
            "O",
            NaN,
            NaN,
            false
        ],
        [
            13.319561004638672,
            6.466451168060303,
            0.4840799868106842,
            "C",
            NaN,
            NaN,
            false
        ],
        [
            13.720987319946289,
            6.938870906829834,
            -0.40331700444221497,
            "H",
            NaN,
            NaN,
            false
        ],
        [
            13.644816398620605,
            5.424120903015137,
            1.2931519746780396,
            "C",
            NaN,
            NaN,
            false
        ],
        [
            14.418729782104492,
            4.230895042419434,
            1.834257960319519,
            "C",
            NaN,
            NaN,
            false
        ],
        [
            15.43175983428955,
            4.4502739906311035,
            2.1954729557037354,
            "H",
            NaN,
            NaN,
            false
        ],
        [
            14.463784217834473,
            3.357050895690918,
            1.1715129613876343,
            "H",
            NaN,
            NaN,
            false
        ],
        [
            13.316917419433594,
            4.141718864440918,
            2.972217082977295,
            "C",
            NaN,
            NaN,
            false
        ],
        [
            13.695099830627441,
            4.307409763336182,
            3.9893341064453125,
            "H",
            NaN,
            NaN,
            false
        ],
        [
            12.725008010864258,
            3.217379093170166,
            2.9634029865264893,
            "H",
            NaN,
            NaN,
            false
        ],
        [
            12.658106803894043,
            5.34519100189209,
            2.3138411045074463,
            "C",
            NaN,
            NaN,
            false
        ],
        [
            11.759838104248047,
            6.341775894165039,
            2.0975329875946045,
            "C",
            NaN,
            NaN,
            false
        ],
        [
            10.854379653930664,
            6.709434986114502,
            2.563136100769043,
            "H",
            NaN,
            NaN,
            false
        ]
    ]
}