{
    "properties": {
        "lattice_vector_a": [
            21.724941,
            0.0,
            0.0
        ],
        "lattice_vector_b": [
            0.0,
            2.837659,
            0.0
        ],
        "lattice_vector_c": [
            -4.581829,
            0.0,
            3.217895
        ],
        "unit_cell_volume": 198.37670843102998,
        "cell_vol": 198.37670843102998,
        "spg": 3
    },
    "struct_id": "target1_2mpc_508db05849",
    "input_ref": null,
    "geometry": [
        [
            13.885680198669434,
            2.713895082473755,
            2.3214430809020996,
            "O",
            NaN,
            NaN,
            false
        ],
        [
            12.798883438110352,
            2.450237989425659,
            1.5075169801712036,
            "C",
            NaN,
            NaN,
            false
        ],
        [
            12.927164077758789,
            2.736680030822754,
            0.47151899337768555,
            "H",
            NaN,
            NaN,
            false
        ],
        [
            11.831319808959961,
            1.8792710304260254,
            2.2721428871154785,
            "C",
            NaN,
            NaN,
            false
        ],
        [
            10.496162414550781,
            1.2488960027694702,
            2.640260934829712,
            "C",
            NaN,
            NaN,
            false
        ],
        [
            10.2831449508667,
            0.2832939922809601,
            2.1637449264526367,
            "H",
            NaN,
            NaN,
            false
        ],
        [
            9.61904525756836,
            1.898635983467102,
            2.5246379375457764,
            "H",
            NaN,
            NaN,
            false
        ],
        [
            11.051582336425781,
            1.1452909708023071,
            4.122714996337891,
            "C",
            NaN,
            NaN,
            false
        ],
        [
            11.156575202941895,
            0.12033700197935104,
            4.501457214355469,
            "H",
            NaN,
            NaN,
            false
        ],
        [
            10.496004104614258,
            1.7377790212631226,
            4.8610429763793945,
            "H",
            NaN,
            NaN,
            false
        ],
        [
            12.32973861694336,
            1.7851040363311768,
            3.6004269123077393,
            "C",
            NaN,
            NaN,
            false
        ],
        [
            13.58683967590332,
            2.301352024078369,
            3.607151985168457,
            "C",
            NaN,
            NaN,
            false
        ],
        [
            14.375221252441406,
            2.462308883666992,
            4.331284046173096,
            "H",
            NaN,
            NaN,
            false
        ],
        [
            3.2574329376220703,
            2.713895082473755,
            0.896452009677887,
            "O",
            NaN,
            NaN,
            false
        ],
        [
            4.3442301750183105,
            2.450237989425659,
            1.7103780508041382,
            "C",
            NaN,
            NaN,
            false
        ],
        [
            4.215948104858398,
            2.736680030822754,
            2.7463760375976562,
            "H",
            NaN,
            NaN,
            false
        ],
        [
            5.311792850494385,
            1.8792710304260254,
            0.9457520246505737,
            "C",
            NaN,
            NaN,
            false
        ],
        [
            6.646951198577881,
            1.2488960027694702,
            0.5776339769363403,
            "C",
            NaN,
            NaN,
            false
        ],
        [
            6.859967231750488,
            0.2832939922809601,
            1.0541499853134155,
            "H",
            NaN,
            NaN,
            false
        ],
        [
            7.524066925048828,
            1.898635983467102,
            0.6932569742202759,
            "H",
            NaN,
            NaN,
            false
        ],
        [
            6.091530799865723,
            1.1452909708023071,
            -0.9048200249671936,
            "C",
            NaN,
            NaN,
            false
        ],
        [
            5.986536979675293,
            0.12033700197935104,
            -1.2835619449615479,
            "H",
            NaN,
            NaN,
            false
        ],
        [
            6.64710807800293,
            1.7377790212631226,
            -1.6431479454040527,
            "H",
            NaN,
            NaN,
            false
        ],
        [
            4.81337308883667,
            1.7851040363311768,
            -0.382532000541687,
            "C",
            NaN,
            NaN,
            false
        ],
        [
            3.556272029876709,
            2.301352024078369,
            -0.38925701379776,
            "C",
            NaN,
            NaN,
            false
        ],
        [
            2.7678918838500977,
            2.462308883666992,
            -1.113389015197754,
            "H",
            NaN,
            NaN,
            false
        ]
    ]
}