{
    "properties": {
        "lattice_vector_a": [
            6.274158,
            0.0,
            0.0
        ],
        "lattice_vector_b": [
            0.0,
            4.693178,
            0.0
        ],
        "lattice_vector_c": [
            12.383811,
            0.0,
            8.051586
        ],
        "unit_cell_volume": 237.08491031180463,
        "cell_vol": 237.08491031180463,
        "spg": 7
    },
    "struct_id": "target1_2mpc_e3f1f250d1",
    "input_ref": null,
    "geometry": [
        [
            4.450584888458252,
            2.0761239528656006,
            1.117709994316101,
            "O",
            NaN,
            NaN,
            false
        ],
        [
            3.3716049194335938,
            1.949252963066101,
            0.26166099309921265,
            "C",
            NaN,
            NaN,
            false
        ],
        [
            3.292280912399292,
            2.7265920639038086,
            -0.4875040054321289,
            "H",
            NaN,
            NaN,
            false
        ],
        [
            2.6829800605773926,
            0.8331050276756287,
            0.6178169846534729,
            "C",
            NaN,
            NaN,
            false
        ],
        [
            1.6066629886627197,
            -0.24231800436973572,
            0.594618022441864,
            "C",
            NaN,
            NaN,
            false
        ],
        [
            1.5852429866790771,
            -0.8687940239906311,
            -0.30643799901008606,
            "H",
            NaN,
            NaN,
            false
        ],
        [
            0.5869420170783997,
            0.10518699884414673,
            0.8050320148468018,
            "H",
            NaN,
            NaN,
            false
        ],
        [
            2.3522510528564453,
            -0.8938729763031006,
            1.8341619968414307,
            "C",
            NaN,
            NaN,
            false
        ],
        [
            2.758543014526367,
            -1.8965779542922974,
            1.6483919620513916,
            "H",
            NaN,
            NaN,
            false
        ],
        [
            1.7629339694976807,
            -0.9192349910736084,
            2.759852886199951,
            "H",
            NaN,
            NaN,
            false
        ],
        [
            3.3520960807800293,
            0.24841700494289398,
            1.7277950048446655,
            "C",
            NaN,
            NaN,
            false
        ],
        [
            4.429387092590332,
            1.0250279903411865,
            2.016202926635742,
            "C",
            NaN,
            NaN,
            false
        ],
        [
            5.236546039581299,
            1.0269039869308472,
            2.737528085708618,
            "H",
            NaN,
            NaN,
            false
        ],
        [
            10.642489433288574,
            2.617053985595703,
            5.143503189086914,
            "O",
            NaN,
            NaN,
            false
        ],
        [
            9.56351089477539,
            2.743925094604492,
            4.287455081939697,
            "C",
            NaN,
            NaN,
            false
        ],
        [
            9.484187126159668,
            1.9665859937667847,
            3.5382890701293945,
            "H",
            NaN,
            NaN,
            false
        ],
        [
            8.874885559082031,
            3.8600730895996094,
            4.643610000610352,
            "C",
            NaN,
            NaN,
            false
        ],
        [
            7.798566818237305,
            4.935494899749756,
            4.620409965515137,
            "C",
            NaN,
            NaN,
            false
        ],
        [
            7.7771477699279785,
            5.561971187591553,
            3.7193551063537598,
            "H",
            NaN,
            NaN,
            false
        ],
        [
            6.7788472175598145,
            4.587991237640381,
            4.830824851989746,
            "H",
            NaN,
            NaN,
            false
        ],
        [
            8.544154167175293,
            5.587050914764404,
            5.859953880310059,
            "C",
            NaN,
            NaN,
            false
        ],
        [
            8.950448036193848,
            6.589756011962891,
            5.674184799194336,
            "H",
            NaN,
            NaN,
            false
        ],
        [
            7.9548420906066895,
            5.612412929534912,
            6.785645008087158,
            "H",
            NaN,
            NaN,
            false
        ],
        [
            9.544001579284668,
            4.444759845733643,
            5.7535881996154785,
            "C",
            NaN,
            NaN,
            false
        ],
        [
            10.621291160583496,
            3.668149948120117,
            6.041996002197266,
            "C",
            NaN,
            NaN,
            false
        ],
        [
            11.428450584411621,
            3.666274070739746,
            6.763319969177246,
            "H",
            NaN,
            NaN,
            false
        ]
    ]
}