{
    "properties": {
        "lattice_vector_a": [
            10.533323,
            0.0,
            0.0
        ],
        "lattice_vector_b": [
            0.0,
            4.562282,
            0.0
        ],
        "lattice_vector_c": [
            9.210765,
            0.0,
            5.774656
        ],
        "unit_cell_volume": 277.50681054528815,
        "cell_vol": 277.50681054528815,
        "spg": 7
    },
    "struct_id": "target1_2mpc_88ef231e2e",
    "input_ref": null,
    "geometry": [
        [
            6.385156154632568,
            -0.6006500124931335,
            2.226099967956543,
            "O",
            NaN,
            NaN,
            false
        ],
        [
            6.489292144775391,
            -1.0295050144195557,
            3.536958932876587,
            "C",
            NaN,
            NaN,
            false
        ],
        [
            5.813464164733887,
            -1.8305410146713257,
            3.8078789710998535,
            "H",
            NaN,
            NaN,
            false
        ],
        [
            7.455216884613037,
            -0.2910900115966797,
            4.144056797027588,
            "C",
            NaN,
            NaN,
            false
        ],
        [
            8.38310432434082,
            0.21209099888801575,
            5.2401251792907715,
            "C",
            NaN,
            NaN,
            false
        ],
        [
            9.11518383026123,
            -0.5173400044441223,
            5.6100239753723145,
            "H",
            NaN,
            NaN,
            false
        ],
        [
            7.8876800537109375,
            0.6797450184822083,
            6.100774765014648,
            "H",
            NaN,
            NaN,
            false
        ],
        [
            8.952995300292969,
            1.2344789505004883,
            4.169217109680176,
            "C",
            NaN,
            NaN,
            false
        ],
        [
            10.013860702514648,
            1.0958800315856934,
            3.923537015914917,
            "H",
            NaN,
            NaN,
            false
        ],
        [
            8.783384323120117,
            2.291532039642334,
            4.411520957946777,
            "H",
            NaN,
            NaN,
            false
        ],
        [
            7.966935157775879,
            0.6241639852523804,
            3.183804988861084,
            "C",
            NaN,
            NaN,
            false
        ],
        [
            7.298189163208008,
            0.4172010123729706,
            2.018986940383911,
            "C",
            NaN,
            NaN,
            false
        ],
        [
            7.301146984100342,
            0.8288159966468811,
            1.0177969932556152,
            "H",
            NaN,
            NaN,
            false
        ],
        [
            1.7797729969024658,
            5.1629319190979,
            -0.6612280011177063,
            "O",
            NaN,
            NaN,
            false
        ],
        [
            1.8839080333709717,
            5.591786861419678,
            0.6496310234069824,
            "C",
            NaN,
            NaN,
            false
        ],
        [
            1.2080819606781006,
            6.392823219299316,
            0.9205520153045654,
            "H",
            NaN,
            NaN,
            false
        ],
        [
            2.849837064743042,
            4.8533711433410645,
            1.2567299604415894,
            "C",
            NaN,
            NaN,
            false
        ],
        [
            3.777724027633667,
            4.350191116333008,
            2.352797031402588,
            "C",
            NaN,
            NaN,
            false
        ],
        [
            4.509799957275391,
            5.0796217918396,
            2.7226951122283936,
            "H",
            NaN,
            NaN,
            false
        ],
        [
            3.282299041748047,
            3.8825368881225586,
            3.213447093963623,
            "H",
            NaN,
            NaN,
            false
        ],
        [
            4.34761381149292,
            3.327802896499634,
            1.2818880081176758,
            "C",
            NaN,
            NaN,
            false
        ],
        [
            5.408477783203125,
            3.466402053833008,
            1.036208987236023,
            "H",
            NaN,
            NaN,
            false
        ],
        [
            4.178002834320068,
            2.2707509994506836,
            1.5241930484771729,
            "H",
            NaN,
            NaN,
            false
        ],
        [
            3.3615529537200928,
            3.9381179809570312,
            0.29647698998451233,
            "C",
            NaN,
            NaN,
            false
        ],
        [
            2.6928060054779053,
            4.145081996917725,
            -0.8683410286903381,
            "C",
            NaN,
            NaN,
            false
        ],
        [
            2.6957640647888184,
            3.7334659099578857,
            -1.8695310354232788,
            "H",
            NaN,
            NaN,
            false
        ]
    ]
}