{
    "properties": {
        "lattice_vector_a": [
            6.510577,
            0.0,
            0.0
        ],
        "lattice_vector_b": [
            0.0,
            10.086892,
            0.0
        ],
        "lattice_vector_c": [
            0.103612,
            0.0,
            3.700637
        ],
        "unit_cell_volume": 243.02633484698583,
        "cell_vol": 243.02633484698583,
        "spg": 4
    },
    "struct_id": "target1_2mpc_bc08c092f6",
    "input_ref": null,
    "geometry": [
        [
            3.5251169204711914,
            2.5259220600128174,
            4.456100940704346,
            "O",
            NaN,
            NaN,
            false
        ],
        [
            3.170335054397583,
            1.620115041732788,
            3.472862958908081,
            "C",
            NaN,
            NaN,
            false
        ],
        [
            2.1189749240875244,
            1.6180659532546997,
            3.2151129245758057,
            "H",
            NaN,
            NaN,
            false
        ],
        [
            4.292813777923584,
            0.9571670293807983,
            3.088963031768799,
            "C",
            NaN,
            NaN,
            false
        ],
        [
            5.177104949951172,
            -0.02477099932730198,
            2.3344058990478516,
            "C",
            NaN,
            NaN,
            false
        ],
        [
            5.261137008666992,
            0.15019799768924713,
            1.2540559768676758,
            "H",
            NaN,
            NaN,
            false
        ],
        [
            4.954174041748047,
            -1.0864230394363403,
            2.5019140243530273,
            "H",
            NaN,
            NaN,
            false
        ],
        [
            6.387306213378906,
            0.5399600267410278,
            3.1907870769500732,
            "C",
            NaN,
            NaN,
            false
        ],
        [
            7.169829845428467,
            1.038336992263794,
            2.604032039642334,
            "H",
            NaN,
            NaN,
            false
        ],
        [
            6.86004114151001,
            -0.19586199522018433,
            3.854058027267456,
            "H",
            NaN,
            NaN,
            false
        ],
        [
            5.377625942230225,
            1.4643889665603638,
            3.8554720878601074,
            "C",
            NaN,
            NaN,
            false
        ],
        [
            4.88510799407959,
            2.421989917755127,
            4.6844987869262695,
            "C",
            NaN,
            NaN,
            false
        ],
        [
            5.2716522216796875,
            3.0920069217681885,
            5.441781997680664,
            "H",
            NaN,
            NaN,
            false
        ],
        [
            3.0890719890594482,
            7.569366931915283,
            -0.7554649710655212,
            "O",
            NaN,
            NaN,
            false
        ],
        [
            3.4438529014587402,
            6.663559913635254,
            0.2277739942073822,
            "C",
            NaN,
            NaN,
            false
        ],
        [
            4.495213985443115,
            6.6615118980407715,
            0.485522985458374,
            "H",
            NaN,
            NaN,
            false
        ],
        [
            2.3213748931884766,
            6.000611782073975,
            0.6116740107536316,
            "C",
            NaN,
            NaN,
            false
        ],
        [
            1.4370830059051514,
            5.018674850463867,
            1.3662300109863281,
            "C",
            NaN,
            NaN,
            false
        ],
        [
            1.353050947189331,
            5.193644046783447,
            2.4465808868408203,
            "H",
            NaN,
            NaN,
            false
        ],
        [
            1.6600149869918823,
            3.957021951675415,
            1.1987229585647583,
            "H",
            NaN,
            NaN,
            false
        ],
        [
            0.2268819957971573,
            5.583406925201416,
            0.509850025177002,
            "C",
            NaN,
            NaN,
            false
        ],
        [
            -0.5556409955024719,
            6.081782817840576,
            1.0966049432754517,
            "H",
            NaN,
            NaN,
            false
        ],
        [
            -0.24585199356079102,
            4.847585201263428,
            -0.15342099964618683,
            "H",
            NaN,
            NaN,
            false
        ],
        [
            1.236562967300415,
            6.507835865020752,
            -0.15483500063419342,
            "C",
            NaN,
            NaN,
            false
        ],
        [
            1.7290810346603394,
            7.465435981750488,
            -0.9838619828224182,
            "C",
            NaN,
            NaN,
            false
        ],
        [
            1.3425370454788208,
            8.135452270507812,
            -1.7411459684371948,
            "H",
            NaN,
            NaN,
            false
        ]
    ]
}