{
    "properties": {
        "lattice_vector_a": [
            9.418573,
            0.0,
            0.0
        ],
        "lattice_vector_b": [
            0.0,
            7.227808,
            0.0
        ],
        "lattice_vector_c": [
            -1.256997,
            0.0,
            2.872138
        ],
        "unit_cell_volume": 195.52262470031437,
        "cell_vol": 195.52262470031437,
        "spg": 4
    },
    "struct_id": "target1_2mpc_af9e700c08",
    "input_ref": null,
    "geometry": [
        [
            2.630311965942383,
            6.088206768035889,
            2.9511001110076904,
            "O",
            NaN,
            NaN,
            false
        ],
        [
            2.540081024169922,
            7.434207916259766,
            2.645725965499878,
            "C",
            NaN,
            NaN,
            false
        ],
        [
            3.4821369647979736,
            7.967255115509033,
            2.6594460010528564,
            "H",
            NaN,
            NaN,
            false
        ],
        [
            1.2343720197677612,
            7.722290992736816,
            2.4028830528259277,
            "C",
            NaN,
            NaN,
            false
        ],
        [
            -0.0014809999847784638,
            8.539822578430176,
            2.0567049980163574,
            "C",
            NaN,
            NaN,
            false
        ],
        [
            -0.021617000922560692,
            8.957509994506836,
            1.0418339967727661,
            "H",
            NaN,
            NaN,
            false
        ],
        [
            -0.2565999925136566,
            9.335148811340332,
            2.7689061164855957,
            "H",
            NaN,
            NaN,
            false
        ],
        [
            -0.8322309851646423,
            7.2001800537109375,
            2.2358999252319336,
            "C",
            NaN,
            NaN,
            false
        ],
        [
            -1.3329609632492065,
            6.846951961517334,
            1.3251299858093262,
            "H",
            NaN,
            NaN,
            false
        ],
        [
            -1.5643080472946167,
            7.22265100479126,
            3.053455114364624,
            "H",
            NaN,
            NaN,
            false
        ],
        [
            0.49010899662971497,
            6.521306037902832,
            2.5620570182800293,
            "C",
            NaN,
            NaN,
            false
        ],
        [
            1.3636620044708252,
            5.535717010498047,
            2.8972880840301514,
            "C",
            NaN,
            NaN,
            false
        ],
        [
            1.3190799951553345,
            4.477582931518555,
            3.1213018894195557,
            "H",
            NaN,
            NaN,
            false
        ],
        [
            5.531264781951904,
            2.4743030071258545,
            -0.07896199822425842,
            "O",
            NaN,
            NaN,
            false
        ],
        [
            5.621496200561523,
            3.8203039169311523,
            0.22641099989414215,
            "C",
            NaN,
            NaN,
            false
        ],
        [
            4.679439067840576,
            4.35335111618042,
            0.2126920074224472,
            "H",
            NaN,
            NaN,
            false
        ],
        [
            6.9272050857543945,
            4.108386039733887,
            0.4692550003528595,
            "C",
            NaN,
            NaN,
            false
        ],
        [
            8.163058280944824,
            4.925918102264404,
            0.8154330253601074,
            "C",
            NaN,
            NaN,
            false
        ],
        [
            8.183194160461426,
            5.343605041503906,
            1.8303040266036987,
            "H",
            NaN,
            NaN,
            false
        ],
        [
            8.418176651000977,
            5.721244812011719,
            0.10323099792003632,
            "H",
            NaN,
            NaN,
            false
        ],
        [
            8.993806838989258,
            3.586275100708008,
            0.6362370252609253,
            "C",
            NaN,
            NaN,
            false
        ],
        [
            9.494537353515625,
            3.233048915863037,
            1.5470069646835327,
            "H",
            NaN,
            NaN,
            false
        ],
        [
            9.725884437561035,
            3.6087470054626465,
            -0.181317999958992,
            "H",
            NaN,
            NaN,
            false
        ],
        [
            7.671466827392578,
            2.9074020385742188,
            0.31007999181747437,
            "C",
            NaN,
            NaN,
            false
        ],
        [
            6.797914028167725,
            1.9218130111694336,
            -0.0251499991863966,
            "C",
            NaN,
            NaN,
            false
        ],
        [
            6.842496871948242,
            0.8636789917945862,
            -0.24916499853134155,
            "H",
            NaN,
            NaN,
            false
        ]
    ]
}