{
    "properties": {
        "lattice_vector_a": [
            12.783147,
            0.0,
            0.0
        ],
        "lattice_vector_b": [
            0.0,
            7.285126,
            0.0
        ],
        "lattice_vector_c": [
            -1.467419,
            0.0,
            2.556887
        ],
        "unit_cell_volume": 238.11479778084916,
        "cell_vol": 238.11479778084916,
        "spg": 3
    },
    "struct_id": "target1_2mpc_2cd3896b82",
    "input_ref": null,
    "geometry": [
        [
            8.452567100524902,
            0.7271909713745117,
            1.6885919570922852,
            "O",
            NaN,
            NaN,
            false
        ],
        [
            7.649862766265869,
            1.6041489839553833,
            0.9816799759864807,
            "C",
            NaN,
            NaN,
            false
        ],
        [
            7.113422870635986,
            1.1610840559005737,
            0.1523900032043457,
            "H",
            NaN,
            NaN,
            false
        ],
        [
            7.765315055847168,
            2.8316609859466553,
            1.5532779693603516,
            "C",
            NaN,
            NaN,
            false
        ],
        [
            7.543382167816162,
            4.3189191818237305,
            1.7863839864730835,
            "C",
            NaN,
            NaN,
            false
        ],
        [
            6.521223068237305,
            4.605143070220947,
            2.0658481121063232,
            "H",
            NaN,
            NaN,
            false
        ],
        [
            7.884856224060059,
            4.979788780212402,
            0.9792230129241943,
            "H",
            NaN,
            NaN,
            false
        ],
        [
            8.549756050109863,
            4.190155029296875,
            3.0060250759124756,
            "C",
            NaN,
            NaN,
            false
        ],
        [
            8.108409881591797,
            4.404293060302734,
            3.988042116165161,
            "H",
            NaN,
            NaN,
            false
        ],
        [
            9.472691535949707,
            4.774834156036377,
            2.9002881050109863,
            "H",
            NaN,
            NaN,
            false
        ],
        [
            8.666122436523438,
            2.7158520221710205,
            2.647243022918701,
            "C",
            NaN,
            NaN,
            false
        ],
        [
            9.073761940002441,
            1.4210059642791748,
            2.7109808921813965,
            "C",
            NaN,
            NaN,
            false
        ],
        [
            9.730493545532227,
            0.8249779939651489,
            3.331681966781616,
            "H",
            NaN,
            NaN,
            false
        ],
        [
            2.863161087036133,
            0.7271909713745117,
            0.8682950139045715,
            "O",
            NaN,
            NaN,
            false
        ],
        [
            3.6658639907836914,
            1.6041489839553833,
            1.575206995010376,
            "C",
            NaN,
            NaN,
            false
        ],
        [
            4.202303886413574,
            1.1610840559005737,
            2.404496908187866,
            "H",
            NaN,
            NaN,
            false
        ],
        [
            3.550412893295288,
            2.8316609859466553,
            1.0036089420318604,
            "C",
            NaN,
            NaN,
            false
        ],
        [
            3.772346019744873,
            4.3189191818237305,
            0.7705029845237732,
            "C",
            NaN,
            NaN,
            false
        ],
        [
            4.7945051193237305,
            4.605143070220947,
            0.4910390079021454,
            "H",
            NaN,
            NaN,
            false
        ],
        [
            3.4308719635009766,
            4.979788780212402,
            1.5776640176773071,
            "H",
            NaN,
            NaN,
            false
        ],
        [
            2.7659718990325928,
            4.190155029296875,
            -0.44913798570632935,
            "C",
            NaN,
            NaN,
            false
        ],
        [
            3.207318067550659,
            4.404293060302734,
            -1.431156039237976,
            "H",
            NaN,
            NaN,
            false
        ],
        [
            1.8430360555648804,
            4.774834156036377,
            -0.3434010148048401,
            "H",
            NaN,
            NaN,
            false
        ],
        [
            2.6496050357818604,
            2.7158520221710205,
            -0.09035699814558029,
            "C",
            NaN,
            NaN,
            false
        ],
        [
            2.2419660091400146,
            1.4210059642791748,
            -0.15409399569034576,
            "C",
            NaN,
            NaN,
            false
        ],
        [
            1.5852340459823608,
            0.8249779939651489,
            -0.7747960090637207,
            "H",
            NaN,
            NaN,
            false
        ]
    ]
}