{
    "properties": {
        "lattice_vector_a": [
            6.521979,
            0.0,
            0.0
        ],
        "lattice_vector_b": [
            0.0,
            10.889755,
            0.0
        ],
        "lattice_vector_c": [
            -3.102775,
            0.0,
            3.367908
        ],
        "unit_cell_volume": 239.1980994425732,
        "cell_vol": 239.1980994425732,
        "spg": 7
    },
    "struct_id": "target1_2mpc_d314b5da1e",
    "input_ref": null,
    "geometry": [
        [
            0.39201098680496216,
            10.172224998474121,
            3.716762065887451,
            "O",
            NaN,
            NaN,
            false
        ],
        [
            -0.18598100543022156,
            9.980979919433594,
            2.4748010635375977,
            "C",
            NaN,
            NaN,
            false
        ],
        [
            -0.7947700023651123,
            10.805028915405273,
            2.1253480911254883,
            "H",
            NaN,
            NaN,
            false
        ],
        [
            0.19034700095653534,
            8.756363868713379,
            2.0214459896087646,
            "C",
            NaN,
            NaN,
            false
        ],
        [
            0.2967219948768616,
            7.55287504196167,
            1.0963369607925415,
            "C",
            NaN,
            NaN,
            false
        ],
        [
            0.7905380129814148,
            7.739889144897461,
            0.13404500484466553,
            "H",
            NaN,
            NaN,
            false
        ],
        [
            -0.6420729756355286,
            7.015242099761963,
            0.9106550216674805,
            "H",
            NaN,
            NaN,
            false
        ],
        [
            1.2281429767608643,
            6.895571231842041,
            2.199651002883911,
            "C",
            NaN,
            NaN,
            false
        ],
        [
            2.2579638957977295,
            6.701659202575684,
            1.8727439641952515,
            "H",
            NaN,
            NaN,
            false
        ],
        [
            0.8245819807052612,
            5.980428218841553,
            2.6518619060516357,
            "H",
            NaN,
            NaN,
            false
        ],
        [
            1.0263010263442993,
            8.16795539855957,
            3.0096700191497803,
            "C",
            NaN,
            NaN,
            false
        ],
        [
            1.1354899406433105,
            9.050942420959473,
            4.036931991577148,
            "C",
            NaN,
            NaN,
            false
        ],
        [
            1.6348530054092407,
            9.095022201538086,
            4.996366024017334,
            "H",
            NaN,
            NaN,
            false
        ],
        [
            1.9433989524841309,
            0.7175310254096985,
            2.0328071117401123,
            "O",
            NaN,
            NaN,
            false
        ],
        [
            1.3654060363769531,
            0.9087749719619751,
            0.7908480167388916,
            "C",
            NaN,
            NaN,
            false
        ],
        [
            0.75661700963974,
            0.0847259983420372,
            0.44139400124549866,
            "H",
            NaN,
            NaN,
            false
        ],
        [
            1.7417340278625488,
            2.1333909034729004,
            0.33749300241470337,
            "C",
            NaN,
            NaN,
            false
        ],
        [
            1.8481099605560303,
            3.336880922317505,
            -0.5876169800758362,
            "C",
            NaN,
            NaN,
            false
        ],
        [
            2.3419249057769775,
            3.1498661041259766,
            -1.549908995628357,
            "H",
            NaN,
            NaN,
            false
        ],
        [
            0.909313976764679,
            3.8745129108428955,
            -0.773298978805542,
            "H",
            NaN,
            NaN,
            false
        ],
        [
            2.7795300483703613,
            3.9941840171813965,
            0.5156970024108887,
            "C",
            NaN,
            NaN,
            false
        ],
        [
            3.8093509674072266,
            4.188096046447754,
            0.1887899935245514,
            "H",
            NaN,
            NaN,
            false
        ],
        [
            2.3759689331054688,
            4.909327030181885,
            0.9679080247879028,
            "H",
            NaN,
            NaN,
            false
        ],
        [
            2.577687978744507,
            2.721798896789551,
            1.3257160186767578,
            "C",
            NaN,
            NaN,
            false
        ],
        [
            2.6868770122528076,
            1.838811993598938,
            2.352977991104126,
            "C",
            NaN,
            NaN,
            false
        ],
        [
            3.1862399578094482,
            1.7947330474853516,
            3.3124120235443115,
            "H",
            NaN,
            NaN,
            false
        ]
    ]
}