{
    "properties": {
        "lattice_vector_a": [
            10.159426,
            0.0,
            0.0
        ],
        "lattice_vector_b": [
            0.0,
            3.57722,
            0.0
        ],
        "lattice_vector_c": [
            7.39212,
            0.0,
            5.734916
        ],
        "unit_cell_volume": 208.4211954870966,
        "cell_vol": 208.4211954870966,
        "spg": 3
    },
    "struct_id": "target1_2mpc_bd6ddb94d6",
    "input_ref": null,
    "geometry": [
        [
            14.710119247436523,
            2.034735918045044,
            3.405580997467041,
            "O",
            NaN,
            NaN,
            false
        ],
        [
            13.924656867980957,
            1.4516479969024658,
            4.383419990539551,
            "C",
            NaN,
            NaN,
            false
        ],
        [
            12.9011812210083,
            1.2583680152893066,
            4.088573932647705,
            "H",
            NaN,
            NaN,
            false
        ],
        [
            14.693886756896973,
            1.2770129442214966,
            5.490048885345459,
            "C",
            NaN,
            NaN,
            false
        ],
        [
            15.07689380645752,
            0.879285991191864,
            6.908023834228516,
            "C",
            NaN,
            NaN,
            false
        ],
        [
            15.032103538513184,
            -0.1958319991827011,
            7.12469482421875,
            "H",
            NaN,
            NaN,
            false
        ],
        [
            14.555296897888184,
            1.4207229614257812,
            7.707801818847656,
            "H",
            NaN,
            NaN,
            false
        ],
        [
            16.528907775878906,
            1.4261640310287476,
            6.577148914337158,
            "C",
            NaN,
            NaN,
            false
        ],
        [
            17.321247100830078,
            0.6669480204582214,
            6.605295181274414,
            "H",
            NaN,
            NaN,
            false
        ],
        [
            16.842945098876953,
            2.284799098968506,
            7.184576034545898,
            "H",
            NaN,
            NaN,
            false
        ],
        [
            15.995589256286621,
            1.7658090591430664,
            5.192935943603516,
            "C",
            NaN,
            NaN,
            false
        ],
        [
            15.982307434082031,
            2.2242610454559326,
            3.9136769771575928,
            "C",
            NaN,
            NaN,
            false
        ],
        [
            16.683979034423828,
            2.6780619621276855,
            3.2255349159240723,
            "H",
            NaN,
            NaN,
            false
        ],
        [
            2.841425895690918,
            2.034735918045044,
            2.3293349742889404,
            "O",
            NaN,
            NaN,
            false
        ],
        [
            3.6268889904022217,
            1.4516479969024658,
            1.3514950275421143,
            "C",
            NaN,
            NaN,
            false
        ],
        [
            4.650364875793457,
            1.2583680152893066,
            1.6463420391082764,
            "H",
            NaN,
            NaN,
            false
        ],
        [
            2.8576579093933105,
            1.2770129442214966,
            0.2448659986257553,
            "C",
            NaN,
            NaN,
            false
        ],
        [
            2.474652051925659,
            0.879285991191864,
            -1.1731079816818237,
            "C",
            NaN,
            NaN,
            false
        ],
        [
            2.519442081451416,
            -0.1958319991827011,
            -1.389778971672058,
            "H",
            NaN,
            NaN,
            false
        ],
        [
            2.996248960494995,
            1.4207229614257812,
            -1.9728859663009644,
            "H",
            NaN,
            NaN,
            false
        ],
        [
            1.0226390361785889,
            1.4261640310287476,
            -0.8422330021858215,
            "C",
            NaN,
            NaN,
            false
        ],
        [
            0.23029999434947968,
            0.6669480204582214,
            -0.8703789710998535,
            "H",
            NaN,
            NaN,
            false
        ],
        [
            0.7086020112037659,
            2.284799098968506,
            -1.4496599435806274,
            "H",
            NaN,
            NaN,
            false
        ],
        [
            1.5559560060501099,
            1.7658090591430664,
            0.5419800281524658,
            "C",
            NaN,
            NaN,
            false
        ],
        [
            1.5692390203475952,
            2.2242610454559326,
            1.8212380409240723,
            "C",
            NaN,
            NaN,
            false
        ],
        [
            0.8675649762153625,
            2.6780619621276855,
            2.5093801021575928,
            "H",
            NaN,
            NaN,
            false
        ]
    ]
}