{
    "properties": {
        "lattice_vector_a": [
            12.255252,
            0.0,
            0.0
        ],
        "lattice_vector_b": [
            0.0,
            6.886029,
            0.0
        ],
        "lattice_vector_c": [
            -0.673152,
            0.0,
            3.55758
        ],
        "unit_cell_volume": 300.22424975050484,
        "cell_vol": 300.22424975050484,
        "spg": 4
    },
    "struct_id": "target1_2mpc_4e1be34464",
    "input_ref": null,
    "geometry": [
        [
            1.9174250364303589,
            8.041236877441406,
            0.48231300711631775,
            "O",
            NaN,
            NaN,
            false
        ],
        [
            0.9863799810409546,
            7.063037872314453,
            0.7813069820404053,
            "C",
            NaN,
            NaN,
            false
        ],
        [
            0.08586200326681137,
            7.094491004943848,
            0.18140900135040283,
            "H",
            NaN,
            NaN,
            false
        ],
        [
            1.4868659973144531,
            6.3023810386657715,
            1.7901439666748047,
            "C",
            NaN,
            NaN,
            false
        ],
        [
            1.5630730390548706,
            5.203866958618164,
            2.8403780460357666,
            "C",
            NaN,
            NaN,
            false
        ],
        [
            1.5766830444335938,
            4.178127765655518,
            2.4498560428619385,
            "H",
            NaN,
            NaN,
            false
        ],
        [
            0.8161380290985107,
            5.2643818855285645,
            3.6424310207366943,
            "H",
            NaN,
            NaN,
            false
        ],
        [
            2.9897139072418213,
            5.784724235534668,
            3.2201120853424072,
            "C",
            NaN,
            NaN,
            false
        ],
        [
            3.8252370357513428,
            5.0932111740112305,
            3.050658941268921,
            "H",
            NaN,
            NaN,
            false
        ],
        [
            3.0640180110931396,
            6.1826348304748535,
            4.240397930145264,
            "H",
            NaN,
            NaN,
            false
        ],
        [
            2.766087055206299,
            6.822115898132324,
            2.129405975341797,
            "C",
            NaN,
            NaN,
            false
        ],
        [
            3.008513927459717,
            7.884610176086426,
            1.317499041557312,
            "C",
            NaN,
            NaN,
            false
        ],
        [
            3.8033130168914795,
            8.604010581970215,
            1.1672370433807373,
            "H",
            NaN,
            NaN,
            false
        ],
        [
            9.664674758911133,
            4.5982232093811035,
            3.0752670764923096,
            "O",
            NaN,
            NaN,
            false
        ],
        [
            10.595720291137695,
            3.6200239658355713,
            2.776273012161255,
            "C",
            NaN,
            NaN,
            false
        ],
        [
            11.496237754821777,
            3.6514780521392822,
            3.376171112060547,
            "H",
            NaN,
            NaN,
            false
        ],
        [
            10.095233917236328,
            2.859365940093994,
            1.7674360275268555,
            "C",
            NaN,
            NaN,
            false
        ],
        [
            10.019026756286621,
            1.7608530521392822,
            0.7172020077705383,
            "C",
            NaN,
            NaN,
            false
        ],
        [
            10.005416870117188,
            0.7351149916648865,
            1.1077239513397217,
            "H",
            NaN,
            NaN,
            false
        ],
        [
            10.765961647033691,
            1.8213670253753662,
            -0.08485099673271179,
            "H",
            NaN,
            NaN,
            false
        ],
        [
            8.592385292053223,
            2.3417088985443115,
            0.3374670147895813,
            "C",
            NaN,
            NaN,
            false
        ],
        [
            7.756864070892334,
            1.6501959562301636,
            0.5069199800491333,
            "H",
            NaN,
            NaN,
            false
        ],
        [
            8.518081665039062,
            2.739622116088867,
            -0.6828190088272095,
            "H",
            NaN,
            NaN,
            false
        ],
        [
            8.816012382507324,
            3.379101037979126,
            1.4281740188598633,
            "C",
            NaN,
            NaN,
            false
        ],
        [
            8.573586463928223,
            4.441596031188965,
            2.2400810718536377,
            "C",
            NaN,
            NaN,
            false
        ],
        [
            7.778787136077881,
            5.160995960235596,
            2.3903419971466064,
            "H",
            NaN,
            NaN,
            false
        ]
    ]
}