{
    "properties": {
        "lattice_vector_a": [
            17.437452,
            0.0,
            0.0
        ],
        "lattice_vector_b": [
            0.0,
            3.110774,
            0.0
        ],
        "lattice_vector_c": [
            7.39857,
            0.0,
            4.709582
        ],
        "unit_cell_volume": 255.46643558953943,
        "cell_vol": 255.46643558953943,
        "spg": 3
    },
    "struct_id": "target1_2mpc_b3138df620",
    "input_ref": null,
    "geometry": [
        [
            14.069732666015625,
            1.1089489459991455,
            2.379852056503296,
            "O",
            NaN,
            NaN,
            false
        ],
        [
            15.412506103515625,
            0.8929200172424316,
            2.1280438899993896,
            "C",
            NaN,
            NaN,
            false
        ],
        [
            16.046348571777344,
            0.9015370011329651,
            3.0055220127105713,
            "H",
            NaN,
            NaN,
            false
        ],
        [
            15.565628051757812,
            0.722461998462677,
            0.7885149717330933,
            "C",
            NaN,
            NaN,
            false
        ],
        [
            16.257793426513672,
            0.4794450104236603,
            -0.544668972492218,
            "C",
            NaN,
            NaN,
            false
        ],
        [
            16.728759765625,
            -0.505420982837677,
            -0.6589499711990356,
            "H",
            NaN,
            NaN,
            false
        ],
        [
            16.976728439331055,
            1.250190019607544,
            -0.8511750102043152,
            "H",
            NaN,
            NaN,
            false
        ],
        [
            14.825145721435547,
            0.6078270077705383,
            -1.2139519453048706,
            "C",
            NaN,
            NaN,
            false
        ],
        [
            14.471338272094727,
            -0.3020780086517334,
            -1.7158440351486206,
            "H",
            NaN,
            NaN,
            false
        ],
        [
            14.717714309692383,
            1.454511046409607,
            -1.9041869640350342,
            "H",
            NaN,
            NaN,
            false
        ],
        [
            14.281408309936523,
            0.8360660076141357,
            0.18893299996852875,
            "C",
            NaN,
            NaN,
            false
        ],
        [
            13.382452964782715,
            1.0724420547485352,
            1.1803289651870728,
            "C",
            NaN,
            NaN,
            false
        ],
        [
            12.314805030822754,
            1.2310030460357666,
            1.2628300189971924,
            "H",
            NaN,
            NaN,
            false
        ],
        [
            10.766288757324219,
            1.1089489459991455,
            2.3297300338745117,
            "O",
            NaN,
            NaN,
            false
        ],
        [
            9.423517227172852,
            0.8929200172424316,
            2.581537961959839,
            "C",
            NaN,
            NaN,
            false
        ],
        [
            8.789673805236816,
            0.9015370011329651,
            1.7040599584579468,
            "H",
            NaN,
            NaN,
            false
        ],
        [
            9.270393371582031,
            0.722461998462677,
            3.921066999435425,
            "C",
            NaN,
            NaN,
            false
        ],
        [
            8.578228950500488,
            0.4794450104236603,
            5.254251003265381,
            "C",
            NaN,
            NaN,
            false
        ],
        [
            8.107261657714844,
            -0.505420982837677,
            5.368531227111816,
            "H",
            NaN,
            NaN,
            false
        ],
        [
            7.859292984008789,
            1.250190019607544,
            5.560756206512451,
            "H",
            NaN,
            NaN,
            false
        ],
        [
            10.010876655578613,
            0.6078270077705383,
            5.923533916473389,
            "C",
            NaN,
            NaN,
            false
        ],
        [
            10.364684104919434,
            -0.3020780086517334,
            6.425426006317139,
            "H",
            NaN,
            NaN,
            false
        ],
        [
            10.118306159973145,
            1.454511046409607,
            6.613769054412842,
            "H",
            NaN,
            NaN,
            false
        ],
        [
            10.554614067077637,
            0.8360660076141357,
            4.520648956298828,
            "C",
            NaN,
            NaN,
            false
        ],
        [
            11.453569412231445,
            1.0724420547485352,
            3.5292530059814453,
            "C",
            NaN,
            NaN,
            false
        ],
        [
            12.521217346191406,
            1.2310030460357666,
            3.4467520713806152,
            "H",
            NaN,
            NaN,
            false
        ]
    ]
}