{
    "properties": {
        "lattice_vector_a": [
            15.97317,
            0.0,
            0.0
        ],
        "lattice_vector_b": [
            0.0,
            4.877934,
            0.0
        ],
        "lattice_vector_c": [
            -3.234725,
            0.0,
            2.778896
        ],
        "unit_cell_volume": 216.52065256535838,
        "cell_vol": 216.52065256535838,
        "spg": 3
    },
    "struct_id": "target1_2mpc_6f29424923",
    "input_ref": null,
    "geometry": [
        [
            4.395233154296875,
            2.8201611042022705,
            -1.0078990459442139,
            "O",
            NaN,
            NaN,
            false
        ],
        [
            3.280467987060547,
            2.0173959732055664,
            -1.1690880060195923,
            "C",
            NaN,
            NaN,
            false
        ],
        [
            2.5508780479431152,
            2.389970064163208,
            -1.8766779899597168,
            "H",
            NaN,
            NaN,
            false
        ],
        [
            3.421034097671509,
            0.9369410276412964,
            -0.35687100887298584,
            "C",
            NaN,
            NaN,
            false
        ],
        [
            3.091356039047241,
            -0.38333800435066223,
            0.324088990688324,
            "C",
            NaN,
            NaN,
            false
        ],
        [
            3.0310020446777344,
            -1.2547119855880737,
            -0.34066298604011536,
            "H",
            NaN,
            NaN,
            false
        ],
        [
            2.204468011856079,
            -0.37288698554039,
            0.9707599878311157,
            "H",
            NaN,
            NaN,
            false
        ],
        [
            4.471470832824707,
            -0.23304599523544312,
            1.0919369459152222,
            "C",
            NaN,
            NaN,
            false
        ],
        [
            5.205654144287109,
            -1.0188109874725342,
            0.8715969920158386,
            "H",
            NaN,
            NaN,
            false
        ],
        [
            4.37959098815918,
            -0.13312700390815735,
            2.1811630725860596,
            "H",
            NaN,
            NaN,
            false
        ],
        [
            4.658638000488281,
            1.0709799528121948,
            0.3301509916782379,
            "C",
            NaN,
            NaN,
            false
        ],
        [
            5.236837863922119,
            2.229301929473877,
            -0.08316700160503387,
            "C",
            NaN,
            NaN,
            false
        ],
        [
            6.147272109985352,
            2.7787110805511475,
            0.11950799822807312,
            "H",
            NaN,
            NaN,
            false
        ],
        [
            8.343212127685547,
            2.8201611042022705,
            3.786794900894165,
            "O",
            NaN,
            NaN,
            false
        ],
        [
            9.457976341247559,
            2.0173959732055664,
            3.947983980178833,
            "C",
            NaN,
            NaN,
            false
        ],
        [
            10.187566757202148,
            2.389970064163208,
            4.655573844909668,
            "H",
            NaN,
            NaN,
            false
        ],
        [
            9.317411422729492,
            0.9369410276412964,
            3.1357669830322266,
            "C",
            NaN,
            NaN,
            false
        ],
        [
            9.647089004516602,
            -0.38333800435066223,
            2.4548070430755615,
            "C",
            NaN,
            NaN,
            false
        ],
        [
            9.707443237304688,
            -1.2547119855880737,
            3.1195600032806396,
            "H",
            NaN,
            NaN,
            false
        ],
        [
            10.533978462219238,
            -0.37288698554039,
            1.808135986328125,
            "H",
            NaN,
            NaN,
            false
        ],
        [
            8.266974449157715,
            -0.23304599523544312,
            1.6869590282440186,
            "C",
            NaN,
            NaN,
            false
        ],
        [
            7.5327911376953125,
            -1.0188109874725342,
            1.9072990417480469,
            "H",
            NaN,
            NaN,
            false
        ],
        [
            8.358853340148926,
            -0.13312700390815735,
            0.5977330207824707,
            "H",
            NaN,
            NaN,
            false
        ],
        [
            8.07980728149414,
            1.0709799528121948,
            2.448745012283325,
            "C",
            NaN,
            NaN,
            false
        ],
        [
            7.5016069412231445,
            2.229301929473877,
            2.862062931060791,
            "C",
            NaN,
            NaN,
            false
        ],
        [
            6.59117317199707,
            2.7787110805511475,
            2.6593880653381348,
            "H",
            NaN,
            NaN,
            false
        ]
    ]
}