{
    "properties": {
        "lattice_vector_a": [
            4.704782,
            0.0,
            0.0
        ],
        "lattice_vector_b": [
            0.0,
            16.702822,
            0.0
        ],
        "lattice_vector_c": [
            -1.615879,
            0.0,
            3.90317
        ],
        "unit_cell_volume": 306.72334009179013,
        "cell_vol": 306.72334009179013,
        "spg": 4
    },
    "struct_id": "target1_2mpc_fbc95e8264",
    "input_ref": null,
    "geometry": [
        [
            3.7258338928222656,
            10.436577796936035,
            3.165179967880249,
            "O",
            NaN,
            NaN,
            false
        ],
        [
            3.790297031402588,
            9.39556884765625,
            2.2567410469055176,
            "C",
            NaN,
            NaN,
            false
        ],
        [
            4.627003192901611,
            9.441838264465332,
            1.5714800357818604,
            "H",
            NaN,
            NaN,
            false
        ],
        [
            2.7370500564575195,
            8.56927490234375,
            2.490712881088257,
            "C",
            NaN,
            NaN,
            false
        ],
        [
            1.7955249547958374,
            7.384544849395752,
            2.3310909271240234,
            "C",
            NaN,
            NaN,
            false
        ],
        [
            2.2386560440063477,
            6.399969100952148,
            2.528769016265869,
            "H",
            NaN,
            NaN,
            false
        ],
        [
            1.2499409914016724,
            7.339470863342285,
            1.379686951637268,
            "H",
            NaN,
            NaN,
            false
        ],
        [
            0.9667519927024841,
            7.990415096282959,
            3.540616989135742,
            "C",
            NaN,
            NaN,
            false
        ],
        [
            0.9302560091018677,
            7.354269981384277,
            4.434479236602783,
            "H",
            NaN,
            NaN,
            false
        ],
        [
            -0.055792998522520065,
            8.297155380249023,
            3.285367965698242,
            "H",
            NaN,
            NaN,
            false
        ],
        [
            1.9951709508895874,
            9.111556053161621,
            3.5756900310516357,
            "C",
            NaN,
            NaN,
            false
        ],
        [
            2.6176629066467285,
            10.252790451049805,
            3.971853017807007,
            "C",
            NaN,
            NaN,
            false
        ],
        [
            2.471219062805176,
            11.016886711120605,
            4.72453498840332,
            "H",
            NaN,
            NaN,
            false
        ],
        [
            -0.6369310021400452,
            2.0851669311523438,
            0.7379900217056274,
            "O",
            NaN,
            NaN,
            false
        ],
        [
            -0.7013940215110779,
            1.0441570281982422,
            1.6464289426803589,
            "C",
            NaN,
            NaN,
            false
        ],
        [
            -1.5380990505218506,
            1.090427041053772,
            2.3316900730133057,
            "H",
            NaN,
            NaN,
            false
        ],
        [
            0.35185399651527405,
            0.2178640067577362,
            1.41245698928833,
            "C",
            NaN,
            NaN,
            false
        ],
        [
            1.2933789491653442,
            -0.9668660163879395,
            1.5720789432525635,
            "C",
            NaN,
            NaN,
            false
        ],
        [
            0.8502479791641235,
            -1.951442003250122,
            1.3744020462036133,
            "H",
            NaN,
            NaN,
            false
        ],
        [
            1.8389619588851929,
            -1.0119400024414062,
            2.5234830379486084,
            "H",
            NaN,
            NaN,
            false
        ],
        [
            2.122152090072632,
            -0.3609960079193115,
            0.3625530004501343,
            "C",
            NaN,
            NaN,
            false
        ],
        [
            2.1586480140686035,
            -0.9971410036087036,
            -0.5313090085983276,
            "H",
            NaN,
            NaN,
            false
        ],
        [
            3.144695997238159,
            -0.05425399914383888,
            0.6178020238876343,
            "H",
            NaN,
            NaN,
            false
        ],
        [
            1.0937319993972778,
            0.7601460218429565,
            0.3274799883365631,
            "C",
            NaN,
            NaN,
            false
        ],
        [
            0.47124001383781433,
            1.9013789892196655,
            -0.06868299841880798,
            "C",
            NaN,
            NaN,
            false
        ],
        [
            0.6176850199699402,
            2.665476083755493,
            -0.8213649988174438,
            "H",
            NaN,
            NaN,
            false
        ]
    ]
}