{
    "properties": {
        "lattice_vector_a": [
            5.99364,
            0.0,
            0.0
        ],
        "lattice_vector_b": [
            0.0,
            6.333836,
            0.0
        ],
        "lattice_vector_c": [
            6.305577,
            0.0,
            5.236982
        ],
        "unit_cell_volume": 198.81014836033,
        "cell_vol": 198.81014836033,
        "spg": 7
    },
    "struct_id": "target1_2mpc_8efe6ac6b4",
    "input_ref": null,
    "geometry": [
        [
            3.316431999206543,
            5.995734214782715,
            -0.615401029586792,
            "O",
            NaN,
            NaN,
            false
        ],
        [
            2.381866931915283,
            5.189113140106201,
            -1.239151954650879,
            "C",
            NaN,
            NaN,
            false
        ],
        [
            2.0844271183013916,
            5.5183539390563965,
            -2.2265360355377197,
            "H",
            NaN,
            NaN,
            false
        ],
        [
            2.0864269733428955,
            4.1628217697143555,
            -0.3987489938735962,
            "C",
            NaN,
            NaN,
            false
        ],
        [
            1.4299230575561523,
            2.890782117843628,
            0.11743900179862976,
            "C",
            NaN,
            NaN,
            false
        ],
        [
            1.6596269607543945,
            1.9785280227661133,
            -0.4481239914894104,
            "H",
            NaN,
            NaN,
            false
        ],
        [
            0.3440049886703491,
            2.946898937225342,
            0.26742199063301086,
            "H",
            NaN,
            NaN,
            false
        ],
        [
            2.2905099391937256,
            3.084357976913452,
            1.436079978942871,
            "C",
            NaN,
            NaN,
            false
        ],
        [
            3.0145139694213867,
            2.2827858924865723,
            1.631788969039917,
            "H",
            NaN,
            NaN,
            false
        ],
        [
            1.700314998626709,
            3.2548840045928955,
            2.3457109928131104,
            "H",
            NaN,
            NaN,
            false
        ],
        [
            2.8588480949401855,
            4.335577011108398,
            0.782414972782135,
            "C",
            NaN,
            NaN,
            false
        ],
        [
            3.602940082550049,
            5.46221399307251,
            0.6279069781303406,
            "C",
            NaN,
            NaN,
            false
        ],
        [
            4.329125881195068,
            6.01958703994751,
            1.2056670188903809,
            "H",
            NaN,
            NaN,
            false
        ],
        [
            6.469221115112305,
            0.3381020128726959,
            2.0030899047851562,
            "O",
            NaN,
            NaN,
            false
        ],
        [
            5.534656047821045,
            1.1447230577468872,
            1.3793389797210693,
            "C",
            NaN,
            NaN,
            false
        ],
        [
            5.237215042114258,
            0.8154820203781128,
            0.3919549882411957,
            "H",
            NaN,
            NaN,
            false
        ],
        [
            5.239214897155762,
            2.1710150241851807,
            2.2197420597076416,
            "C",
            NaN,
            NaN,
            false
        ],
        [
            4.582712173461914,
            3.443053960800171,
            2.735929012298584,
            "C",
            NaN,
            NaN,
            false
        ],
        [
            4.81241512298584,
            4.3553080558776855,
            2.1703670024871826,
            "H",
            NaN,
            NaN,
            false
        ],
        [
            3.4967939853668213,
            3.386936902999878,
            2.8859128952026367,
            "H",
            NaN,
            NaN,
            false
        ],
        [
            5.443297863006592,
            3.2494781017303467,
            4.054570198059082,
            "C",
            NaN,
            NaN,
            false
        ],
        [
            6.167302131652832,
            4.051050186157227,
            4.250279903411865,
            "H",
            NaN,
            NaN,
            false
        ],
        [
            4.853103160858154,
            3.0789520740509033,
            4.964200973510742,
            "H",
            NaN,
            NaN,
            false
        ],
        [
            6.011635780334473,
            1.9982589483261108,
            3.4009060859680176,
            "C",
            NaN,
            NaN,
            false
        ],
        [
            6.755727767944336,
            0.8716220259666443,
            3.246397018432617,
            "C",
            NaN,
            NaN,
            false
        ],
        [
            7.481914043426514,
            0.3142490088939667,
            3.824157953262329,
            "H",
            NaN,
            NaN,
            false
        ]
    ]
}