{
    "properties": {
        "lattice_vector_a": [
            21.031086,
            0.0,
            0.0
        ],
        "lattice_vector_b": [
            0.0,
            4.10341,
            0.0
        ],
        "lattice_vector_c": [
            3.785812,
            0.0,
            2.900395
        ],
        "unit_cell_volume": 250.30167712105222,
        "cell_vol": 250.30167712105222,
        "spg": 3
    },
    "struct_id": "target1_2mpc_5e8ee536eb",
    "input_ref": null,
    "geometry": [
        [
            5.882902145385742,
            2.077202081680298,
            2.093647003173828,
            "O",
            NaN,
            NaN,
            false
        ],
        [
            6.659477233886719,
            1.747413992881775,
            0.9976159930229187,
            "C",
            NaN,
            NaN,
            false
        ],
        [
            6.187733173370361,
            1.0751490592956543,
            0.2924099862575531,
            "H",
            NaN,
            NaN,
            false
        ],
        [
            7.8508758544921875,
            2.3897039890289307,
            1.1195629835128784,
            "C",
            NaN,
            NaN,
            false
        ],
        [
            9.264120101928711,
            2.8421549797058105,
            0.7825769782066345,
            "C",
            NaN,
            NaN,
            false
        ],
        [
            9.36109447479248,
            3.4471731185913086,
            -0.12812699377536774,
            "H",
            NaN,
            NaN,
            false
        ],
        [
            10.021449089050293,
            2.0479540824890137,
            0.7588509917259216,
            "H",
            NaN,
            NaN,
            false
        ],
        [
            9.225187301635742,
            3.678766965866089,
            2.1299679279327393,
            "C",
            NaN,
            NaN,
            false
        ],
        [
            9.301969528198242,
            4.765597820281982,
            1.9961600303649902,
            "H",
            NaN,
            NaN,
            false
        ],
        [
            9.95845890045166,
            3.364656925201416,
            2.8839499950408936,
            "H",
            NaN,
            NaN,
            false
        ],
        [
            7.815341949462891,
            3.1406381130218506,
            2.326404094696045,
            "C",
            NaN,
            NaN,
            false
        ],
        [
            6.603219032287598,
            2.934473991394043,
            2.9052929878234863,
            "C",
            NaN,
            NaN,
            false
        ],
        [
            6.084772109985352,
            3.2578330039978027,
            3.7988650798797607,
            "H",
            NaN,
            NaN,
            false
        ],
        [
            18.93399429321289,
            2.077202081680298,
            0.8067470192909241,
            "O",
            NaN,
            NaN,
            false
        ],
        [
            18.157421112060547,
            1.747413992881775,
            1.90277898311615,
            "C",
            NaN,
            NaN,
            false
        ],
        [
            18.629165649414062,
            1.0751490592956543,
            2.607985019683838,
            "H",
            NaN,
            NaN,
            false
        ],
        [
            16.966022491455078,
            2.3897039890289307,
            1.780832052230835,
            "C",
            NaN,
            NaN,
            false
        ],
        [
            15.552776336669922,
            2.8421549797058105,
            2.117816925048828,
            "C",
            NaN,
            NaN,
            false
        ],
        [
            15.455804824829102,
            3.4471731185913086,
            3.02852201461792,
            "H",
            NaN,
            NaN,
            false
        ],
        [
            14.795448303222656,
            2.0479540824890137,
            2.1415441036224365,
            "H",
            NaN,
            NaN,
            false
        ],
        [
            15.591711044311523,
            3.678766965866089,
            0.7704269886016846,
            "C",
            NaN,
            NaN,
            false
        ],
        [
            15.51492691040039,
            4.765597820281982,
            0.9042350053787231,
            "H",
            NaN,
            NaN,
            false
        ],
        [
            14.858440399169922,
            3.364656925201416,
            0.01644499972462654,
            "H",
            NaN,
            NaN,
            false
        ],
        [
            17.001556396484375,
            3.1406381130218506,
            0.5739910006523132,
            "C",
            NaN,
            NaN,
            false
        ],
        [
            18.213680267333984,
            2.934473991394043,
            -0.004898999817669392,
            "C",
            NaN,
            NaN,
            false
        ],
        [
            18.732126235961914,
            3.2578330039978027,
            -0.8984699845314026,
            "H",
            NaN,
            NaN,
            false
        ]
    ]
}