{
    "properties": {
        "lattice_vector_a": [
            4.635981,
            0.0,
            0.0
        ],
        "lattice_vector_b": [
            0.0,
            5.722012,
            0.0
        ],
        "lattice_vector_c": [
            -4.192634,
            0.0,
            11.120411
        ],
        "unit_cell_volume": 294.9926873752382,
        "cell_vol": 294.9926873752382,
        "spg": 7
    },
    "struct_id": "target1_2mpc_10f1035f5e",
    "input_ref": null,
    "geometry": [
        [
            2.730175018310547,
            4.955892086029053,
            6.073441028594971,
            "O",
            NaN,
            NaN,
            false
        ],
        [
            3.5437591075897217,
            3.8834640979766846,
            5.75548791885376,
            "C",
            NaN,
            NaN,
            false
        ],
        [
            4.172574996948242,
            3.53474497795105,
            6.564673900604248,
            "H",
            NaN,
            NaN,
            false
        ],
        [
            3.3142919540405273,
            3.5537049770355225,
            4.457242012023926,
            "C",
            NaN,
            NaN,
            false
        ],
        [
            3.4392731189727783,
            2.812077045440674,
            3.1344048976898193,
            "C",
            NaN,
            NaN,
            false
        ],
        [
            3.132107973098755,
            1.7584559917449951,
            3.153546094894409,
            "H",
            NaN,
            NaN,
            false
        ],
        [
            4.418362140655518,
            2.8835580348968506,
            2.6433451175689697,
            "H",
            NaN,
            NaN,
            false
        ],
        [
            2.342104911804199,
            3.8094940185546875,
            2.5702459812164307,
            "C",
            NaN,
            NaN,
            false
        ],
        [
            1.4035760164260864,
            3.3306970596313477,
            2.262157917022705,
            "H",
            NaN,
            NaN,
            false
        ],
        [
            2.6899569034576416,
            4.457876205444336,
            1.755728006362915,
            "H",
            NaN,
            NaN,
            false
        ],
        [
            2.329900026321411,
            4.446716785430908,
            3.952138900756836,
            "C",
            NaN,
            NaN,
            false
        ],
        [
            1.9876400232315063,
            5.295071125030518,
            4.957132816314697,
            "C",
            NaN,
            NaN,
            false
        ],
        [
            1.311745047569275,
            6.129053115844727,
            5.096631050109863,
            "H",
            NaN,
            NaN,
            false
        ],
        [
            0.6338580250740051,
            0.7661200165748596,
            11.633646965026855,
            "O",
            NaN,
            NaN,
            false
        ],
        [
            1.4474430084228516,
            1.838547945022583,
            11.315691947937012,
            "C",
            NaN,
            NaN,
            false
        ],
        [
            2.0762600898742676,
            2.1872670650482178,
            12.1248779296875,
            "H",
            NaN,
            NaN,
            false
        ],
        [
            1.2179759740829468,
            2.168307065963745,
            10.017447471618652,
            "C",
            NaN,
            NaN,
            false
        ],
        [
            1.3429570198059082,
            2.9099349975585938,
            8.694610595703125,
            "C",
            NaN,
            NaN,
            false
        ],
        [
            1.035791039466858,
            3.963555097579956,
            8.713751792907715,
            "H",
            NaN,
            NaN,
            false
        ],
        [
            2.322045087814331,
            2.8384530544281006,
            8.203550338745117,
            "H",
            NaN,
            NaN,
            false
        ],
        [
            0.24578799307346344,
            1.91251802444458,
            8.130451202392578,
            "C",
            NaN,
            NaN,
            false
        ],
        [
            -0.6927409768104553,
            2.39131498336792,
            7.82236385345459,
            "H",
            NaN,
            NaN,
            false
        ],
        [
            0.5936400294303894,
            1.2641359567642212,
            7.3159332275390625,
            "H",
            NaN,
            NaN,
            false
        ],
        [
            0.23358400166034698,
            1.2752939462661743,
            9.512344360351562,
            "C",
            NaN,
            NaN,
            false
        ],
        [
            -0.10867699980735779,
            0.42694100737571716,
            10.517337799072266,
            "C",
            NaN,
            NaN,
            false
        ],
        [
            -0.7845709919929504,
            -0.4070410132408142,
            10.656834602355957,
            "H",
            NaN,
            NaN,
            false
        ]
    ]
}