{
    "properties": {
        "lattice_vector_a": [
            4.665339,
            0.0,
            0.0
        ],
        "lattice_vector_b": [
            0.0,
            17.844095,
            0.0
        ],
        "lattice_vector_c": [
            3.431991,
            0.0,
            3.31839
        ],
        "unit_cell_volume": 276.25182722180045,
        "cell_vol": 276.25182722180045,
        "spg": 6
    },
    "struct_id": "target1_2mpc_21bcdc1c56",
    "input_ref": null,
    "geometry": [
        [
            1.8501980304718018,
            6.547872066497803,
            -0.4025129973888397,
            "O",
            NaN,
            NaN,
            false
        ],
        [
            0.6434310078620911,
            6.0461649894714355,
            -0.855413019657135,
            "C",
            NaN,
            NaN,
            false
        ],
        [
            0.06738600134849548,
            6.730134010314941,
            -1.4654580354690552,
            "H",
            NaN,
            NaN,
            false
        ],
        [
            0.5143479704856873,
            4.777377128601074,
            -0.385996013879776,
            "C",
            NaN,
            NaN,
            false
        ],
        [
            -0.10059700161218643,
            3.4075210094451904,
            -0.1392810046672821,
            "C",
            NaN,
            NaN,
            false
        ],
        [
            -0.22953200340270996,
            2.7808539867401123,
            -1.0311870574951172,
            "H",
            NaN,
            NaN,
            false
        ],
        [
            -1.039533019065857,
            3.4065868854522705,
            0.42928001284599304,
            "H",
            NaN,
            NaN,
            false
        ],
        [
            1.1923160552978516,
            3.076925039291382,
            0.7186089754104614,
            "C",
            NaN,
            NaN,
            false
        ],
        [
            1.8073060512542725,
            2.258419990539551,
            0.3225800096988678,
            "H",
            NaN,
            NaN,
            false
        ],
        [
            0.9986050128936768,
            2.8882110118865967,
            1.782423973083496,
            "H",
            NaN,
            NaN,
            false
        ],
        [
            1.6738040447235107,
            4.480649948120117,
            0.38162699341773987,
            "C",
            NaN,
            NaN,
            false
        ],
        [
            2.4762818813323975,
            5.577156066894531,
            0.357928991317749,
            "C",
            NaN,
            NaN,
            false
        ],
        [
            3.4365909099578857,
            5.867212772369385,
            0.7647340297698975,
            "H",
            NaN,
            NaN,
            false
        ],
        [
            1.8501980304718018,
            11.296222686767578,
            -0.4025129973888397,
            "O",
            NaN,
            NaN,
            false
        ],
        [
            0.6434310078620911,
            11.797930717468262,
            -0.855413019657135,
            "C",
            NaN,
            NaN,
            false
        ],
        [
            0.06738600134849548,
            11.113960266113281,
            -1.4654580354690552,
            "H",
            NaN,
            NaN,
            false
        ],
        [
            0.5143479704856873,
            13.066719055175781,
            -0.385996013879776,
            "C",
            NaN,
            NaN,
            false
        ],
        [
            -0.10059700161218643,
            14.43657398223877,
            -0.1392810046672821,
            "C",
            NaN,
            NaN,
            false
        ],
        [
            -0.22953200340270996,
            15.063241004943848,
            -1.0311870574951172,
            "H",
            NaN,
            NaN,
            false
        ],
        [
            -1.039533019065857,
            14.437507629394531,
            0.42928001284599304,
            "H",
            NaN,
            NaN,
            false
        ],
        [
            1.1923160552978516,
            14.767169952392578,
            0.7186089754104614,
            "C",
            NaN,
            NaN,
            false
        ],
        [
            1.8073060512542725,
            15.585676193237305,
            0.3225800096988678,
            "H",
            NaN,
            NaN,
            false
        ],
        [
            0.9986050128936768,
            14.955883979797363,
            1.782423973083496,
            "H",
            NaN,
            NaN,
            false
        ],
        [
            1.6738040447235107,
            13.363445281982422,
            0.38162699341773987,
            "C",
            NaN,
            NaN,
            false
        ],
        [
            2.4762818813323975,
            12.266939163208008,
            0.357928991317749,
            "C",
            NaN,
            NaN,
            false
        ],
        [
            3.4365909099578857,
            11.976881980895996,
            0.7647340297698975,
            "H",
            NaN,
            NaN,
            false
        ]
    ]
}