{
    "properties": {
        "lattice_vector_a": [
            8.392383,
            0.0,
            0.0
        ],
        "lattice_vector_b": [
            0.0,
            4.464989,
            0.0
        ],
        "lattice_vector_c": [
            -0.419047,
            0.0,
            5.193307
        ],
        "unit_cell_volume": 194.60306903785894,
        "cell_vol": 194.60306903785894,
        "spg": 4
    },
    "struct_id": "target1_2mpc_69af0b5251",
    "input_ref": null,
    "geometry": [
        [
            -0.25105100870132446,
            1.5968159437179565,
            3.335923910140991,
            "O",
            NaN,
            NaN,
            false
        ],
        [
            -0.3981339931488037,
            2.673676013946533,
            4.191407203674316,
            "C",
            NaN,
            NaN,
            false
        ],
        [
            -1.413841962814331,
            3.031804084777832,
            4.300401210784912,
            "H",
            NaN,
            NaN,
            false
        ],
        [
            0.8300210237503052,
            2.993911027908325,
            4.677126884460449,
            "C",
            NaN,
            NaN,
            false
        ],
        [
            1.8972630500793457,
            3.7313590049743652,
            5.472548961639404,
            "C",
            NaN,
            NaN,
            false
        ],
        [
            1.8034679889678955,
            3.6630020141601562,
            6.564043045043945,
            "H",
            NaN,
            NaN,
            false
        ],
        [
            2.048379898071289,
            4.78340482711792,
            5.198276996612549,
            "H",
            NaN,
            NaN,
            false
        ],
        [
            2.945154905319214,
            2.724808931350708,
            4.8356218338012695,
            "C",
            NaN,
            NaN,
            false
        ],
        [
            3.456916093826294,
            2.0779740810394287,
            5.559988021850586,
            "H",
            NaN,
            NaN,
            false
        ],
        [
            3.6986238956451416,
            3.1967239379882812,
            4.191866874694824,
            "H",
            NaN,
            NaN,
            false
        ],
        [
            1.7688939571380615,
            2.090833902359009,
            4.107394218444824,
            "C",
            NaN,
            NaN,
            false
        ],
        [
            1.0859190225601196,
            1.2460739612579346,
            3.2908248901367188,
            "C",
            NaN,
            NaN,
            false
        ],
        [
            1.3146530389785767,
            0.4075309932231903,
            2.645577907562256,
            "H",
            NaN,
            NaN,
            false
        ],
        [
            8.224387168884277,
            -0.6356790065765381,
            1.8573830127716064,
            "O",
            NaN,
            NaN,
            false
        ],
        [
            8.37147045135498,
            0.4411819875240326,
            1.0018999576568604,
            "C",
            NaN,
            NaN,
            false
        ],
        [
            9.387178421020508,
            0.7993090152740479,
            0.8929060101509094,
            "H",
            NaN,
            NaN,
            false
        ],
        [
            7.143314838409424,
            0.7614160180091858,
            0.5161799788475037,
            "C",
            NaN,
            NaN,
            false
        ],
        [
            6.076073169708252,
            1.498865008354187,
            -0.27924200892448425,
            "C",
            NaN,
            NaN,
            false
        ],
        [
            6.169867992401123,
            1.430506944656372,
            -1.370736002922058,
            "H",
            NaN,
            NaN,
            false
        ],
        [
            5.92495584487915,
            2.550909996032715,
            -0.00496899988502264,
            "H",
            NaN,
            NaN,
            false
        ],
        [
            5.028181076049805,
            0.49231401085853577,
            0.35768499970436096,
            "C",
            NaN,
            NaN,
            false
        ],
        [
            4.516418933868408,
            -0.15452100336551666,
            -0.3666819930076599,
            "H",
            NaN,
            NaN,
            false
        ],
        [
            4.274712085723877,
            0.9642289876937866,
            1.0014400482177734,
            "H",
            NaN,
            NaN,
            false
        ],
        [
            6.204442977905273,
            -0.14166100323200226,
            1.0859129428863525,
            "C",
            NaN,
            NaN,
            false
        ],
        [
            6.887416839599609,
            -0.9864209890365601,
            1.902482032775879,
            "C",
            NaN,
            NaN,
            false
        ],
        [
            6.658682823181152,
            -1.8249640464782715,
            2.547729015350342,
            "H",
            NaN,
            NaN,
            false
        ]
    ]
}