{
    "properties": {
        "lattice_vector_a": [
            6.7033,
            0.0,
            0.0
        ],
        "lattice_vector_b": [
            0.0,
            3.795614,
            0.0
        ],
        "lattice_vector_c": [
            11.810711,
            0.0,
            10.912432
        ],
        "unit_cell_volume": 277.6465277636833,
        "cell_vol": 277.6465277636833,
        "spg": 7
    },
    "struct_id": "target1_2mpc_9d02292ad4",
    "input_ref": null,
    "geometry": [
        [
            9.85405158996582,
            3.2417430877685547,
            4.645349979400635,
            "O",
            NaN,
            NaN,
            false
        ],
        [
            9.312812805175781,
            2.424506902694702,
            3.66949200630188,
            "C",
            NaN,
            NaN,
            false
        ],
        [
            9.791839599609375,
            2.494590997695923,
            2.701287031173706,
            "H",
            NaN,
            NaN,
            false
        ],
        [
            8.284915924072266,
            1.7313090562820435,
            4.226037979125977,
            "C",
            NaN,
            NaN,
            false
        ],
        [
            7.1178059577941895,
            0.7610679864883423,
            4.335660934448242,
            "C",
            NaN,
            NaN,
            false
        ],
        [
            7.368667125701904,
            -0.29716500639915466,
            4.187188148498535,
            "H",
            NaN,
            NaN,
            false
        ],
        [
            6.24199914932251,
            1.0040479898452759,
            3.7202060222625732,
            "H",
            NaN,
            NaN,
            false
        ],
        [
            7.002793788909912,
            1.2055480480194092,
            5.854248046875,
            "C",
            NaN,
            NaN,
            false
        ],
        [
            7.185080051422119,
            0.4032459855079651,
            6.580941200256348,
            "H",
            NaN,
            NaN,
            false
        ],
        [
            6.061530113220215,
            1.7073379755020142,
            6.113224029541016,
            "H",
            NaN,
            NaN,
            false
        ],
        [
            8.182855606079102,
            2.1286330223083496,
            5.587413787841797,
            "C",
            NaN,
            NaN,
            false
        ],
        [
            9.15157699584961,
            3.0525660514831543,
            5.821481227874756,
            "C",
            NaN,
            NaN,
            false
        ],
        [
            9.495209693908691,
            3.6483819484710693,
            6.657384872436523,
            "H",
            NaN,
            NaN,
            false
        ],
        [
            15.759407043457031,
            0.5538709759712219,
            10.101566314697266,
            "O",
            NaN,
            NaN,
            false
        ],
        [
            15.218170166015625,
            1.3711069822311401,
            9.125707626342773,
            "C",
            NaN,
            NaN,
            false
        ],
        [
            15.697195053100586,
            1.301023006439209,
            8.157502174377441,
            "H",
            NaN,
            NaN,
            false
        ],
        [
            14.19027328491211,
            2.064305067062378,
            9.68225383758545,
            "C",
            NaN,
            NaN,
            false
        ],
        [
            13.023160934448242,
            3.0345458984375,
            9.791876792907715,
            "C",
            NaN,
            NaN,
            false
        ],
        [
            13.274022102355957,
            4.092779159545898,
            9.643404006958008,
            "H",
            NaN,
            NaN,
            false
        ],
        [
            12.147356033325195,
            2.7915658950805664,
            9.176422119140625,
            "H",
            NaN,
            NaN,
            false
        ],
        [
            12.908150672912598,
            2.5900659561157227,
            11.310462951660156,
            "C",
            NaN,
            NaN,
            false
        ],
        [
            13.090433120727539,
            3.3923680782318115,
            12.03715705871582,
            "H",
            NaN,
            NaN,
            false
        ],
        [
            11.96688461303711,
            2.088275909423828,
            11.569438934326172,
            "H",
            NaN,
            NaN,
            false
        ],
        [
            14.088210105895996,
            1.6669809818267822,
            11.043628692626953,
            "C",
            NaN,
            NaN,
            false
        ],
        [
            15.05693244934082,
            0.7430480122566223,
            11.277695655822754,
            "C",
            NaN,
            NaN,
            false
        ],
        [
            15.400566101074219,
            0.14723199605941772,
            12.113600730895996,
            "H",
            NaN,
            NaN,
            false
        ]
    ]
}