{
    "properties": {
        "lattice_vector_a": [
            5.241052,
            0.0,
            0.0
        ],
        "lattice_vector_b": [
            0.0,
            15.788077,
            0.0
        ],
        "lattice_vector_c": [
            -2.374417,
            0.0,
            3.002271
        ],
        "unit_cell_volume": 248.42631407800346,
        "cell_vol": 248.42631407800346,
        "spg": 6,
        "molecule_harris_info": [
            [
                -173.73389111595586,
                -60.42647870595725,
                -157.80001485581604,
                1.5170341289423883,
                11.853910569180833,
                1.3656962886056367,
                false
            ],
            [
                178.83184571225044,
                -109.26207995138405,
                34.44369199992068,
                1.5170341289423883,
                3.9341633928583026,
                1.3656962886056367,
                false
            ]
        ],
        "harris_energy": -17710.617620256
    },
    "struct_id": "target1_2mpc_8e4e1a706c",
    "input_ref": null,
    "geometry": [
        [
            0.822953999042511,
            13.54941177368164,
            1.1430200338363647,
            "O",
            NaN,
            NaN,
            false
        ],
        [
            0.09036500006914139,
            12.376790046691895,
            1.1802510023117065,
            "C",
            NaN,
            NaN,
            false
        ],
        [
            -0.9784190058708191,
            12.505084037780762,
            1.0660640001296997,
            "H",
            NaN,
            NaN,
            false
        ],
        [
            0.9580140113830566,
            11.345969200134277,
            1.3575340509414673,
            "C",
            NaN,
            NaN,
            false
        ],
        [
            1.4534410238265991,
            9.918516159057617,
            1.537708044052124,
            "C",
            NaN,
            NaN,
            false
        ],
        [
            1.2869679927825928,
            9.250097274780273,
            0.6831120252609253,
            "H",
            NaN,
            NaN,
            false
        ],
        [
            1.1142020225524902,
            9.412360191345215,
            2.4507179260253906,
            "H",
            NaN,
            NaN,
            false
        ],
        [
            2.915503978729248,
            10.52829647064209,
            1.6239500045776367,
            "C",
            NaN,
            NaN,
            false
        ],
        [
            3.592310905456543,
            10.209699630737305,
            0.8205639719963074,
            "H",
            NaN,
            NaN,
            false
        ],
        [
            3.4177870750427246,
            10.375887870788574,
            2.5879650115966797,
            "H",
            NaN,
            NaN,
            false
        ],
        [
            2.2684619426727295,
            11.892419815063477,
            1.4333349466323853,
            "C",
            NaN,
            NaN,
            false
        ],
        [
            2.161820888519287,
            13.240644454956055,
            1.2999969720840454,
            "C",
            NaN,
            NaN,
            false
        ],
        [
            2.829732894897461,
            14.092411994934082,
            1.2858270406723022,
            "H",
            NaN,
            NaN,
            false
        ],
        [
            0.822953999042511,
            2.2386651039123535,
            1.1430200338363647,
            "O",
            NaN,
            NaN,
            false
        ],
        [
            0.09036500006914139,
            3.411288022994995,
            1.1802510023117065,
            "C",
            NaN,
            NaN,
            false
        ],
        [
            -0.9784190058708191,
            3.2829930782318115,
            1.0660640001296997,
            "H",
            NaN,
            NaN,
            false
        ],
        [
            0.9580140113830566,
            4.442109107971191,
            1.3575340509414673,
            "C",
            NaN,
            NaN,
            false
        ],
        [
            1.4534410238265991,
            5.869561195373535,
            1.537708044052124,
            "C",
            NaN,
            NaN,
            false
        ],
        [
            1.2869679927825928,
            6.537980079650879,
            0.6831120252609253,
            "H",
            NaN,
            NaN,
            false
        ],
        [
            1.1142020225524902,
            6.3757171630859375,
            2.4507179260253906,
            "H",
            NaN,
            NaN,
            false
        ],
        [
            2.915503978729248,
            5.2597808837890625,
            1.6239500045776367,
            "C",
            NaN,
            NaN,
            false
        ],
        [
            3.592310905456543,
            5.578378200531006,
            0.8205639719963074,
            "H",
            NaN,
            NaN,
            false
        ],
        [
            3.4177870750427246,
            5.41218900680542,
            2.5879650115966797,
            "H",
            NaN,
            NaN,
            false
        ],
        [
            2.2684619426727295,
            3.8956570625305176,
            1.4333349466323853,
            "C",
            NaN,
            NaN,
            false
        ],
        [
            2.161820888519287,
            2.547434091567993,
            1.2999969720840454,
            "C",
            NaN,
            NaN,
            false
        ],
        [
            2.829732894897461,
            1.6956650018692017,
            1.2858270406723022,
            "H",
            NaN,
            NaN,
            false
        ]
    ]
}