{
    "properties": {
        "lattice_vector_a": [
            6.432854,
            0.0,
            0.0
        ],
        "lattice_vector_b": [
            0.0,
            11.791523,
            0.0
        ],
        "lattice_vector_c": [
            -2.487427,
            0.0,
            3.080391
        ],
        "unit_cell_volume": 233.65734794170308,
        "cell_vol": 233.65734794170308,
        "spg": 6,
        "molecule_harris_info": [
            [
                9.827111243424241,
                -6.794634292193735,
                -19.224110512087368,
                5.3354390047966165,
                3.3553044745262635,
                0.1794443597739681,
                false
            ],
            [
                -137.13508395204175,
                -44.73006536134289,
                21.419775527030684,
                5.3354390047966165,
                8.436214752653813,
                0.1794443597739681,
                false
            ]
        ],
        "harris_energy": -17098.642375958
    },
    "struct_id": "target1_2mpc_0793fe93e4",
    "input_ref": null,
    "geometry": [
        [
            6.267108917236328,
            4.894175052642822,
            -0.2327670007944107,
            "O",
            NaN,
            NaN,
            false
        ],
        [
            5.402781009674072,
            4.223763942718506,
            -1.0792889595031738,
            "C",
            NaN,
            NaN,
            false
        ],
        [
            5.288500785827637,
            4.670547008514404,
            -2.0586369037628174,
            "H",
            NaN,
            NaN,
            false
        ],
        [
            4.918004989624023,
            3.142954111099243,
            -0.41319799423217773,
            "C",
            NaN,
            NaN,
            false
        ],
        [
            4.116491794586182,
            1.8768160343170166,
            -0.14861300587654114,
            "C",
            NaN,
            NaN,
            false
        ],
        [
            4.383792877197266,
            1.0112509727478027,
            -0.7684339880943298,
            "H",
            NaN,
            NaN,
            false
        ],
        [
            3.0254719257354736,
            1.9963860511779785,
            -0.16421300172805786,
            "H",
            NaN,
            NaN,
            false
        ],
        [
            4.760890007019043,
            1.874940037727356,
            1.301090955734253,
            "C",
            NaN,
            NaN,
            false
        ],
        [
            5.397659778594971,
            1.007411003112793,
            1.5176949501037598,
            "H",
            NaN,
            NaN,
            false
        ],
        [
            4.0412139892578125,
            1.9963029623031616,
            2.1209540367126465,
            "H",
            NaN,
            NaN,
            false
        ],
        [
            5.496716022491455,
            3.140526056289673,
            0.8855370283126831,
            "C",
            NaN,
            NaN,
            false
        ],
        [
            6.317659854888916,
            4.21994686126709,
            0.9736340045928955,
            "C",
            NaN,
            NaN,
            false
        ],
        [
            6.970280170440674,
            4.662726879119873,
            1.7151520252227783,
            "H",
            NaN,
            NaN,
            false
        ],
        [
            6.267108917236328,
            6.897347927093506,
            -0.2327670007944107,
            "O",
            NaN,
            NaN,
            false
        ],
        [
            5.402781009674072,
            7.567759037017822,
            -1.0792889595031738,
            "C",
            NaN,
            NaN,
            false
        ],
        [
            5.288500785827637,
            7.120975971221924,
            -2.0586369037628174,
            "H",
            NaN,
            NaN,
            false
        ],
        [
            4.918004989624023,
            8.648569107055664,
            -0.41319799423217773,
            "C",
            NaN,
            NaN,
            false
        ],
        [
            4.116491794586182,
            9.914706230163574,
            -0.14861300587654114,
            "C",
            NaN,
            NaN,
            false
        ],
        [
            4.383792877197266,
            10.780271530151367,
            -0.7684339880943298,
            "H",
            NaN,
            NaN,
            false
        ],
        [
            3.0254719257354736,
            9.795137405395508,
            -0.16421300172805786,
            "H",
            NaN,
            NaN,
            false
        ],
        [
            4.760890007019043,
            9.916583061218262,
            1.301090955734253,
            "C",
            NaN,
            NaN,
            false
        ],
        [
            5.397659778594971,
            10.784111976623535,
            1.5176949501037598,
            "H",
            NaN,
            NaN,
            false
        ],
        [
            4.0412139892578125,
            9.795219421386719,
            2.1209540367126465,
            "H",
            NaN,
            NaN,
            false
        ],
        [
            5.496716022491455,
            8.650996208190918,
            0.8855370283126831,
            "C",
            NaN,
            NaN,
            false
        ],
        [
            6.317659854888916,
            7.571576118469238,
            0.9736340045928955,
            "C",
            NaN,
            NaN,
            false
        ],
        [
            6.970280170440674,
            7.128796100616455,
            1.7151520252227783,
            "H",
            NaN,
            NaN,
            false
        ]
    ]
}