{
    "properties": {
        "lattice_vector_a": [
            9.495811,
            0.0,
            0.0
        ],
        "lattice_vector_b": [
            0.0,
            8.792534,
            0.0
        ],
        "lattice_vector_c": [
            4.858284,
            0.0,
            3.124204
        ],
        "unit_cell_volume": 260.8467935357104,
        "cell_vol": 260.8467935357104,
        "spg": 7,
        "molecule_harris_info": [
            [
                -122.12507015799572,
                -107.81518683383194,
                -95.9060131259658,
                7.249020485167807,
                2.041779637336731,
                0.5509967491268478,
                false
            ],
            [
                70.46727381132479,
                -127.42025349244983,
                -52.60311617991961,
                9.678162239967508,
                6.750750811810189,
                2.1130985968369753,
                false
            ]
        ],
        "harris_energy": -16790.16041519
    },
    "struct_id": "target1_2mpc_49032dbd90",
    "input_ref": null,
    "geometry": [
        [
            6.566891193389893,
            2.4235689640045166,
            2.222822904586792,
            "O",
            NaN,
            NaN,
            false
        ],
        [
            6.851271152496338,
            1.160014033317566,
            1.7373640537261963,
            "C",
            NaN,
            NaN,
            false
        ],
        [
            6.643125057220459,
            0.35129299759864807,
            2.426162004470825,
            "H",
            NaN,
            NaN,
            false
        ],
        [
            7.333871841430664,
            1.2951409816741943,
            0.4741640090942383,
            "C",
            NaN,
            NaN,
            false
        ],
        [
            7.8956379890441895,
            0.9005380272865295,
            -0.8838629722595215,
            "C",
            NaN,
            NaN,
            false
        ],
        [
            7.2269392013549805,
            0.3007430136203766,
            -1.514672040939331,
            "H",
            NaN,
            NaN,
            false
        ],
        [
            8.883620262145996,
            0.42260199785232544,
            -0.8657010197639465,
            "H",
            NaN,
            NaN,
            false
        ],
        [
            7.916258811950684,
            2.4488539695739746,
            -1.2290970087051392,
            "C",
            NaN,
            NaN,
            false
        ],
        [
            7.261344909667969,
            2.7411530017852783,
            -2.0601511001586914,
            "H",
            NaN,
            NaN,
            false
        ],
        [
            8.916736602783203,
            2.863801956176758,
            -1.407148003578186,
            "H",
            NaN,
            NaN,
            false
        ],
        [
            7.350931167602539,
            2.6826999187469482,
            0.16429799795150757,
            "C",
            NaN,
            NaN,
            false
        ],
        [
            6.87814998626709,
            3.35339093208313,
            1.2475839853286743,
            "C",
            NaN,
            NaN,
            false
        ],
        [
            6.692368984222412,
            4.3831048011779785,
            1.5250569581985474,
            "H",
            NaN,
            NaN,
            false
        ],
        [
            8.996031761169434,
            6.368965148925781,
            3.7849249839782715,
            "O",
            NaN,
            NaN,
            false
        ],
        [
            9.280411720275879,
            7.6325201988220215,
            3.2994658946990967,
            "C",
            NaN,
            NaN,
            false
        ],
        [
            9.072265625,
            8.441241264343262,
            3.988262891769409,
            "H",
            NaN,
            NaN,
            false
        ],
        [
            9.76301383972168,
            7.4973931312561035,
            2.0362660884857178,
            "C",
            NaN,
            NaN,
            false
        ],
        [
            10.324780464172363,
            7.891995906829834,
            0.6782389879226685,
            "C",
            NaN,
            NaN,
            false
        ],
        [
            9.656079292297363,
            8.491790771484375,
            0.04743000119924545,
            "H",
            NaN,
            NaN,
            false
        ],
        [
            11.312762260437012,
            8.3699312210083,
            0.696399986743927,
            "H",
            NaN,
            NaN,
            false
        ],
        [
            10.345402717590332,
            6.343679904937744,
            0.3330039978027344,
            "C",
            NaN,
            NaN,
            false
        ],
        [
            9.690486907958984,
            6.0513811111450195,
            -0.4980489909648895,
            "H",
            NaN,
            NaN,
            false
        ],
        [
            11.345881462097168,
            5.928731918334961,
            0.1549540013074875,
            "H",
            NaN,
            NaN,
            false
        ],
        [
            9.780073165893555,
            6.10983419418335,
            1.7264000177383423,
            "C",
            NaN,
            NaN,
            false
        ],
        [
            9.307291030883789,
            5.439143180847168,
            2.8096859455108643,
            "C",
            NaN,
            NaN,
            false
        ],
        [
            9.121511459350586,
            4.40942907333374,
            3.0871589183807373,
            "H",
            NaN,
            NaN,
            false
        ]
    ]
}