{
    "properties": {
        "lattice_vector_a": [
            8.983994,
            0.0,
            0.0
        ],
        "lattice_vector_b": [
            0.0,
            6.013803,
            0.0
        ],
        "lattice_vector_c": [
            -4.932339,
            0.0,
            5.689713
        ],
        "unit_cell_volume": 307.40364366623595,
        "cell_vol": 307.40364366623595,
        "spg": 7,
        "molecule_harris_info": [
            [
                119.53032695456854,
                -9.71614719170891,
                -124.05600440118376,
                1.9400495192471972,
                4.7564285270711215,
                0.913833782354251,
                false
            ],
            [
                -143.75914531802368,
                -57.83772079913979,
                23.31490273668954,
                -0.5261200942951155,
                1.257371635473472,
                3.7586903836419605,
                false
            ]
        ],
        "harris_energy": -16774.263484603
    },
    "struct_id": "target1_2mpc_42c4bebfb9",
    "input_ref": null,
    "geometry": [
        [
            2.644057035446167,
            6.422211170196533,
            0.5455999970436096,
            "O",
            NaN,
            NaN,
            false
        ],
        [
            1.687466025352478,
            5.766586780548096,
            -0.2081959992647171,
            "C",
            NaN,
            NaN,
            false
        ],
        [
            1.3467129468917847,
            6.3088531494140625,
            -1.0809119939804077,
            "H",
            NaN,
            NaN,
            false
        ],
        [
            1.4328149557113647,
            4.571063995361328,
            0.3857010006904602,
            "C",
            NaN,
            NaN,
            false
        ],
        [
            0.8047419786453247,
            3.2054269313812256,
            0.6225379705429077,
            "C",
            NaN,
            NaN,
            false
        ],
        [
            1.01431405544281,
            2.450232982635498,
            -0.14596299827098846,
            "H",
            NaN,
            NaN,
            false
        ],
        [
            -0.274044007062912,
            3.2102599143981934,
            0.8251699805259705,
            "H",
            NaN,
            NaN,
            false
        ],
        [
            1.7198450565338135,
            3.104219913482666,
            1.9145289659500122,
            "C",
            NaN,
            NaN,
            false
        ],
        [
            2.455198049545288,
            2.2895169258117676,
            1.8917709589004517,
            "H",
            NaN,
            NaN,
            false
        ],
        [
            1.1681740283966064,
            3.05356502532959,
            2.862122058868408,
            "H",
            NaN,
            NaN,
            false
        ],
        [
            2.2540690898895264,
            4.4798078536987305,
            1.5427839756011963,
            "C",
            NaN,
            NaN,
            false
        ],
        [
            2.9857289791107178,
            5.622368812561035,
            1.6208000183105469,
            "C",
            NaN,
            NaN,
            false
        ],
        [
            3.733314037322998,
            6.042953014373779,
            2.2811360359191895,
            "H",
            NaN,
            NaN,
            false
        ],
        [
            0.1778869926929474,
            -0.4084070026874542,
            3.390455961227417,
            "O",
            NaN,
            NaN,
            false
        ],
        [
            -0.778702974319458,
            0.24721600115299225,
            2.6366610527038574,
            "C",
            NaN,
            NaN,
            false
        ],
        [
            -1.1194570064544678,
            -0.2950490117073059,
            1.7639449834823608,
            "H",
            NaN,
            NaN,
            false
        ],
        [
            -1.0333549976348877,
            1.4427399635314941,
            3.2305569648742676,
            "C",
            NaN,
            NaN,
            false
        ],
        [
            -1.6614270210266113,
            2.8083770275115967,
            3.4673941135406494,
            "C",
            NaN,
            NaN,
            false
        ],
        [
            -1.451856017112732,
            3.563570022583008,
            2.6988940238952637,
            "H",
            NaN,
            NaN,
            false
        ],
        [
            -2.7402141094207764,
            2.8035430908203125,
            3.670027017593384,
            "H",
            NaN,
            NaN,
            false
        ],
        [
            -0.7463250160217285,
            2.9095840454101562,
            4.75938606262207,
            "C",
            NaN,
            NaN,
            false
        ],
        [
            -0.01097199972718954,
            3.7242860794067383,
            4.736627101898193,
            "H",
            NaN,
            NaN,
            false
        ],
        [
            -1.2979949712753296,
            2.960237979888916,
            5.706977844238281,
            "H",
            NaN,
            NaN,
            false
        ],
        [
            -0.21209999918937683,
            1.5339959859848022,
            4.387640953063965,
            "C",
            NaN,
            NaN,
            false
        ],
        [
            0.5195590257644653,
            0.39143499732017517,
            4.4656572341918945,
            "C",
            NaN,
            NaN,
            false
        ],
        [
            1.267145037651062,
            -0.029148999601602554,
            5.125992774963379,
            "H",
            NaN,
            NaN,
            false
        ]
    ]
}