{
    "properties": {
        "lattice_vector_a": [
            7.042673,
            0.0,
            0.0
        ],
        "lattice_vector_b": [
            0.0,
            14.056894,
            0.0
        ],
        "lattice_vector_c": [
            2.383243,
            0.0,
            2.638656
        ],
        "unit_cell_volume": 261.2219512344939,
        "cell_vol": 261.2219512344939,
        "spg": 6,
        "molecule_harris_info": [
            [
                26.974247788891656,
                -66.00557482893956,
                -36.205644953267516,
                7.560163934180077,
                3.5796419978141785,
                1.9323475645815438,
                false
            ],
            [
                -82.61110512396098,
                -55.909186768643735,
                -57.804675154949656,
                7.560163934180077,
                10.477248507611295,
                1.9323475645815438,
                false
            ]
        ],
        "harris_energy": -17396.118042215
    },
    "struct_id": "target1_2mpc_864633633f",
    "input_ref": null,
    "geometry": [
        [
            8.100311279296875,
            4.942895889282227,
            3.052992105484009,
            "O",
            NaN,
            NaN,
            false
        ],
        [
            8.352352142333984,
            4.867785930633545,
            1.695072054862976,
            "C",
            NaN,
            NaN,
            false
        ],
        [
            8.917054176330566,
            5.698355197906494,
            1.291260004043579,
            "H",
            NaN,
            NaN,
            false
        ],
        [
            7.794949054718018,
            3.719672918319702,
            1.2281910181045532,
            "C",
            NaN,
            NaN,
            false
        ],
        [
            7.384933948516846,
            2.6360421180725098,
            0.24170100688934326,
            "C",
            NaN,
            NaN,
            false
        ],
        [
            8.211743354797363,
            2.079045057296753,
            -0.21761499345302582,
            "H",
            NaN,
            NaN,
            false
        ],
        [
            6.693668842315674,
            2.9542670249938965,
            -0.5493419766426086,
            "H",
            NaN,
            NaN,
            false
        ],
        [
            6.694759845733643,
            1.9020379781723022,
            1.4671789407730103,
            "C",
            NaN,
            NaN,
            false
        ],
        [
            7.122125148773193,
            0.9212030172348022,
            1.7127909660339355,
            "H",
            NaN,
            NaN,
            false
        ],
        [
            5.605085849761963,
            1.7998119592666626,
            1.3835170269012451,
            "H",
            NaN,
            NaN,
            false
        ],
        [
            7.17769718170166,
            3.0611770153045654,
            2.326831102371216,
            "C",
            NaN,
            NaN,
            false
        ],
        [
            7.376716136932373,
            3.8268909454345703,
            3.4317879676818848,
            "C",
            NaN,
            NaN,
            false
        ],
        [
            7.123772144317627,
            3.7842180728912354,
            4.483460903167725,
            "H",
            NaN,
            NaN,
            false
        ],
        [
            8.100311279296875,
            9.113997459411621,
            3.052992105484009,
            "O",
            NaN,
            NaN,
            false
        ],
        [
            8.352352142333984,
            9.189107894897461,
            1.695072054862976,
            "C",
            NaN,
            NaN,
            false
        ],
        [
            8.917054176330566,
            8.358538627624512,
            1.291260004043579,
            "H",
            NaN,
            NaN,
            false
        ],
        [
            7.794949054718018,
            10.337221145629883,
            1.2281910181045532,
            "C",
            NaN,
            NaN,
            false
        ],
        [
            7.384933948516846,
            11.420851707458496,
            0.24170100688934326,
            "C",
            NaN,
            NaN,
            false
        ],
        [
            8.211743354797363,
            11.977849960327148,
            -0.21761499345302582,
            "H",
            NaN,
            NaN,
            false
        ],
        [
            6.693668842315674,
            11.10262680053711,
            -0.5493419766426086,
            "H",
            NaN,
            NaN,
            false
        ],
        [
            6.694759845733643,
            12.15485668182373,
            1.4671789407730103,
            "C",
            NaN,
            NaN,
            false
        ],
        [
            7.122125148773193,
            13.135690689086914,
            1.7127909660339355,
            "H",
            NaN,
            NaN,
            false
        ],
        [
            5.605085849761963,
            12.257081985473633,
            1.3835170269012451,
            "H",
            NaN,
            NaN,
            false
        ],
        [
            7.17769718170166,
            10.995718002319336,
            2.326831102371216,
            "C",
            NaN,
            NaN,
            false
        ],
        [
            7.376716136932373,
            10.230003356933594,
            3.4317879676818848,
            "C",
            NaN,
            NaN,
            false
        ],
        [
            7.123772144317627,
            10.272676467895508,
            4.483460903167725,
            "H",
            NaN,
            NaN,
            false
        ]
    ]
}