{
    "properties": {
        "Z": 2,
        "number_of_atoms_in_molecule": 12,
        "unit_cell_volume": 245.725128,
        "attempted_spg": 4,
        "attempted_wyckoff_position": "2a",
        "site_symmetry_group": "1",
        "spg": 4,
        "lattice_vector_a": [
            4.555921118599948,
            -2.465190328815662e-32,
            -4.440892098500626e-16
        ],
        "lattice_vector_b": [
            3.0039961413217006e-16,
            4.905898,
            0.0
        ],
        "lattice_vector_c": [
            -0.18362876016520868,
            6.845248560148453e-16,
            10.99397706836508
        ],
        "cell_vol": 245.7251094947273,
        "a": 4.555921118599948,
        "b": 4.905898,
        "c": 10.99551050662483,
        "alpha": 90,
        "beta": 90.95690346258638,
        "gamma": 90,
        "rdf": [
            "38.8202",
            "63.038834",
            "105.64803",
            "182.30812",
            "263.3022",
            "300.49954",
            "280.13925",
            "204.32549",
            "122.34444",
            "68.17355",
            "34.179745",
            "27.52198",
            "66.979095",
            "139.10843",
            "210.71004",
            "243.54524",
            "253.45326",
            "245.81648",
            "201.6645",
            "136.10587",
            "78.45831",
            "37.096558",
            "27.521984",
            "66.979095",
            "139.10843",
            "210.71002",
            "243.54524",
            "253.45323",
            "245.81648",
            "201.66454",
            "136.10587",
            "78.458305",
            "37.096558",
            "23.154303",
            "64.21086",
            "130.25674",
            "194.85846",
            "238.57022",
            "247.90137",
            "237.79893",
            "195.09749",
            "136.27867",
            "80.207466",
            "36.908314"
        ],
        "file_path": "benzene_2mpc_0_he_rdf/geometry_a620de9848.json",
        "replica": "init_pool",
        "AP_cluster": 3
    },
    "struct_id": "geometry_a620de9848",
    "input_ref": null,
    "geometry": [
        [
            1.493080496788025,
            3.712088108062744,
            1.732469916343689,
            "C",
            NaN,
            NaN,
            false
        ],
        [
            0.41128912568092346,
            4.545422077178955,
            2.0349535942077637,
            "C",
            NaN,
            NaN,
            false
        ],
        [
            -0.20482075214385986,
            4.464379787445068,
            3.287907361984253,
            "C",
            NaN,
            NaN,
            false
        ],
        [
            0.26089945435523987,
            3.5500099658966064,
            4.238300800323486,
            "C",
            NaN,
            NaN,
            false
        ],
        [
            1.342691421508789,
            2.7166759967803955,
            3.9358177185058594,
            "C",
            NaN,
            NaN,
            false
        ],
        [
            1.9588006734848022,
            2.797718048095703,
            2.682863235473633,
            "C",
            NaN,
            NaN,
            false
        ],
        [
            1.9738705158233643,
            3.775330066680908,
            0.7547104954719543,
            "H",
            NaN,
            NaN,
            false
        ],
        [
            0.048026248812675476,
            5.258865833282471,
            1.2931889295578003,
            "H",
            NaN,
            NaN,
            false
        ],
        [
            -1.04899263381958,
            5.11456823348999,
            3.5241446495056152,
            "H",
            NaN,
            NaN,
            false
        ],
        [
            -0.21989066898822784,
            3.4867680072784424,
            5.216061592102051,
            "H",
            NaN,
            NaN,
            false
        ],
        [
            1.7059544324874878,
            2.003232002258301,
            4.677580833435059,
            "H",
            NaN,
            NaN,
            false
        ],
        [
            2.8029732704162598,
            2.1475300788879395,
            2.446625232696533,
            "H",
            NaN,
            NaN,
            false
        ],
        [
            2.8792128562927246,
            1.2591379880905151,
            9.261505126953125,
            "C",
            NaN,
            NaN,
            false
        ],
        [
            3.9610040187835693,
            2.0924720764160156,
            8.959022521972656,
            "C",
            NaN,
            NaN,
            false
        ],
        [
            4.577114105224609,
            2.0114309787750244,
            7.706068992614746,
            "C",
            NaN,
            NaN,
            false
        ],
        [
            4.111392498016357,
            1.097061038017273,
            6.755675792694092,
            "C",
            NaN,
            NaN,
            false
        ],
        [
            3.029601812362671,
            0.26372700929641724,
            7.058158874511719,
            "C",
            NaN,
            NaN,
            false
        ],
        [
            2.4134910106658936,
            0.3447690010070801,
            8.311113357543945,
            "C",
            NaN,
            NaN,
            false
        ],
        [
            2.3984220027923584,
            1.3223810195922852,
            10.239266395568848,
            "H",
            NaN,
            NaN,
            false
        ],
        [
            4.32426643371582,
            2.8059170246124268,
            9.700786590576172,
            "H",
            NaN,
            NaN,
            false
        ],
        [
            5.421285152435303,
            2.661618947982788,
            7.4698309898376465,
            "H",
            NaN,
            NaN,
            false
        ],
        [
            4.592183589935303,
            1.0338189601898193,
            5.777915000915527,
            "H",
            NaN,
            NaN,
            false
        ],
        [
            2.6663386821746826,
            -0.4497169852256775,
            6.316395282745361,
            "H",
            NaN,
            NaN,
            false
        ],
        [
            1.5693199634552002,
            -0.305418998003006,
            8.54734992980957,
            "H",
            NaN,
            NaN,
            false
        ]
    ]
}