{
    "properties": {
        "Z": 2,
        "number_of_atoms_in_molecule": 12,
        "unit_cell_volume": 230.495804,
        "attempted_spg": 55,
        "attempted_wyckoff_position": "2d",
        "site_symmetry_group": "2/m",
        "spg": 55,
        "lattice_vector_a": [
            2.970886,
            0.0,
            0.0
        ],
        "lattice_vector_b": [
            4.07240923739123e-16,
            6.650749,
            0.0
        ],
        "lattice_vector_c": [
            7.143111277539087e-16,
            7.143111277539087e-16,
            11.665586
        ],
        "cell_vol": 230.49584694662425,
        "a": 2.970886,
        "b": 6.650749,
        "c": 11.665586,
        "alpha": 90,
        "beta": 90,
        "gamma": 90,
        "rdf": [
            "42.44385",
            "82.455215",
            "138.84555",
            "173.3122",
            "195.77676",
            "243.24152",
            "268.26532",
            "217.87332",
            "129.94394",
            "62.50862",
            "24.744595",
            "26.758684",
            "65.28814",
            "143.77457",
            "230.84846",
            "262.32153",
            "244.78287",
            "206.93187",
            "161.3982",
            "119.734634",
            "73.92043",
            "35.401356",
            "26.75868",
            "65.28814",
            "143.77457",
            "230.84846",
            "262.32156",
            "244.7829",
            "206.93187",
            "161.39818",
            "119.73465",
            "73.92044",
            "35.40136",
            "25.125372",
            "69.48693",
            "143.52122",
            "211.89096",
            "243.31557",
            "241.12834",
            "220.10687",
            "172.0364",
            "112.91101",
            "68.20849",
            "32.320362"
        ],
        "file_path": "benzene_2mpc_0_he_rdf/geometry_57bb244744.json",
        "replica": "init_pool",
        "AP_cluster": 3
    },
    "struct_id": "geometry_57bb244744",
    "input_ref": null,
    "geometry": [
        [
            1.4854429960250854,
            -1.282047986984253,
            5.27396821975708,
            "C",
            NaN,
            NaN,
            false
        ],
        [
            1.4854429960250854,
            -1.1250519752502441,
            6.663776874542236,
            "C",
            NaN,
            NaN,
            false
        ],
        [
            1.4854429960250854,
            0.15703600645065308,
            7.222620010375977,
            "C",
            NaN,
            NaN,
            false
        ],
        [
            1.4854429960250854,
            1.282047986984253,
            6.3916192054748535,
            "C",
            NaN,
            NaN,
            false
        ],
        [
            1.4854429960250854,
            1.1250519752502441,
            5.001810073852539,
            "C",
            NaN,
            NaN,
            false
        ],
        [
            1.4854429960250854,
            -0.15703600645065308,
            4.442967891693115,
            "C",
            NaN,
            NaN,
            false
        ],
        [
            1.4854429960250854,
            -2.2825419902801514,
            4.8378682136535645,
            "H",
            NaN,
            NaN,
            false
        ],
        [
            1.4854429960250854,
            -2.0030651092529297,
            7.312058925628662,
            "H",
            NaN,
            NaN,
            false
        ],
        [
            1.4854429960250854,
            0.27976199984550476,
            8.307107925415039,
            "H",
            NaN,
            NaN,
            false
        ],
        [
            1.4854429960250854,
            2.2825419902801514,
            6.827719211578369,
            "H",
            NaN,
            NaN,
            false
        ],
        [
            1.4854429960250854,
            2.003066062927246,
            4.353528022766113,
            "H",
            NaN,
            NaN,
            false
        ],
        [
            1.4854429960250854,
            -0.27976199984550476,
            3.3584790229797363,
            "H",
            NaN,
            NaN,
            false
        ],
        [
            1.4854429960250854,
            2.043325901031494,
            0.5588250160217285,
            "C",
            NaN,
            NaN,
            false
        ],
        [
            1.4854429960250854,
            2.200321912765503,
            -0.8309850096702576,
            "C",
            NaN,
            NaN,
            false
        ],
        [
            1.4854429960250854,
            3.482409954071045,
            -1.3898260593414307,
            "C",
            NaN,
            NaN,
            false
        ],
        [
            1.4854429960250854,
            4.607421875,
            -0.5588250160217285,
            "C",
            NaN,
            NaN,
            false
        ],
        [
            1.4854429960250854,
            4.450427055358887,
            0.8309829831123352,
            "C",
            NaN,
            NaN,
            false
        ],
        [
            1.4854429960250854,
            3.1683380603790283,
            1.3898249864578247,
            "C",
            NaN,
            NaN,
            false
        ],
        [
            1.4854429960250854,
            1.0428320169448853,
            0.994924008846283,
            "H",
            NaN,
            NaN,
            false
        ],
        [
            1.4854429960250854,
            1.3223090171813965,
            -1.4792660474777222,
            "H",
            NaN,
            NaN,
            false
        ],
        [
            1.4854429960250854,
            3.605135917663574,
            -2.474315881729126,
            "H",
            NaN,
            NaN,
            false
        ],
        [
            1.4854429960250854,
            5.607915878295898,
            -0.9949259757995605,
            "H",
            NaN,
            NaN,
            false
        ],
        [
            1.4854429960250854,
            5.328440189361572,
            1.4792649745941162,
            "H",
            NaN,
            NaN,
            false
        ],
        [
            1.4854429960250854,
            3.045612096786499,
            2.4743130207061768,
            "H",
            NaN,
            NaN,
            false
        ]
    ]
}