{
    "properties": {
        "Z": 2,
        "number_of_atoms_in_molecule": 12,
        "unit_cell_volume": 210.286835,
        "attempted_spg": 185,
        "attempted_wyckoff_position": "2a",
        "site_symmetry_group": "3m",
        "spg": 191,
        "lattice_vector_a": [
            5.91119,
            0.0,
            0.0
        ],
        "lattice_vector_b": [
            3.9244982339604115e-16,
            6.409191999999999,
            0.0
        ],
        "lattice_vector_c": [
            3.9244981863766456e-16,
            -3.204595999999999,
            5.550523
        ],
        "cell_vol": 210.2868460572813,
        "a": 5.91119,
        "b": 6.409192,
        "c": 6.409191922289814,
        "alpha": 120.00000040108525,
        "beta": 90,
        "gamma": 90,
        "rdf": [
            "42.760754",
            "84.91983",
            "149.2406",
            "200.70639",
            "256.8255",
            "353.25903",
            "398.07193",
            "339.1945",
            "238.55038",
            "134.1444",
            "55.735172",
            "28.026234",
            "72.32323",
            "161.24449",
            "257.1114",
            "305.61798",
            "335.7319",
            "342.581",
            "292.34445",
            "213.23773",
            "129.55751",
            "60.708553",
            "28.026232",
            "72.32323",
            "161.24446",
            "257.11142",
            "305.61792",
            "335.73187",
            "342.581",
            "292.34445",
            "213.23773",
            "129.5575",
            "60.70856",
            "29.981598",
            "78.32581",
            "155.89156",
            "230.37183",
            "282.6522",
            "334.13297",
            "351.50372",
            "284.49655",
            "194.78339",
            "118.413574",
            "54.58921"
        ],
        "file_path": "benzene_2mpc_0_he_rdf/geometry_43bd40013f.json",
        "replica": "init_pool",
        "AP_cluster": 7
    },
    "struct_id": "geometry_43bd40013f",
    "input_ref": null,
    "geometry": [
        [
            2.8919448852539062,
            1.2112469673156738,
            0.6993139982223511,
            "C",
            NaN,
            NaN,
            false
        ],
        [
            2.8919448852539062,
            1.2112469673156738,
            -0.6993139982223511,
            "C",
            NaN,
            NaN,
            false
        ],
        [
            2.8919448852539062,
            0.0,
            -1.3986279964447021,
            "C",
            NaN,
            NaN,
            false
        ],
        [
            2.8919448852539062,
            -1.2112469673156738,
            -0.6993139982223511,
            "C",
            NaN,
            NaN,
            false
        ],
        [
            2.8919448852539062,
            -1.2112469673156738,
            0.6993139982223511,
            "C",
            NaN,
            NaN,
            false
        ],
        [
            2.8919448852539062,
            0.0,
            1.3986279964447021,
            "C",
            NaN,
            NaN,
            false
        ],
        [
            2.8919448852539062,
            2.156435966491699,
            1.2450189590454102,
            "H",
            NaN,
            NaN,
            false
        ],
        [
            2.8919448852539062,
            2.156435966491699,
            -1.2450189590454102,
            "H",
            NaN,
            NaN,
            false
        ],
        [
            2.8919448852539062,
            0.0,
            -2.4900379180908203,
            "H",
            NaN,
            NaN,
            false
        ],
        [
            2.8919448852539062,
            -2.156435966491699,
            -1.2450189590454102,
            "H",
            NaN,
            NaN,
            false
        ],
        [
            2.8919448852539062,
            -2.156435966491699,
            1.2450189590454102,
            "H",
            NaN,
            NaN,
            false
        ],
        [
            2.8919448852539062,
            9.999999974752427e-07,
            2.4900379180908203,
            "H",
            NaN,
            NaN,
            false
        ],
        [
            5.847538948059082,
            -9.999999974752427e-07,
            1.3986279964447021,
            "C",
            NaN,
            NaN,
            false
        ],
        [
            5.847538948059082,
            1.2112469673156738,
            0.6993129849433899,
            "C",
            NaN,
            NaN,
            false
        ],
        [
            5.847538948059082,
            1.2112469673156738,
            -0.6993139982223511,
            "C",
            NaN,
            NaN,
            false
        ],
        [
            5.847538948059082,
            0.0,
            -1.3986279964447021,
            "C",
            NaN,
            NaN,
            false
        ],
        [
            5.847538948059082,
            -1.2112480401992798,
            -0.6993139982223511,
            "C",
            NaN,
            NaN,
            false
        ],
        [
            5.847538948059082,
            -1.2112469673156738,
            0.6993129849433899,
            "C",
            NaN,
            NaN,
            false
        ],
        [
            5.847538948059082,
            0.0,
            2.4900379180908203,
            "H",
            NaN,
            NaN,
            false
        ],
        [
            5.847538948059082,
            2.156435966491699,
            1.2450189590454102,
            "H",
            NaN,
            NaN,
            false
        ],
        [
            5.847538948059082,
            2.156435966491699,
            -1.2450189590454102,
            "H",
            NaN,
            NaN,
            false
        ],
        [
            5.847538948059082,
            -9.999999974752427e-07,
            -2.4900379180908203,
            "H",
            NaN,
            NaN,
            false
        ],
        [
            5.847538948059082,
            -2.1564369201660156,
            -1.2450189590454102,
            "H",
            NaN,
            NaN,
            false
        ],
        [
            5.847538948059082,
            -2.1564369201660156,
            1.2450189590454102,
            "H",
            NaN,
            NaN,
            false
        ]
    ]
}