{
    "properties": {
        "Z": 2,
        "number_of_atoms_in_molecule": 12,
        "unit_cell_volume": 244.795929,
        "attempted_spg": 53,
        "attempted_wyckoff_position": "2b",
        "site_symmetry_group": "2/m",
        "spg": 53,
        "lattice_vector_a": [
            3.692154,
            0.0,
            0.0
        ],
        "lattice_vector_b": [
            3.224465018308402e-16,
            5.265951,
            0.0
        ],
        "lattice_vector_c": [
            7.709540425991318e-16,
            7.709540425991316e-16,
            12.590635
        ],
        "cell_vol": 244.79596490583668,
        "a": 3.692154,
        "b": 5.265951,
        "c": 12.590635,
        "alpha": 90,
        "beta": 90,
        "gamma": 90,
        "rdf": [
            "39.933132",
            "70.345184",
            "120.63796",
            "177.41728",
            "227.45268",
            "276.24988",
            "281.77835",
            "216.54364",
            "128.66785",
            "63.05158",
            "25.611708",
            "26.84929",
            "65.22547",
            "139.0553",
            "211.49994",
            "244.63423",
            "260.20435",
            "242.69072",
            "186.40497",
            "122.3425",
            "67.729385",
            "30.672647",
            "26.849293",
            "65.22547",
            "139.05531",
            "211.49994",
            "244.63426",
            "260.20438",
            "242.6907",
            "186.40498",
            "122.3425",
            "67.729385",
            "30.672646",
            "22.511862",
            "62.939987",
            "134.26784",
            "199.3317",
            "239.34068",
            "247.06218",
            "232.89418",
            "185.84454",
            "119.26027",
            "68.73636",
            "32.054882"
        ],
        "file_path": "benzene_2mpc_0_he_rdf/geometry_d4f46fb30f.json",
        "replica": "init_pool",
        "AP_cluster": 2
    },
    "struct_id": "geometry_d4f46fb30f",
    "input_ref": null,
    "geometry": [
        [
            0.6868270039558411,
            -0.9976580142974854,
            6.994639873504639,
            "C",
            NaN,
            NaN,
            false
        ],
        [
            4.711206252353483e-16,
            -1.9999999949504854e-06,
            7.693985939025879,
            "C",
            NaN,
            NaN,
            false
        ],
        [
            -0.6868270039558411,
            0.9976540207862854,
            6.994639873504639,
            "C",
            NaN,
            NaN,
            false
        ],
        [
            -0.6868270039558411,
            0.9976549744606018,
            5.595992088317871,
            "C",
            NaN,
            NaN,
            false
        ],
        [
            2.9983304030643245e-16,
            -1.9999999949504854e-06,
            4.896646976470947,
            "C",
            NaN,
            NaN,
            false
        ],
        [
            0.6868270039558411,
            -0.9976580142974854,
            5.595992088317871,
            "C",
            NaN,
            NaN,
            false
        ],
        [
            1.2228230237960815,
            -1.7762219905853271,
            7.540278911590576,
            "H",
            NaN,
            NaN,
            false
        ],
        [
            5.379502542242917e-16,
            -1.9999999949504854e-06,
            8.785395622253418,
            "H",
            NaN,
            NaN,
            false
        ],
        [
            -1.2228230237960815,
            1.7762190103530884,
            7.54027795791626,
            "H",
            NaN,
            NaN,
            false
        ],
        [
            -1.2228230237960815,
            1.7762190103530884,
            5.05035400390625,
            "H",
            NaN,
            NaN,
            false
        ],
        [
            2.3300343778726864e-16,
            -1.9999999949504854e-06,
            3.805237054824829,
            "H",
            NaN,
            NaN,
            false
        ],
        [
            1.2228230237960815,
            -1.7762229442596436,
            5.05035400390625,
            "H",
            NaN,
            NaN,
            false
        ],
        [
            -0.6868280172348022,
            1.6353189945220947,
            -0.6993229985237122,
            "C",
            NaN,
            NaN,
            false
        ],
        [
            -9.999999974752427e-07,
            2.6329751014709473,
            -1.3986680507659912,
            "C",
            NaN,
            NaN,
            false
        ],
        [
            0.6868270039558411,
            3.6306300163269043,
            -0.6993229985237122,
            "C",
            NaN,
            NaN,
            false
        ],
        [
            0.6868270039558411,
            3.6306300163269043,
            0.6993250250816345,
            "C",
            NaN,
            NaN,
            false
        ],
        [
            -9.999999974752427e-07,
            2.6329751014709473,
            1.398669958114624,
            "C",
            NaN,
            NaN,
            false
        ],
        [
            -0.6868280172348022,
            1.6353189945220947,
            0.6993250250816345,
            "C",
            NaN,
            NaN,
            false
        ],
        [
            -1.222823977470398,
            0.8567540049552917,
            -1.2449610233306885,
            "H",
            NaN,
            NaN,
            false
        ],
        [
            -9.999999974752427e-07,
            2.6329751014709473,
            -2.490078926086426,
            "H",
            NaN,
            NaN,
            false
        ],
        [
            1.2228219509124756,
            4.4091949462890625,
            -1.2449610233306885,
            "H",
            NaN,
            NaN,
            false
        ],
        [
            1.2228219509124756,
            4.4091949462890625,
            1.2449619770050049,
            "H",
            NaN,
            NaN,
            false
        ],
        [
            -9.999999974752427e-07,
            2.6329751014709473,
            2.4900801181793213,
            "H",
            NaN,
            NaN,
            false
        ],
        [
            -1.222823977470398,
            0.8567540049552917,
            1.2449619770050049,
            "H",
            NaN,
            NaN,
            false
        ]
    ]
}