{
    "properties": {
        "Z": 2,
        "number_of_atoms_in_molecule": 12,
        "unit_cell_volume": 201.595078,
        "attempted_spg": 147,
        "attempted_wyckoff_position": "2d",
        "site_symmetry_group": "3",
        "spg": 147,
        "lattice_vector_a": [
            6.021431999999999,
            0.0,
            0.0
        ],
        "lattice_vector_b": [
            3.80719911424448e-16,
            6.217628,
            0.0
        ],
        "lattice_vector_c": [
            3.8071992206830515e-16,
            -3.108813999999999,
            5.3846240000000005
        ],
        "cell_vol": 201.59506826164863,
        "a": 6.021432,
        "b": 6.217628,
        "c": 6.2176281738273795,
        "alpha": 119.99999907518377,
        "beta": 90,
        "gamma": 90,
        "rdf": [
            "40.244553",
            "73.52501",
            "140.2937",
            "237.89067",
            "321.80673",
            "368.15695",
            "357.71753",
            "297.53375",
            "218.56404",
            "130.28607",
            "58.33878",
            "31.528334",
            "84.665855",
            "174.6927",
            "253.85979",
            "293.61548",
            "331.12796",
            "349.92105",
            "295.1605",
            "197.9098",
            "115.454704",
            "55.36719",
            "31.528336",
            "84.665855",
            "174.69272",
            "253.8598",
            "293.61548",
            "331.128",
            "349.92105",
            "295.16052",
            "197.90982",
            "115.45471",
            "55.36719",
            "32.49177",
            "80.61118",
            "154.15457",
            "243.41609",
            "297.48178",
            "323.7824",
            "328.72983",
            "275.79132",
            "195.25478",
            "112.39921",
            "51.761307"
        ],
        "file_path": "benzene_2mpc_0_he_rdf/geometry_a0b4168f01.json",
        "replica": "init_pool",
        "AP_cluster": 1
    },
    "struct_id": "geometry_a0b4168f01",
    "input_ref": null,
    "geometry": [
        [
            1.3778150081634521,
            1.3338960409164429,
            3.169178009033203,
            "C",
            NaN,
            NaN,
            false
        ],
        [
            1.3778150081634521,
            0.3027220070362091,
            2.2242751121520996,
            "C",
            NaN,
            NaN,
            false
        ],
        [
            1.3778150081634521,
            -1.0311739444732666,
            2.6448469161987305,
            "C",
            NaN,
            NaN,
            false
        ],
        [
            1.3778150081634521,
            -1.3338960409164429,
            4.010321140289307,
            "C",
            NaN,
            NaN,
            false
        ],
        [
            1.3778150081634521,
            -0.3027220070362091,
            4.95522403717041,
            "C",
            NaN,
            NaN,
            false
        ],
        [
            1.3778150081634521,
            1.0311739444732666,
            4.534650802612305,
            "C",
            NaN,
            NaN,
            false
        ],
        [
            1.3778150081634521,
            2.37479305267334,
            2.8409860134124756,
            "H",
            NaN,
            NaN,
            false
        ],
        [
            1.3778150081634521,
            0.5389490127563477,
            1.158735990524292,
            "H",
            NaN,
            NaN,
            false
        ],
        [
            1.3778150081634521,
            -1.8358440399169922,
            1.9074989557266235,
            "H",
            NaN,
            NaN,
            false
        ],
        [
            1.3778150081634521,
            -2.37479305267334,
            4.338511943817139,
            "H",
            NaN,
            NaN,
            false
        ],
        [
            1.3778150081634521,
            -0.5389490127563477,
            6.020761966705322,
            "H",
            NaN,
            NaN,
            false
        ],
        [
            1.3778150081634521,
            1.8358429670333862,
            5.271998882293701,
            "H",
            NaN,
            NaN,
            false
        ],
        [
            4.643616199493408,
            1.7749179601669312,
            2.215446949005127,
            "C",
            NaN,
            NaN,
            false
        ],
        [
            4.643616199493408,
            2.8060920238494873,
            3.160348892211914,
            "C",
            NaN,
            NaN,
            false
        ],
        [
            4.643616199493408,
            4.139987945556641,
            2.7397758960723877,
            "C",
            NaN,
            NaN,
            false
        ],
        [
            4.643616199493408,
            4.442709922790527,
            1.3743029832839966,
            "C",
            NaN,
            NaN,
            false
        ],
        [
            4.643616199493408,
            3.4115359783172607,
            0.4294010102748871,
            "C",
            NaN,
            NaN,
            false
        ],
        [
            4.643616199493408,
            2.0776400566101074,
            0.8499720096588135,
            "C",
            NaN,
            NaN,
            false
        ],
        [
            4.643616199493408,
            0.7340199947357178,
            2.543637990951538,
            "H",
            NaN,
            NaN,
            false
        ],
        [
            4.643616199493408,
            2.56986403465271,
            4.225886821746826,
            "H",
            NaN,
            NaN,
            false
        ],
        [
            4.643616199493408,
            4.944657802581787,
            3.4771249294281006,
            "H",
            NaN,
            NaN,
            false
        ],
        [
            4.643616199493408,
            5.483606815338135,
            1.0461119413375854,
            "H",
            NaN,
            NaN,
            false
        ],
        [
            4.643616199493408,
            3.6477630138397217,
            -0.6361380219459534,
            "H",
            NaN,
            NaN,
            false
        ],
        [
            4.643616199493408,
            1.2729699611663818,
            0.11262399703264236,
            "H",
            NaN,
            NaN,
            false
        ]
    ]
}