{
    "properties": {
        "Z": 2,
        "number_of_atoms_in_molecule": 12,
        "unit_cell_volume": 247.00798,
        "attempted_spg": 34,
        "attempted_wyckoff_position": "2b",
        "site_symmetry_group": "2",
        "spg": 58,
        "lattice_vector_a": [
            3.310484,
            0.0,
            0.0
        ],
        "lattice_vector_b": [
            5.043180019517942e-16,
            8.236138,
            0.0
        ],
        "lattice_vector_c": [
            5.547236681842797e-16,
            5.547236681842797e-16,
            9.059325
        ],
        "cell_vol": 247.00795953930273,
        "a": 3.310484,
        "b": 8.236138,
        "c": 9.059325,
        "alpha": 90,
        "beta": 90,
        "gamma": 90,
        "rdf": [
            "39.582012",
            "70.4425",
            "127.94708",
            "185.00761",
            "197.63306",
            "214.22601",
            "237.91582",
            "215.7669",
            "155.1448",
            "86.38306",
            "36.685246",
            "26.811668",
            "63.575768",
            "134.31334",
            "210.56271",
            "238.83136",
            "232.98717",
            "219.7597",
            "185.87267",
            "135.88486",
            "83.615265",
            "39.900574",
            "26.811668",
            "63.57576",
            "134.31335",
            "210.56271",
            "238.8314",
            "232.98718",
            "219.7597",
            "185.87265",
            "135.88486",
            "83.615265",
            "39.900574",
            "24.02503",
            "65.13637",
            "127.35322",
            "188.70215",
            "238.9597",
            "252.79425",
            "222.96309",
            "176.68484",
            "132.17043",
            "83.3093",
            "39.68232"
        ],
        "file_path": "benzene_2mpc_0_he_rdf/geometry_8ba90228ec.json",
        "replica": "init_pool",
        "AP_cluster": 0
    },
    "struct_id": "geometry_8ba90228ec",
    "input_ref": null,
    "geometry": [
        [
            0.681082010269165,
            3.548525094985962,
            1.2773209810256958,
            "C",
            NaN,
            NaN,
            false
        ],
        [
            0.681082010269165,
            2.7269771099090576,
            0.14538699388504028,
            "C",
            NaN,
            NaN,
            false
        ],
        [
            0.681082010269165,
            3.2965409755706787,
            -1.1319739818572998,
            "C",
            NaN,
            NaN,
            false
        ],
        [
            0.681082010269165,
            4.687614917755127,
            -1.2773209810256958,
            "C",
            NaN,
            NaN,
            false
        ],
        [
            0.681082010269165,
            5.509161949157715,
            -0.14538699388504028,
            "C",
            NaN,
            NaN,
            false
        ],
        [
            0.681082010269165,
            4.939598083496094,
            1.1319739818572998,
            "C",
            NaN,
            NaN,
            false
        ],
        [
            0.681082010269165,
            3.1040570735931396,
            2.2741270065307617,
            "H",
            NaN,
            NaN,
            false
        ],
        [
            0.681082010269165,
            1.6414990425109863,
            0.2590239942073822,
            "H",
            NaN,
            NaN,
            false
        ],
        [
            0.681082010269165,
            2.6556379795074463,
            -2.015388011932373,
            "H",
            NaN,
            NaN,
            false
        ],
        [
            0.681082010269165,
            5.132081031799316,
            -2.2741270065307617,
            "H",
            NaN,
            NaN,
            false
        ],
        [
            0.681082010269165,
            6.594639778137207,
            -0.2590239942073822,
            "H",
            NaN,
            NaN,
            false
        ],
        [
            0.681082010269165,
            5.580502033233643,
            2.015388011932373,
            "H",
            NaN,
            NaN,
            false
        ],
        [
            2.3363239765167236,
            -0.5695459842681885,
            3.2523419857025146,
            "C",
            NaN,
            NaN,
            false
        ],
        [
            2.3363239765167236,
            -1.391090989112854,
            4.384275913238525,
            "C",
            NaN,
            NaN,
            false
        ],
        [
            2.3363239765167236,
            -0.821528971195221,
            5.661636829376221,
            "C",
            NaN,
            NaN,
            false
        ],
        [
            2.3363239765167236,
            0.5695449709892273,
            5.806983947753906,
            "C",
            NaN,
            NaN,
            false
        ],
        [
            2.3363239765167236,
            1.3910919427871704,
            4.675049781799316,
            "C",
            NaN,
            NaN,
            false
        ],
        [
            2.3363239765167236,
            0.821528971195221,
            3.3976900577545166,
            "C",
            NaN,
            NaN,
            false
        ],
        [
            2.3363239765167236,
            -1.0140119791030884,
            2.2555348873138428,
            "H",
            NaN,
            NaN,
            false
        ],
        [
            2.3363239765167236,
            -2.4765710830688477,
            4.270638942718506,
            "H",
            NaN,
            NaN,
            false
        ],
        [
            2.3363239765167236,
            -1.4624320268630981,
            6.545051097869873,
            "H",
            NaN,
            NaN,
            false
        ],
        [
            2.3363239765167236,
            1.0140119791030884,
            6.803790092468262,
            "H",
            NaN,
            NaN,
            false
        ],
        [
            2.3363239765167236,
            2.4765710830688477,
            4.788687229156494,
            "H",
            NaN,
            NaN,
            false
        ],
        [
            2.3363239765167236,
            1.4624320268630981,
            2.514275074005127,
            "H",
            NaN,
            NaN,
            false
        ]
    ]
}