{
    "properties": {
        "Z": 2,
        "number_of_atoms_in_molecule": 12,
        "unit_cell_volume": 232.872528,
        "attempted_spg": 175,
        "attempted_wyckoff_position": "2e",
        "site_symmetry_group": "6",
        "spg": 175,
        "lattice_vector_a": [
            6.127139999999999,
            0.0,
            0.0
        ],
        "lattice_vector_b": [
            4.0564465786877435e-16,
            6.62468,
            0.0
        ],
        "lattice_vector_c": [
            4.0564464875086624e-16,
            -3.3123400000000016,
            5.737140999999999
        ],
        "cell_vol": 232.8725142319984,
        "a": 6.12714,
        "b": 6.62468,
        "c": 6.624679851093259,
        "alpha": 120.00000074355222,
        "beta": 90,
        "gamma": 90,
        "rdf": [
            "41.63461",
            "78.89575",
            "135.1907",
            "179.17946",
            "220.94153",
            "306.73206",
            "364.355",
            "320.9959",
            "227.69649",
            "131.5417",
            "55.724846",
            "26.64828",
            "64.56839",
            "141.84674",
            "231.49997",
            "279.05383",
            "302.5553",
            "315.17633",
            "276.25583",
            "200.81015",
            "121.78713",
            "58.682945",
            "26.64828",
            "64.56839",
            "141.84674",
            "231.5",
            "279.05383",
            "302.5553",
            "315.17633",
            "276.2558",
            "200.81017",
            "121.78714",
            "58.682945",
            "25.340668",
            "69.69156",
            "140.21481",
            "211.78297",
            "261.67975",
            "297.63446",
            "319.3371",
            "274.184",
            "185.12848",
            "112.15003",
            "52.782234"
        ],
        "file_path": "benzene_2mpc_0_he_rdf/geometry_b37e66ad89.json",
        "replica": "init_pool",
        "AP_cluster": 0
    },
    "struct_id": "geometry_b37e66ad89",
    "input_ref": null,
    "geometry": [
        [
            4.667642116546631,
            -1.1045260429382324,
            0.85801100730896,
            "C",
            NaN,
            NaN,
            false
        ],
        [
            4.667642116546631,
            0.19079600274562836,
            1.385553002357483,
            "C",
            NaN,
            NaN,
            false
        ],
        [
            4.667642116546631,
            1.2953219413757324,
            0.5275430083274841,
            "C",
            NaN,
            NaN,
            false
        ],
        [
            4.667642116546631,
            1.1045269966125488,
            -0.85801100730896,
            "C",
            NaN,
            NaN,
            false
        ],
        [
            4.667642116546631,
            -0.19079500436782837,
            -1.385553002357483,
            "C",
            NaN,
            NaN,
            false
        ],
        [
            4.667642116546631,
            -1.2953219413757324,
            -0.5275430083274841,
            "C",
            NaN,
            NaN,
            false
        ],
        [
            4.667642116546631,
            -1.9664360284805298,
            1.5275529623031616,
            "H",
            NaN,
            NaN,
            false
        ],
        [
            4.667642116546631,
            0.339682012796402,
            2.4667599201202393,
            "H",
            NaN,
            NaN,
            false
        ],
        [
            4.667642116546631,
            2.3061180114746094,
            0.9392070174217224,
            "H",
            NaN,
            NaN,
            false
        ],
        [
            4.667642116546631,
            1.9664360284805298,
            -1.5275529623031616,
            "H",
            NaN,
            NaN,
            false
        ],
        [
            4.667642116546631,
            -0.339682012796402,
            -2.4667599201202393,
            "H",
            NaN,
            NaN,
            false
        ],
        [
            4.667642116546631,
            -2.3061180114746094,
            -0.9392070174217224,
            "H",
            NaN,
            NaN,
            false
        ],
        [
            1.4594969749450684,
            1.1045260429382324,
            -0.85801100730896,
            "C",
            NaN,
            NaN,
            false
        ],
        [
            1.4594969749450684,
            -0.19079700112342834,
            -1.385553002357483,
            "C",
            NaN,
            NaN,
            false
        ],
        [
            1.4594969749450684,
            -1.2953230142593384,
            -0.527541995048523,
            "C",
            NaN,
            NaN,
            false
        ],
        [
            1.4594969749450684,
            -1.1045269966125488,
            0.85801100730896,
            "C",
            NaN,
            NaN,
            false
        ],
        [
            1.4594969749450684,
            0.19079500436782837,
            1.385553002357483,
            "C",
            NaN,
            NaN,
            false
        ],
        [
            1.4594969749450684,
            1.2953219413757324,
            0.5275430083274841,
            "C",
            NaN,
            NaN,
            false
        ],
        [
            1.4594969749450684,
            1.9664349555969238,
            -1.5275529623031616,
            "H",
            NaN,
            NaN,
            false
        ],
        [
            1.4594969749450684,
            -0.339682012796402,
            -2.4667599201202393,
            "H",
            NaN,
            NaN,
            false
        ],
        [
            1.4594969749450684,
            -2.306118965148926,
            -0.9392070174217224,
            "H",
            NaN,
            NaN,
            false
        ],
        [
            1.4594969749450684,
            -1.9664380550384521,
            1.5275529623031616,
            "H",
            NaN,
            NaN,
            false
        ],
        [
            1.4594969749450684,
            0.3396799862384796,
            2.4667611122131348,
            "H",
            NaN,
            NaN,
            false
        ],
        [
            1.4594969749450684,
            2.306117057800293,
            0.9392070174217224,
            "H",
            NaN,
            NaN,
            false
        ]
    ]
}