{
    "properties": {
        "Z": 2,
        "number_of_atoms_in_molecule": 12,
        "unit_cell_volume": 246.679352,
        "attempted_spg": 16,
        "attempted_wyckoff_position": "2n",
        "site_symmetry_group": "2",
        "spg": 16,
        "lattice_vector_a": [
            3.041849,
            0.0,
            0.0
        ],
        "lattice_vector_b": [
            3.384809248367564e-16,
            5.527813,
            0.0
        ],
        "lattice_vector_c": [
            8.983026139488665e-16,
            8.983026139488665e-16,
            14.670394999999997
        ],
        "cell_vol": 246.6793536214131,
        "a": 3.041849,
        "b": 5.527813,
        "c": 14.670395,
        "alpha": 90,
        "beta": 90,
        "gamma": 90,
        "rdf": [
            "43.490833",
            "87.59926",
            "146.50273",
            "172.08858",
            "178.63422",
            "201.126",
            "211.63303",
            "187.87881",
            "135.66666",
            "77.80273",
            "33.23259",
            "29.205475",
            "73.20623",
            "144.18051",
            "199.3394",
            "217.60039",
            "218.6688",
            "203.10641",
            "169.69868",
            "119.023544",
            "65.1772",
            "27.550919",
            "29.205475",
            "73.206215",
            "144.18048",
            "199.3394",
            "217.60037",
            "218.66878",
            "203.10641",
            "169.69868",
            "119.02356",
            "65.17721",
            "27.550919",
            "26.205292",
            "65.944954",
            "125.14849",
            "185.1862",
            "232.68001",
            "238.00641",
            "200.48605",
            "150.30444",
            "105.6252",
            "63.790188",
            "28.129045"
        ],
        "file_path": "benzene_2mpc_0_he_rdf/geometry_0f2ec66601.json",
        "replica": "init_pool",
        "AP_cluster": 3
    },
    "struct_id": "geometry_0f2ec66601",
    "input_ref": null,
    "geometry": [
        [
            1.9369709491729736,
            -1.1375219821929932,
            11.832016944885254,
            "C",
            NaN,
            NaN,
            false
        ],
        [
            1.9369709491729736,
            -1.1375219821929932,
            10.433369636535645,
            "C",
            NaN,
            NaN,
            false
        ],
        [
            1.5209250450134277,
            8.881784197001252e-16,
            9.734024047851562,
            "C",
            NaN,
            NaN,
            false
        ],
        [
            1.1048779487609863,
            1.1375210285186768,
            10.433369636535645,
            "C",
            NaN,
            NaN,
            false
        ],
        [
            1.1048779487609863,
            1.1375210285186768,
            11.832016944885254,
            "C",
            NaN,
            NaN,
            false
        ],
        [
            1.5209250450134277,
            8.881784197001252e-16,
            12.531362533569336,
            "C",
            NaN,
            NaN,
            false
        ],
        [
            2.261651039123535,
            -2.025235891342163,
            12.377655982971191,
            "H",
            NaN,
            NaN,
            false
        ],
        [
            2.261651039123535,
            -2.025235891342163,
            9.887730598449707,
            "H",
            NaN,
            NaN,
            false
        ],
        [
            1.5209250450134277,
            8.881784197001252e-16,
            8.64261245727539,
            "H",
            NaN,
            NaN,
            false
        ],
        [
            0.7801979780197144,
            2.025235891342163,
            9.887730598449707,
            "H",
            NaN,
            NaN,
            false
        ],
        [
            0.7801979780197144,
            2.025235891342163,
            12.377655982971191,
            "H",
            NaN,
            NaN,
            false
        ],
        [
            1.5209250450134277,
            8.881784197001252e-16,
            13.622774124145508,
            "H",
            NaN,
            NaN,
            false
        ],
        [
            1.9369709491729736,
            1.1375219821929932,
            2.838376045227051,
            "C",
            NaN,
            NaN,
            false
        ],
        [
            1.9369709491729736,
            1.1375219821929932,
            4.237023830413818,
            "C",
            NaN,
            NaN,
            false
        ],
        [
            1.5209250450134277,
            3.022654277633712e-16,
            4.936368942260742,
            "C",
            NaN,
            NaN,
            false
        ],
        [
            1.1048779487609863,
            -1.1375210285186768,
            4.237023830413818,
            "C",
            NaN,
            NaN,
            false
        ],
        [
            1.1048779487609863,
            -1.1375210285186768,
            2.838376045227051,
            "C",
            NaN,
            NaN,
            false
        ],
        [
            1.5209250450134277,
            1.3097793547868394e-16,
            2.1390318870544434,
            "C",
            NaN,
            NaN,
            false
        ],
        [
            2.261651039123535,
            2.025235891342163,
            2.2927379608154297,
            "H",
            NaN,
            NaN,
            false
        ],
        [
            2.261651039123535,
            2.025235891342163,
            4.7826619148254395,
            "H",
            NaN,
            NaN,
            false
        ],
        [
            1.5209250450134277,
            3.690951361616534e-16,
            6.027781009674072,
            "H",
            NaN,
            NaN,
            false
        ],
        [
            0.7801979780197144,
            -2.0252349376678467,
            4.7826619148254395,
            "H",
            NaN,
            NaN,
            false
        ],
        [
            0.7801979780197144,
            -2.0252349376678467,
            2.2927379608154297,
            "H",
            NaN,
            NaN,
            false
        ],
        [
            1.5209250450134277,
            6.414822708040172e-17,
            1.0476200580596924,
            "H",
            NaN,
            NaN,
            false
        ]
    ]
}