{
    "properties": {
        "Z": 2,
        "number_of_atoms_in_molecule": 12,
        "unit_cell_volume": 250.346222,
        "attempted_spg": 136,
        "attempted_wyckoff_position": "2a",
        "site_symmetry_group": "mmm",
        "spg": 136,
        "lattice_vector_a": [
            4.465534,
            0.0,
            0.0
        ],
        "lattice_vector_b": [
            4.584739613491127e-16,
            7.487448,
            0.0
        ],
        "lattice_vector_c": [
            4.584739613491127e-16,
            4.584739613491126e-16,
            7.487448
        ],
        "cell_vol": 250.3462203154364,
        "a": 4.465534,
        "b": 7.487448,
        "c": 7.487448,
        "alpha": 90,
        "beta": 90,
        "gamma": 90,
        "rdf": [
            "38.030537",
            "58.003574",
            "94.44441",
            "182.33434",
            "282.0658",
            "297.13727",
            "261.876",
            "230.44646",
            "178.48882",
            "108.2712",
            "49.853573",
            "27.781668",
            "64.62549",
            "127.133286",
            "205.01633",
            "265.39655",
            "279.14932",
            "259.667",
            "225.53847",
            "173.14835",
            "107.366714",
            "49.936222",
            "27.781668",
            "64.62549",
            "127.13329",
            "205.01636",
            "265.39655",
            "279.14935",
            "259.667",
            "225.53847",
            "173.14838",
            "107.36673",
            "49.936226",
            "23.80364",
            "66.664604",
            "125.27461",
            "186.91858",
            "256.98032",
            "282.0618",
            "269.17114",
            "227.1821",
            "166.97333",
            "100.57116",
            "45.23109"
        ],
        "file_path": "benzene_2mpc_0_he_rdf/geometry_07bd89e4da.json",
        "replica": "init_pool",
        "AP_cluster": 0
    },
    "struct_id": "geometry_07bd89e4da",
    "input_ref": null,
    "geometry": [
        [
            1.0488603845058088e-16,
            1.3509559631347656,
            0.3619630038738251,
            "C",
            NaN,
            NaN,
            false
        ],
        [
            -1.2246468543623137e-22,
            0.9890069961547852,
            -0.9890090227127075,
            "C",
            NaN,
            NaN,
            false
        ],
        [
            -1.048862832960422e-16,
            -0.36196398735046387,
            -1.3509589433670044,
            "C",
            NaN,
            NaN,
            false
        ],
        [
            -1.048862832960422e-16,
            -1.350957989692688,
            -0.36196500062942505,
            "C",
            NaN,
            NaN,
            false
        ],
        [
            -1.2246468543623137e-22,
            -0.9890090227127075,
            0.9890069961547852,
            "C",
            NaN,
            NaN,
            false
        ],
        [
            1.0488609800758498e-16,
            0.3619630038738251,
            1.3509570360183716,
            "C",
            NaN,
            NaN,
            false
        ],
        [
            1.8673861732224696e-16,
            2.4051570892333984,
            0.6445159912109375,
            "H",
            NaN,
            NaN,
            false
        ],
        [
            -6.123234271811569e-23,
            1.7607510089874268,
            -1.7607519626617432,
            "H",
            NaN,
            NaN,
            false
        ],
        [
            -1.8673873643625517e-16,
            -0.6445159912109375,
            -2.4051589965820312,
            "H",
            NaN,
            NaN,
            false
        ],
        [
            -1.8673880261070418e-16,
            -2.4051589965820312,
            -0.6445170044898987,
            "H",
            NaN,
            NaN,
            false
        ],
        [
            -1.2246468543623137e-22,
            -1.7607530355453491,
            1.7607510089874268,
            "H",
            NaN,
            NaN,
            false
        ],
        [
            1.8673861732224696e-16,
            0.6445159912109375,
            2.4051570892333984,
            "H",
            NaN,
            NaN,
            false
        ],
        [
            2.232767105102539,
            3.3817598819732666,
            5.094679832458496,
            "C",
            NaN,
            NaN,
            false
        ],
        [
            2.232767105102539,
            4.732730865478516,
            4.732730865478516,
            "C",
            NaN,
            NaN,
            false
        ],
        [
            2.232767105102539,
            5.0946807861328125,
            3.38175892829895,
            "C",
            NaN,
            NaN,
            false
        ],
        [
            2.232767105102539,
            4.105687141418457,
            2.392765998840332,
            "C",
            NaN,
            NaN,
            false
        ],
        [
            2.232767105102539,
            2.7547149658203125,
            2.7547149658203125,
            "C",
            NaN,
            NaN,
            false
        ],
        [
            2.232767105102539,
            2.392765998840332,
            4.105688095092773,
            "C",
            NaN,
            NaN,
            false
        ],
        [
            2.232767105102539,
            3.0992069244384766,
            6.148880958557129,
            "H",
            NaN,
            NaN,
            false
        ],
        [
            2.232767105102539,
            5.504475116729736,
            5.504475116729736,
            "H",
            NaN,
            NaN,
            false
        ],
        [
            2.232767105102539,
            6.148881912231445,
            3.0992069244384766,
            "H",
            NaN,
            NaN,
            false
        ],
        [
            2.232767105102539,
            4.388238906860352,
            1.3385649919509888,
            "H",
            NaN,
            NaN,
            false
        ],
        [
            2.232767105102539,
            1.982970952987671,
            1.982970952987671,
            "H",
            NaN,
            NaN,
            false
        ],
        [
            2.232767105102539,
            1.3385649919509888,
            4.388238906860352,
            "H",
            NaN,
            NaN,
            false
        ]
    ]
}