{
    "properties": {
        "Z": 2,
        "number_of_atoms_in_molecule": 12,
        "unit_cell_volume": 263.020691,
        "attempted_spg": 4,
        "attempted_wyckoff_position": "2a",
        "site_symmetry_group": "1",
        "spg": 4,
        "lattice_vector_a": [
            4.757595319173858,
            0.0,
            0.0
        ],
        "lattice_vector_b": [
            -0.987840743041821,
            4.885312592068248,
            0.0
        ],
        "lattice_vector_c": [
            6.929325298135334e-16,
            8.470719955172418e-16,
            11.316447
        ],
        "cell_vol": 263.02071239544756,
        "a": 4.757595319173858,
        "b": 4.984185836807653,
        "c": 11.316447,
        "alpha": 90,
        "beta": 90,
        "gamma": 101.4314277220395,
        "rdf": [
            "37.841393",
            "56.810394",
            "90.773834",
            "168.23724",
            "249.59012",
            "269.56094",
            "241.15387",
            "187.94295",
            "116.583496",
            "59.382057",
            "28.419533",
            "27.062939",
            "59.83965",
            "119.01943",
            "195.78061",
            "236.17545",
            "229.5888",
            "205.75163",
            "174.5083",
            "126.38221",
            "74.275826",
            "34.7203",
            "27.062939",
            "59.839653",
            "119.01944",
            "195.78061",
            "236.17545",
            "229.58882",
            "205.7516",
            "174.5083",
            "126.38222",
            "74.27583",
            "34.7203",
            "25.622839",
            "56.876995",
            "105.0626",
            "177.1262",
            "231.20964",
            "225.42805",
            "198.4932",
            "170.15439",
            "129.32108",
            "75.85591",
            "34.171486"
        ],
        "file_path": "benzene_2mpc_0_he_rdf/geometry_e7607a77e7.json",
        "replica": "init_pool",
        "AP_cluster": 8
    },
    "struct_id": "geometry_e7607a77e7",
    "input_ref": null,
    "geometry": [
        [
            0.5386886596679688,
            4.795665264129639,
            10.693326950073242,
            "C",
            NaN,
            NaN,
            false
        ],
        [
            -0.18079078197479248,
            3.698235273361206,
            10.209375381469727,
            "C",
            NaN,
            NaN,
            false
        ],
        [
            -0.2005273401737213,
            3.4248292446136475,
            8.837912559509277,
            "C",
            NaN,
            NaN,
            false
        ],
        [
            0.4992191791534424,
            4.2488694190979,
            7.9504852294921875,
            "C",
            NaN,
            NaN,
            false
        ],
        [
            1.2186998128890991,
            5.346301078796387,
            8.434436798095703,
            "C",
            NaN,
            NaN,
            false
        ],
        [
            1.2384358644485474,
            5.619706153869629,
            9.805899620056152,
            "C",
            NaN,
            NaN,
            false
        ],
        [
            0.5540903806686401,
            5.009021759033203,
            11.763567924499512,
            "H",
            NaN,
            NaN,
            false
        ],
        [
            -0.7267595529556274,
            3.055332660675049,
            10.902031898498535,
            "H",
            NaN,
            NaN,
            false
        ],
        [
            -0.7619003653526306,
            2.5685176849365234,
            8.460063934326172,
            "H",
            NaN,
            NaN,
            false
        ],
        [
            0.48381808400154114,
            4.035513401031494,
            6.880245208740234,
            "H",
            NaN,
            NaN,
            false
        ],
        [
            1.7646681070327759,
            5.989202499389648,
            7.741779804229736,
            "H",
            NaN,
            NaN,
            false
        ],
        [
            1.7998088598251343,
            6.476017475128174,
            10.183748245239258,
            "H",
            NaN,
            NaN,
            false
        ],
        [
            3.2310659885406494,
            0.08964751660823822,
            5.035102844238281,
            "C",
            NaN,
            NaN,
            false
        ],
        [
            3.9505467414855957,
            1.187077522277832,
            4.551150798797607,
            "C",
            NaN,
            NaN,
            false
        ],
        [
            3.9702818393707275,
            1.460483193397522,
            3.179687976837158,
            "C",
            NaN,
            NaN,
            false
        ],
        [
            3.270536184310913,
            0.6364424824714661,
            2.292262077331543,
            "C",
            NaN,
            NaN,
            false
        ],
        [
            2.5510547161102295,
            -0.4609883427619934,
            2.7762138843536377,
            "C",
            NaN,
            NaN,
            false
        ],
        [
            2.5313196182250977,
            -0.7343940138816833,
            4.14767599105835,
            "C",
            NaN,
            NaN,
            false
        ],
        [
            3.2156641483306885,
            -0.12370914965867996,
            6.105342864990234,
            "H",
            NaN,
            NaN,
            false
        ],
        [
            4.49651575088501,
            1.8299801349639893,
            5.243806838989258,
            "H",
            NaN,
            NaN,
            false
        ],
        [
            4.5316548347473145,
            2.3167948722839355,
            2.80184006690979,
            "H",
            NaN,
            NaN,
            false
        ],
        [
            3.2859365940093994,
            0.8497989773750305,
            1.2220200300216675,
            "H",
            NaN,
            NaN,
            false
        ],
        [
            2.0050864219665527,
            -1.1038901805877686,
            2.083556890487671,
            "H",
            NaN,
            NaN,
            false
        ],
        [
            1.9699456691741943,
            -1.5907050371170044,
            4.525525093078613,
            "H",
            NaN,
            NaN,
            false
        ]
    ]
}