{
    "properties": {
        "Z": 2,
        "number_of_atoms_in_molecule": 12,
        "unit_cell_volume": 238.305313,
        "attempted_spg": 65,
        "attempted_wyckoff_position": "2d",
        "site_symmetry_group": "mmm",
        "spg": 65,
        "lattice_vector_a": [
            3.179829,
            0.0,
            0.0
        ],
        "lattice_vector_b": [
            4.3329546808800286e-16,
            7.076252,
            0.0
        ],
        "lattice_vector_c": [
            6.484964044034915e-16,
            6.484964044034915e-16,
            10.59075
        ],
        "cell_vol": 238.30533924190635,
        "a": 3.179829,
        "b": 7.076252,
        "c": 10.59075,
        "alpha": 90.0,
        "beta": 90.0,
        "gamma": 90.0
    },
    "struct_id": "geometry_1af70158ae",
    "input_ref": null,
    "geometry": [
        [
            1.5899139999999998,
            -1.2112169999999989,
            -0.6993229999999997,
            "C",
            NaN,
            NaN,
            false
        ],
        [
            1.5899139999999998,
            -2.396820152966337e-16,
            -1.3986680000000007,
            "C",
            NaN,
            NaN,
            false
        ],
        [
            1.5899139999999998,
            1.2112199999999997,
            -0.6993220000000004,
            "C",
            NaN,
            NaN,
            false
        ],
        [
            1.589914,
            1.2112199999999997,
            0.699325,
            "C",
            NaN,
            NaN,
            false
        ],
        [
            1.589914,
            9.99999999900096e-07,
            1.3986699999999992,
            "C",
            NaN,
            NaN,
            false
        ],
        [
            1.5899139999999998,
            -1.211218,
            0.699325,
            "C",
            NaN,
            NaN,
            false
        ],
        [
            1.5899139999999996,
            -2.1564449999999993,
            -1.2449589999999997,
            "H",
            NaN,
            NaN,
            false
        ],
        [
            1.5899139999999996,
            9.99999999900096e-07,
            -2.490076,
            "H",
            NaN,
            NaN,
            false
        ],
        [
            1.5899139999999998,
            2.1564469999999996,
            -1.2449589999999997,
            "H",
            NaN,
            NaN,
            false
        ],
        [
            1.589914,
            2.1564469999999996,
            1.2449630000000003,
            "H",
            NaN,
            NaN,
            false
        ],
        [
            1.589914,
            2.000000000039874e-06,
            2.490081,
            "H",
            NaN,
            NaN,
            false
        ],
        [
            1.5899139999999998,
            -2.1564449999999993,
            1.2449639999999995,
            "H",
            NaN,
            NaN,
            false
        ],
        [
            1.5899140000000003,
            2.326908000000001,
            4.596052,
            "C",
            NaN,
            NaN,
            false
        ],
        [
            1.5899140000000003,
            3.538126,
            3.896705,
            "C",
            NaN,
            NaN,
            false
        ],
        [
            1.5899140000000005,
            4.749345000000001,
            4.596052,
            "C",
            NaN,
            NaN,
            false
        ],
        [
            1.5899140000000005,
            4.749344000000001,
            5.9947,
            "C",
            NaN,
            NaN,
            false
        ],
        [
            1.5899140000000005,
            3.538126,
            6.694045,
            "C",
            NaN,
            NaN,
            false
        ],
        [
            1.5899140000000003,
            2.326908000000001,
            5.994699,
            "C",
            NaN,
            NaN,
            false
        ],
        [
            1.5899140000000003,
            1.381680000000001,
            4.050414,
            "H",
            NaN,
            NaN,
            false
        ],
        [
            1.5899140000000003,
            3.538126,
            2.8052960000000002,
            "H",
            NaN,
            NaN,
            false
        ],
        [
            1.5899140000000005,
            5.694572000000001,
            4.050413,
            "H",
            NaN,
            NaN,
            false
        ],
        [
            1.5899140000000007,
            5.694572000000001,
            6.540338,
            "H",
            NaN,
            NaN,
            false
        ],
        [
            1.5899140000000005,
            3.5381260000000005,
            7.785456,
            "H",
            NaN,
            NaN,
            false
        ],
        [
            1.5899140000000003,
            1.381680000000001,
            6.540338,
            "H",
            NaN,
            NaN,
            false
        ]
    ]
}