{
    "properties": {
        "Z": 2,
        "number_of_atoms_in_molecule": 12,
        "unit_cell_volume": 263.103943,
        "attempted_spg": 101,
        "attempted_wyckoff_position": "2b",
        "site_symmetry_group": "mm2",
        "spg": 132,
        "lattice_vector_a": [
            5.616146,
            0.0,
            0.0
        ],
        "lattice_vector_b": [
            4.191073838288211e-16,
            6.844543,
            0.0
        ],
        "lattice_vector_c": [
            4.191073838288211e-16,
            4.19107383828821e-16,
            6.844543
        ],
        "cell_vol": 263.10390979787223,
        "a": 5.616146,
        "b": 6.844543,
        "c": 6.844543,
        "alpha": 90.0,
        "beta": 90.0,
        "gamma": 90.0
    },
    "struct_id": "geometry_c5e75665c0",
    "input_ref": null,
    "geometry": [
        [
            2.9354420000000006,
            2.43335,
            2.43335,
            "C",
            NaN,
            NaN,
            false
        ],
        [
            2.9354420000000006,
            2.0712730000000006,
            3.784318,
            "C",
            NaN,
            NaN,
            false
        ],
        [
            2.9354420000000006,
            3.0602250000000004,
            4.77327,
            "C",
            NaN,
            NaN,
            false
        ],
        [
            2.9354420000000006,
            4.411193,
            4.411193,
            "C",
            NaN,
            NaN,
            false
        ],
        [
            2.9354420000000006,
            4.77327,
            3.060225,
            "C",
            NaN,
            NaN,
            false
        ],
        [
            2.9354420000000006,
            3.784318,
            2.071273,
            "C",
            NaN,
            NaN,
            false
        ],
        [
            2.935442,
            1.661608,
            1.661608,
            "H",
            NaN,
            NaN,
            false
        ],
        [
            2.9354420000000006,
            1.0170110000000003,
            4.066647,
            "H",
            NaN,
            NaN,
            false
        ],
        [
            2.9354420000000006,
            2.7778960000000006,
            5.827532,
            "H",
            NaN,
            NaN,
            false
        ],
        [
            2.9354420000000006,
            5.182936,
            5.182936,
            "H",
            NaN,
            NaN,
            false
        ],
        [
            2.9354420000000006,
            5.827532,
            2.777896,
            "H",
            NaN,
            NaN,
            false
        ],
        [
            2.9354420000000006,
            4.066647,
            1.017011,
            "H",
            NaN,
            NaN,
            false
        ],
        [
            0.12737000000000043,
            4.411193,
            2.43335,
            "C",
            NaN,
            NaN,
            false
        ],
        [
            0.12737000000000032,
            3.060225,
            2.071273,
            "C",
            NaN,
            NaN,
            false
        ],
        [
            0.12737000000000032,
            2.071273,
            3.060225,
            "C",
            NaN,
            NaN,
            false
        ],
        [
            0.12737000000000043,
            2.4333500000000003,
            4.411193,
            "C",
            NaN,
            NaN,
            false
        ],
        [
            0.12737000000000054,
            3.7843180000000003,
            4.77327,
            "C",
            NaN,
            NaN,
            false
        ],
        [
            0.12737000000000054,
            4.77327,
            3.784318,
            "C",
            NaN,
            NaN,
            false
        ],
        [
            0.12737000000000043,
            5.182936,
            1.661608,
            "H",
            NaN,
            NaN,
            false
        ],
        [
            0.12737000000000023,
            2.777896,
            1.017011,
            "H",
            NaN,
            NaN,
            false
        ],
        [
            0.12737000000000023,
            1.0170110000000003,
            2.777896,
            "H",
            NaN,
            NaN,
            false
        ],
        [
            0.12737000000000043,
            1.6616080000000002,
            5.182936,
            "H",
            NaN,
            NaN,
            false
        ],
        [
            0.12737000000000062,
            4.066647,
            5.827532,
            "H",
            NaN,
            NaN,
            false
        ],
        [
            0.12737000000000062,
            5.827533,
            4.066647,
            "H",
            NaN,
            NaN,
            false
        ]
    ]
}