{
    "properties": {
        "Z": 2,
        "number_of_atoms_in_molecule": 12,
        "unit_cell_volume": 280.838776,
        "attempted_spg": 123,
        "attempted_wyckoff_position": "2f",
        "site_symmetry_group": "mmm",
        "spg": 123,
        "lattice_vector_a": [
            2.895816,
            0.0,
            0.0
        ],
        "lattice_vector_b": [
            6.030091646457416e-16,
            9.847887,
            0.0
        ],
        "lattice_vector_c": [
            6.030091646457416e-16,
            6.030091646457416e-16,
            9.847887
        ],
        "cell_vol": 280.8387792627521,
        "a": 2.895816,
        "b": 9.847887,
        "c": 9.847887,
        "alpha": 90.0,
        "beta": 90.0,
        "gamma": 90.0
    },
    "struct_id": "geometry_4d61cfe5bd",
    "input_ref": null,
    "geometry": [
        [
            4.184915089535299e-16,
            1.2112180000000003,
            5.623267,
            "C",
            NaN,
            NaN,
            false
        ],
        [
            3.328490803691775e-16,
            1.2112180000000001,
            4.22462,
            "C",
            NaN,
            NaN,
            false
        ],
        [
            2.1586077601086932e-16,
            2.1586077601086932e-16,
            3.525274,
            "C",
            NaN,
            NaN,
            false
        ],
        [
            1.8451759445987167e-16,
            -1.2112179999999997,
            4.224619,
            "C",
            NaN,
            NaN,
            false
        ],
        [
            2.701600842765641e-16,
            -1.2112179999999995,
            5.623267,
            "C",
            NaN,
            NaN,
            false
        ],
        [
            3.871483274025323e-16,
            3.871483274025323e-16,
            6.322612,
            "C",
            NaN,
            NaN,
            false
        ],
        [
            5.097806614640709e-16,
            2.1564450000000006,
            6.168905,
            "H",
            NaN,
            NaN,
            false
        ],
        [
            3.573167886280621e-16,
            2.1564450000000006,
            3.678981,
            "H",
            NaN,
            NaN,
            false
        ],
        [
            1.4903112662565874e-16,
            1.4903112662565874e-16,
            2.433863,
            "H",
            NaN,
            NaN,
            false
        ],
        [
            9.322844194933069e-17,
            -2.1564449999999997,
            3.678981,
            "H",
            NaN,
            NaN,
            false
        ],
        [
            2.456923147853394e-16,
            -2.1564449999999997,
            6.168905,
            "H",
            NaN,
            NaN,
            false
        ],
        [
            4.539779767877429e-16,
            4.539779767877429e-16,
            7.414023,
            "H",
            NaN,
            NaN,
            false
        ],
        [
            3.328490191368375e-16,
            4.224619,
            1.211218,
            "C",
            NaN,
            NaN,
            false
        ],
        [
            4.184915089535299e-16,
            5.623267,
            1.211218,
            "C",
            NaN,
            NaN,
            false
        ],
        [
            3.871483274025323e-16,
            6.322612,
            0.0,
            "C",
            NaN,
            NaN,
            false
        ],
        [
            2.701600842765641e-16,
            5.623267,
            -1.211218,
            "C",
            NaN,
            NaN,
            false
        ],
        [
            1.8451759445987167e-16,
            4.224619,
            -1.211218,
            "C",
            NaN,
            NaN,
            false
        ],
        [
            2.1586077601086932e-16,
            3.525274,
            0.0,
            "C",
            NaN,
            NaN,
            false
        ],
        [
            3.573167886280621e-16,
            3.678981,
            2.156445,
            "H",
            NaN,
            NaN,
            false
        ],
        [
            5.097806002317309e-16,
            6.168904,
            2.156445,
            "H",
            NaN,
            NaN,
            false
        ],
        [
            4.539779767877429e-16,
            7.414023,
            0.0,
            "H",
            NaN,
            NaN,
            false
        ],
        [
            2.456923147853394e-16,
            6.168905,
            -2.156445,
            "H",
            NaN,
            NaN,
            false
        ],
        [
            9.322844194933069e-17,
            3.678981,
            -2.156445,
            "H",
            NaN,
            NaN,
            false
        ],
        [
            1.4903112662565874e-16,
            2.433863,
            0.0,
            "H",
            NaN,
            NaN,
            false
        ]
    ]
}