{
    "properties": {
        "Z": 2,
        "number_of_atoms_in_molecule": 12,
        "unit_cell_volume": 238.545303,
        "attempted_spg": 7,
        "attempted_wyckoff_position": "2a",
        "site_symmetry_group": "1",
        "spg": 7,
        "lattice_vector_a": [
            6.12375709631677,
            0.0,
            0.0
        ],
        "lattice_vector_b": [
            3.96957135940303e-16,
            6.482802,
            0.0
        ],
        "lattice_vector_c": [
            -2.639654000247243,
            5.635040988763402e-16,
            6.008832350314305
        ],
        "cell_vol": 238.54526490942888,
        "a": 6.12375709631677,
        "b": 6.482802,
        "c": 6.563066315008938,
        "alpha": 90.0,
        "beta": 113.7156758542676,
        "gamma": 90.0
    },
    "struct_id": "geometry_6750b94fbb",
    "input_ref": null,
    "geometry": [
        [
            2.9704727548870182,
            3.8270980000000003,
            0.4747645620714893,
            "C",
            NaN,
            NaN,
            false
        ],
        [
            3.1597683106243966,
            4.852768,
            -0.45710686031041803,
            "C",
            NaN,
            NaN,
            false
        ],
        [
            3.3486185807731883,
            6.168002,
            -0.02058810230598862,
            "C",
            NaN,
            NaN,
            false
        ],
        [
            3.3481612057088364,
            6.457484000000001,
            1.3477732537056637,
            "C",
            NaN,
            NaN,
            false
        ],
        [
            3.158865649971458,
            5.431814000000001,
            2.27964467608757,
            "C",
            NaN,
            NaN,
            false
        ],
        [
            2.9700153798226663,
            4.116581000000001,
            1.8431259180831425,
            "C",
            NaN,
            NaN,
            false
        ],
        [
            2.8230998877019675,
            2.800737,
            0.13411920887456397,
            "H",
            NaN,
            NaN,
            false
        ],
        [
            3.160090539288102,
            4.626664000000001,
            -1.5248390111781749,
            "H",
            NaN,
            NaN,
            false
        ],
        [
            3.4963491671978404,
            6.968511,
            -0.7475937555437255,
            "H",
            NaN,
            NaN,
            false
        ],
        [
            3.4955344363805447,
            7.483845000000001,
            1.688417240199457,
            "H",
            NaN,
            NaN,
            false
        ],
        [
            3.1585439229159884,
            5.657919000000001,
            3.347377692050222,
            "H",
            NaN,
            NaN,
            false
        ],
        [
            2.8222844299113574,
            3.3160710000000004,
            2.57013293802401,
            "H",
            NaN,
            NaN,
            false
        ],
        [
            -0.09140561152803839,
            2.6557030000000004,
            0.474763878719922,
            "C",
            NaN,
            NaN,
            false
        ],
        [
            0.09789044581757755,
            1.630034,
            -0.4571066785670892,
            "C",
            NaN,
            NaN,
            false
        ],
        [
            0.28674021435813213,
            0.3147990000000004,
            -0.020588785657555064,
            "C",
            NaN,
            NaN,
            false
        ],
        [
            0.2862828392937802,
            0.02531800000000007,
            1.3477725703540981,
            "C",
            NaN,
            NaN,
            false
        ],
        [
            0.09698778516463769,
            1.050988000000001,
            2.279644857830899,
            "C",
            NaN,
            NaN,
            false
        ],
        [
            -0.09186385168728428,
            2.366221000000001,
            1.8431257363398128,
            "C",
            NaN,
            NaN,
            false
        ],
        [
            -0.23877747549661432,
            3.6820640000000004,
            0.13412025571278718,
            "H",
            NaN,
            NaN,
            false
        ],
        [
            0.0982111696565724,
            1.8561380000000003,
            -1.52484142471953,
            "H",
            NaN,
            NaN,
            false
        ],
        [
            0.4344708007827838,
            -0.4857090000000003,
            -0.747594438895292,
            "H",
            NaN,
            NaN,
            false
        ],
        [
            0.4336552048705933,
            -1.0010429999999986,
            1.6884170584561282,
            "H",
            NaN,
            NaN,
            false
        ],
        [
            0.09666605810916984,
            0.8248840000000014,
            3.347377873793551,
            "H",
            NaN,
            NaN,
            false
        ],
        [
            -0.23959256980056765,
            3.1667300000000003,
            2.5701326181591018,
            "H",
            NaN,
            NaN,
            false
        ]
    ]
}