{
    "properties": {
        "Z": 2,
        "number_of_atoms_in_molecule": 12,
        "unit_cell_volume": 186.104263,
        "attempted_spg": 188,
        "attempted_wyckoff_position": "2f",
        "site_symmetry_group": "-6",
        "spg": 192,
        "lattice_vector_a": [
            5.765398,
            0.0,
            0.0
        ],
        "lattice_vector_b": [
            3.7383421233156206e-16,
            6.105176,
            0.0
        ],
        "lattice_vector_c": [
            3.738342382851609e-16,
            -3.0525880000000005,
            5.287238000000001
        ],
        "cell_vol": 186.10427165389487,
        "a": 5.765398,
        "b": 6.105176,
        "c": 6.1051764238544335,
        "alpha": 119.99999770342565,
        "beta": 90.0,
        "gamma": 90.0
    },
    "struct_id": "geometry_db6fc6cb54",
    "input_ref": null,
    "geometry": [
        [
            1.4413490000000004,
            4.09389,
            2.6961400000000006,
            "C",
            NaN,
            NaN,
            false
        ],
        [
            1.4413490000000004,
            4.381871,
            1.3274810000000001,
            "C",
            NaN,
            NaN,
            false
        ],
        [
            1.4413490000000002,
            3.340568,
            0.3937540000000001,
            "C",
            NaN,
            NaN,
            false
        ],
        [
            1.4413490000000002,
            2.011285,
            0.8286850000000002,
            "C",
            NaN,
            NaN,
            false
        ],
        [
            1.4413490000000004,
            1.7233039999999997,
            2.1973440000000006,
            "C",
            NaN,
            NaN,
            false
        ],
        [
            1.4413490000000004,
            2.7646079999999995,
            3.131072000000001,
            "C",
            NaN,
            NaN,
            false
        ],
        [
            1.4413490000000007,
            4.906466,
            3.4247680000000007,
            "H",
            NaN,
            NaN,
            false
        ],
        [
            1.4413490000000004,
            5.419169,
            0.9880860000000002,
            "H",
            NaN,
            NaN,
            false
        ],
        [
            1.4413490000000002,
            3.565292,
            -0.6742700000000001,
            "H",
            NaN,
            NaN,
            false
        ],
        [
            1.441349,
            1.198711,
            0.10005700000000002,
            "H",
            NaN,
            NaN,
            false
        ],
        [
            1.4413490000000002,
            0.6860069999999998,
            2.5367390000000003,
            "H",
            NaN,
            NaN,
            false
        ],
        [
            1.4413490000000007,
            2.5398839999999994,
            4.199095000000001,
            "H",
            NaN,
            NaN,
            false
        ],
        [
            4.324048,
            2.764608,
            0.3937540000000001,
            "C",
            NaN,
            NaN,
            false
        ],
        [
            4.324048,
            4.093892,
            0.8286850000000002,
            "C",
            NaN,
            NaN,
            false
        ],
        [
            4.324048000000001,
            4.381871,
            2.1973440000000006,
            "C",
            NaN,
            NaN,
            false
        ],
        [
            4.324048000000001,
            3.3405679999999998,
            3.131072000000001,
            "C",
            NaN,
            NaN,
            false
        ],
        [
            4.324048,
            2.0112839999999994,
            2.6961400000000006,
            "C",
            NaN,
            NaN,
            false
        ],
        [
            4.324048,
            1.7233049999999999,
            1.3274810000000001,
            "C",
            NaN,
            NaN,
            false
        ],
        [
            4.324048,
            2.539884,
            -0.6742700000000001,
            "H",
            NaN,
            NaN,
            false
        ],
        [
            4.324048,
            4.906465,
            0.10005700000000002,
            "H",
            NaN,
            NaN,
            false
        ],
        [
            4.324048000000001,
            5.419169,
            2.5367390000000003,
            "H",
            NaN,
            NaN,
            false
        ],
        [
            4.324048000000001,
            3.5652919999999995,
            4.199095000000001,
            "H",
            NaN,
            NaN,
            false
        ],
        [
            4.324048,
            1.1987109999999996,
            3.4247680000000007,
            "H",
            NaN,
            NaN,
            false
        ],
        [
            4.324048,
            0.6860069999999999,
            0.9880860000000002,
            "H",
            NaN,
            NaN,
            false
        ]
    ]
}