{
    "properties": {
        "Z": 2,
        "number_of_atoms_in_molecule": 12,
        "unit_cell_volume": 273.540192,
        "attempted_spg": 16,
        "attempted_wyckoff_position": "2l",
        "site_symmetry_group": "2",
        "spg": 16,
        "lattice_vector_a": [
            3.080668,
            0.0,
            0.0
        ],
        "lattice_vector_b": [
            3.9617360691820855e-16,
            6.470006,
            0.0
        ],
        "lattice_vector_c": [
            8.403349986610061e-16,
            8.403349986610061e-16,
            13.723712
        ],
        "cell_vol": 273.54021025471803,
        "a": 3.080668,
        "b": 6.470006,
        "c": 13.723712,
        "alpha": 90.0,
        "beta": 90.0,
        "gamma": 90.0
    },
    "struct_id": "geometry_5852c8aa68",
    "input_ref": null,
    "geometry": [
        [
            1.8825200000000009,
            4.591042,
            3.2998830000000012,
            "C",
            NaN,
            NaN,
            false
        ],
        [
            1.7114320000000007,
            3.9130429999999996,
            2.088577000000001,
            "C",
            NaN,
            NaN,
            false
        ],
        [
            1.3692360000000006,
            2.5569629999999997,
            2.088577000000001,
            "C",
            NaN,
            NaN,
            false
        ],
        [
            1.1981490000000006,
            1.878965,
            3.2998830000000012,
            "C",
            NaN,
            NaN,
            false
        ],
        [
            1.3692360000000006,
            2.556963,
            4.511190000000001,
            "C",
            NaN,
            NaN,
            false
        ],
        [
            1.711432000000001,
            3.913043,
            4.511190000000001,
            "C",
            NaN,
            NaN,
            false
        ],
        [
            2.149557000000001,
            5.649278,
            3.2998830000000012,
            "H",
            NaN,
            NaN,
            false
        ],
        [
            1.8449840000000006,
            4.442291999999999,
            1.1434640000000016,
            "H",
            NaN,
            NaN,
            false
        ],
        [
            1.2356840000000004,
            2.0277139999999996,
            1.1434640000000016,
            "H",
            NaN,
            NaN,
            false
        ],
        [
            0.9311110000000005,
            0.820729,
            3.2998830000000012,
            "H",
            NaN,
            NaN,
            false
        ],
        [
            1.2356840000000007,
            2.0277139999999996,
            5.456304000000001,
            "H",
            NaN,
            NaN,
            false
        ],
        [
            1.8449840000000008,
            4.442292,
            5.456304000000001,
            "H",
            NaN,
            NaN,
            false
        ],
        [
            1.882520000000001,
            1.8789650000000009,
            10.423829000000001,
            "C",
            NaN,
            NaN,
            false
        ],
        [
            1.7114320000000012,
            2.5569630000000005,
            11.635135000000002,
            "C",
            NaN,
            NaN,
            false
        ],
        [
            1.3692360000000012,
            3.9130430000000005,
            11.635135000000002,
            "C",
            NaN,
            NaN,
            false
        ],
        [
            1.1981490000000012,
            4.591042000000001,
            10.423829000000001,
            "C",
            NaN,
            NaN,
            false
        ],
        [
            1.369236000000001,
            3.913043,
            9.212522,
            "C",
            NaN,
            NaN,
            false
        ],
        [
            1.7114320000000012,
            2.556963,
            9.212522,
            "C",
            NaN,
            NaN,
            false
        ],
        [
            2.149557000000001,
            0.8207290000000009,
            10.423829000000001,
            "H",
            NaN,
            NaN,
            false
        ],
        [
            1.844984000000001,
            2.0277140000000005,
            12.580248000000001,
            "H",
            NaN,
            NaN,
            false
        ],
        [
            1.2356840000000013,
            4.442292000000001,
            12.580248000000001,
            "H",
            NaN,
            NaN,
            false
        ],
        [
            0.9311110000000009,
            5.649278000000001,
            10.423829000000001,
            "H",
            NaN,
            NaN,
            false
        ],
        [
            1.2356840000000011,
            4.442292,
            8.267408,
            "H",
            NaN,
            NaN,
            false
        ],
        [
            1.8449840000000008,
            2.0277140000000005,
            8.267408,
            "H",
            NaN,
            NaN,
            false
        ]
    ]
}