{
    "properties": {
        "Z": 2,
        "number_of_atoms_in_molecule": 12,
        "unit_cell_volume": 281.318237,
        "attempted_spg": 49,
        "attempted_wyckoff_position": "2b",
        "site_symmetry_group": "2/m",
        "spg": 49,
        "lattice_vector_a": [
            6.18295,
            0.0,
            0.0
        ],
        "lattice_vector_b": [
            4.0666105347972673e-16,
            6.641278999999999,
            0.0
        ],
        "lattice_vector_c": [
            4.194992708045483e-16,
            4.194992708045483e-16,
            6.850943
        ],
        "cell_vol": 281.318189674714,
        "a": 6.18295,
        "b": 6.641279,
        "c": 6.850943,
        "alpha": 90.0,
        "beta": 90.0,
        "gamma": 90.0
    },
    "struct_id": "geometry_89fcc3d2b7",
    "input_ref": null,
    "geometry": [
        [
            3.363354,
            2.9375217007405835e-16,
            4.797337000000001,
            "C",
            NaN,
            NaN,
            false
        ],
        [
            4.415616,
            2.3733324312839936e-16,
            3.875946,
            "C",
            NaN,
            NaN,
            false
        ],
        [
            4.143727999999999,
            1.5332816731450695e-16,
            2.5040389999999997,
            "C",
            NaN,
            NaN,
            false
        ],
        [
            2.8195959999999998,
            1.2574710073048998e-16,
            2.0536060000000003,
            "C",
            NaN,
            NaN,
            false
        ],
        [
            1.7673340000000004,
            1.8216602767614893e-16,
            2.974997,
            "C",
            NaN,
            NaN,
            false
        ],
        [
            2.039222,
            2.661711647223813e-16,
            4.346905,
            "C",
            NaN,
            NaN,
            false
        ],
        [
            3.5755260000000004,
            3.593066559796567e-16,
            5.867923,
            "H",
            NaN,
            NaN,
            false
        ],
        [
            5.448808,
            2.5886828969736586e-16,
            4.22764,
            "H",
            NaN,
            NaN,
            false
        ],
        [
            4.964696999999999,
            1.0929250140778632e-16,
            1.7848819999999996,
            "H",
            NaN,
            NaN,
            false
        ],
        [
            2.607424,
            6.019261482489159e-17,
            0.9830199999999998,
            "H",
            NaN,
            NaN,
            false
        ],
        [
            0.7341420000000007,
            1.6063104233952244e-16,
            2.623304,
            "H",
            NaN,
            NaN,
            false
        ],
        [
            1.2182540000000004,
            3.102068306291019e-16,
            5.0660620000000005,
            "H",
            NaN,
            NaN,
            false
        ],
        [
            3.363354,
            3.3206399999999996,
            2.0536060000000003,
            "C",
            NaN,
            NaN,
            false
        ],
        [
            4.415616,
            3.3206399999999996,
            2.974997,
            "C",
            NaN,
            NaN,
            false
        ],
        [
            4.143727999999999,
            3.32064,
            4.346905,
            "C",
            NaN,
            NaN,
            false
        ],
        [
            2.8195960000000007,
            3.32064,
            4.797337000000001,
            "C",
            NaN,
            NaN,
            false
        ],
        [
            1.7673340000000008,
            3.32064,
            3.875946,
            "C",
            NaN,
            NaN,
            false
        ],
        [
            2.0392220000000005,
            3.3206399999999996,
            2.5040389999999997,
            "C",
            NaN,
            NaN,
            false
        ],
        [
            3.5755260000000004,
            3.3206399999999996,
            0.9830199999999998,
            "H",
            NaN,
            NaN,
            false
        ],
        [
            5.448808,
            3.3206399999999996,
            2.623304,
            "H",
            NaN,
            NaN,
            false
        ],
        [
            4.964696999999999,
            3.32064,
            5.0660620000000005,
            "H",
            NaN,
            NaN,
            false
        ],
        [
            2.607424000000001,
            3.32064,
            5.867923,
            "H",
            NaN,
            NaN,
            false
        ],
        [
            0.7341420000000012,
            3.32064,
            4.22764,
            "H",
            NaN,
            NaN,
            false
        ],
        [
            1.2182540000000008,
            3.3206399999999996,
            1.7848819999999996,
            "H",
            NaN,
            NaN,
            false
        ]
    ]
}