{
    "properties": {
        "Z": 2,
        "number_of_atoms_in_molecule": 12,
        "unit_cell_volume": 250.234085,
        "attempted_spg": 112,
        "attempted_wyckoff_position": "2b",
        "site_symmetry_group": "222",
        "spg": 131,
        "lattice_vector_a": [
            3.4385899999999996,
            0.0,
            0.0
        ],
        "lattice_vector_b": [
            5.223527630394377e-16,
            8.530668,
            0.0
        ],
        "lattice_vector_c": [
            5.223527630394377e-16,
            5.223527630394377e-16,
            8.530668
        ],
        "cell_vol": 250.23409111210856,
        "a": 3.43859,
        "b": 8.530668,
        "c": 8.530668,
        "alpha": 90.0,
        "beta": 90.0,
        "gamma": 90.0
    },
    "struct_id": "geometry_bed485d6ec",
    "input_ref": null,
    "geometry": [
        [
            0.8596470000000003,
            4.265334,
            1.398546,
            "C",
            NaN,
            NaN,
            false
        ],
        [
            0.8596470000000003,
            5.476639,
            0.699295,
            "C",
            NaN,
            NaN,
            false
        ],
        [
            0.8596470000000003,
            5.476639,
            -0.699295,
            "C",
            NaN,
            NaN,
            false
        ],
        [
            0.8596470000000002,
            4.265334,
            -1.398546,
            "C",
            NaN,
            NaN,
            false
        ],
        [
            0.859647,
            3.054028,
            -0.699295,
            "C",
            NaN,
            NaN,
            false
        ],
        [
            0.8596470000000002,
            3.054028,
            0.699295,
            "C",
            NaN,
            NaN,
            false
        ],
        [
            0.8596470000000004,
            4.265334,
            2.489955,
            "H",
            NaN,
            NaN,
            false
        ],
        [
            0.8596470000000004,
            6.421753,
            1.245133,
            "H",
            NaN,
            NaN,
            false
        ],
        [
            0.8596470000000003,
            6.421753,
            -1.245133,
            "H",
            NaN,
            NaN,
            false
        ],
        [
            0.859647,
            4.265334,
            -2.489955,
            "H",
            NaN,
            NaN,
            false
        ],
        [
            0.8596469999999999,
            2.108915,
            -1.245133,
            "H",
            NaN,
            NaN,
            false
        ],
        [
            0.8596470000000002,
            2.108915,
            1.245133,
            "H",
            NaN,
            NaN,
            false
        ],
        [
            2.578942,
            1.3985460000000003,
            4.265334,
            "C",
            NaN,
            NaN,
            false
        ],
        [
            2.578942,
            0.6992950000000002,
            3.054028,
            "C",
            NaN,
            NaN,
            false
        ],
        [
            2.5789419999999996,
            -0.6992949999999998,
            3.054028,
            "C",
            NaN,
            NaN,
            false
        ],
        [
            2.5789419999999996,
            -1.3985459999999998,
            4.265334,
            "C",
            NaN,
            NaN,
            false
        ],
        [
            2.578942,
            -0.6992949999999997,
            5.476639,
            "C",
            NaN,
            NaN,
            false
        ],
        [
            2.578942,
            0.6992950000000003,
            5.476639,
            "C",
            NaN,
            NaN,
            false
        ],
        [
            2.578942,
            2.4899550000000006,
            4.265334,
            "H",
            NaN,
            NaN,
            false
        ],
        [
            2.5789419999999996,
            1.2451330000000003,
            2.108915,
            "H",
            NaN,
            NaN,
            false
        ],
        [
            2.5789419999999996,
            -1.2451329999999998,
            2.108915,
            "H",
            NaN,
            NaN,
            false
        ],
        [
            2.5789419999999996,
            -2.4899549999999997,
            4.265334,
            "H",
            NaN,
            NaN,
            false
        ],
        [
            2.578942,
            -1.2451329999999996,
            6.421753,
            "H",
            NaN,
            NaN,
            false
        ],
        [
            2.578942,
            1.2451330000000005,
            6.421753,
            "H",
            NaN,
            NaN,
            false
        ]
    ]
}