{
    "properties": {
        "Z": 2,
        "number_of_atoms_in_molecule": 12,
        "unit_cell_volume": 242.191589,
        "attempted_spg": 44,
        "attempted_wyckoff_position": "2a",
        "site_symmetry_group": "mm2",
        "spg": 71,
        "lattice_vector_a": [
            3.081629,
            0.0,
            0.0
        ],
        "lattice_vector_b": [
            4.961873269228951e-16,
            8.103354,
            0.0
        ],
        "lattice_vector_c": [
            5.938746466355813e-16,
            5.938746466355813e-16,
            9.698709
        ],
        "cell_vol": 242.19160938544775,
        "a": 3.081629,
        "b": 8.103354,
        "c": 9.698709,
        "alpha": 90.0,
        "beta": 90.0,
        "gamma": 90.0
    },
    "struct_id": "geometry_40718ca462",
    "input_ref": null,
    "geometry": [
        [
            2.0523860000000003,
            -1.398546,
            0.0,
            "C",
            NaN,
            NaN,
            false
        ],
        [
            2.052386,
            -0.6992950000000001,
            -1.211306,
            "C",
            NaN,
            NaN,
            false
        ],
        [
            2.0523860000000003,
            0.6992949999999999,
            -1.211306,
            "C",
            NaN,
            NaN,
            false
        ],
        [
            2.0523860000000003,
            1.398546,
            0.0,
            "C",
            NaN,
            NaN,
            false
        ],
        [
            2.0523860000000003,
            0.6992950000000001,
            1.211306,
            "C",
            NaN,
            NaN,
            false
        ],
        [
            2.0523860000000003,
            -0.6992949999999999,
            1.211306,
            "C",
            NaN,
            NaN,
            false
        ],
        [
            2.052386,
            -2.489955,
            0.0,
            "H",
            NaN,
            NaN,
            false
        ],
        [
            2.052386,
            -1.2451330000000003,
            -2.156418,
            "H",
            NaN,
            NaN,
            false
        ],
        [
            2.0523860000000003,
            1.2451329999999998,
            -2.156418,
            "H",
            NaN,
            NaN,
            false
        ],
        [
            2.0523860000000003,
            2.489955,
            0.0,
            "H",
            NaN,
            NaN,
            false
        ],
        [
            2.0523860000000003,
            1.2451330000000003,
            2.156418,
            "H",
            NaN,
            NaN,
            false
        ],
        [
            2.0523860000000003,
            -1.2451329999999998,
            2.156418,
            "H",
            NaN,
            NaN,
            false
        ],
        [
            0.5115720000000007,
            2.653132,
            4.849354999999999,
            "C",
            NaN,
            NaN,
            false
        ],
        [
            0.5115720000000007,
            3.352382,
            3.6380489999999988,
            "C",
            NaN,
            NaN,
            false
        ],
        [
            0.5115720000000007,
            4.750972,
            3.6380489999999988,
            "C",
            NaN,
            NaN,
            false
        ],
        [
            0.5115720000000007,
            5.450223,
            4.849354999999999,
            "C",
            NaN,
            NaN,
            false
        ],
        [
            0.5115720000000007,
            4.750972,
            6.060661,
            "C",
            NaN,
            NaN,
            false
        ],
        [
            0.5115720000000007,
            3.352382,
            6.060661,
            "C",
            NaN,
            NaN,
            false
        ],
        [
            0.5115720000000002,
            1.5617230000000004,
            4.849354999999999,
            "H",
            NaN,
            NaN,
            false
        ],
        [
            0.5115720000000002,
            2.806543,
            2.6929359999999996,
            "H",
            NaN,
            NaN,
            false
        ],
        [
            0.5115720000000007,
            5.296811,
            2.6929359999999996,
            "H",
            NaN,
            NaN,
            false
        ],
        [
            0.5115720000000007,
            6.541632,
            4.849354999999999,
            "H",
            NaN,
            NaN,
            false
        ],
        [
            0.5115720000000007,
            5.296811000000001,
            7.005773999999999,
            "H",
            NaN,
            NaN,
            false
        ],
        [
            0.5115720000000007,
            2.806543,
            7.005773999999999,
            "H",
            NaN,
            NaN,
            false
        ]
    ]
}