{
    "properties": {
        "Z": 2,
        "number_of_atoms_in_molecule": 12,
        "unit_cell_volume": 219.44101,
        "attempted_spg": 7,
        "attempted_wyckoff_position": "2a",
        "site_symmetry_group": "1",
        "spg": 7,
        "lattice_vector_a": [
            3.854202,
            0.0,
            0.0
        ],
        "lattice_vector_b": [
            -1.0274859999999995,
            5.468044000000001,
            0.0
        ],
        "lattice_vector_c": [
            6.375763513601746e-16,
            7.68540182930848e-16,
            10.412412
        ],
        "cell_vol": 219.4410218884877,
        "a": 3.854202,
        "b": 5.563742685111525,
        "c": 10.412412,
        "alpha": 90,
        "beta": 90,
        "gamma": 100.64220385137966,
        "RSF": [
            1.5825754404067993,
            3.012213945388794,
            5.048133373260498,
            7.802940845489502,
            10.945868492126465,
            13.839531898498535,
            15.830679893493652,
            16.332252502441406,
            14.932805061340332,
            11.999258995056152,
            8.766579627990723,
            5.932884216308594,
            1.461387276649475,
            3.2252719402313232,
            6.0464911460876465,
            9.233251571655273,
            11.775798797607422,
            13.500531196594238,
            14.650174140930176,
            15.152850151062012,
            14.576847076416016,
            12.57775592803955,
            9.536989212036133,
            6.316993236541748,
            1.461387276649475,
            3.225271463394165,
            6.0464911460876465,
            9.233251571655273,
            11.775798797607422,
            13.500533103942871,
            14.650176048278809,
            15.152850151062012,
            14.576847076416016,
            12.57775592803955,
            9.536989212036133,
            6.316993236541748,
            1.0980314016342163,
            3.036431074142456,
            5.739102840423584,
            8.603560447692871,
            11.390776634216309,
            13.698040008544922,
            15.139098167419434,
            15.502419471740723,
            14.604968070983887,
            12.444278717041016,
            9.436480522155762,
            6.251045227050781
        ],
        "file_path": "benzene_2mpc_0_he_rsf/geometry_09847e355c.json",
        "replica": "init_pool",
        "AP_cluster": 1
    },
    "struct_id": "geometry_09847e355c",
    "input_ref": null,
    "geometry": [
        [
            -1.5636539459228516,
            3.6150500774383545,
            8.31948184967041,
            "C",
            NaN,
            NaN,
            false
        ],
        [
            -0.9236810207366943,
            4.346982002258301,
            9.324929237365723,
            "C",
            NaN,
            NaN,
            false
        ],
        [
            -0.02652600035071373,
            5.364830017089844,
            8.98559284210205,
            "C",
            NaN,
            NaN,
            false
        ],
        [
            0.2305999994277954,
            5.650685787200928,
            7.640829086303711,
            "C",
            NaN,
            NaN,
            false
        ],
        [
            -0.40937501192092896,
            4.9187541007995605,
            6.63538122177124,
            "C",
            NaN,
            NaN,
            false
        ],
        [
            -1.3065279722213745,
            3.900904893875122,
            6.97471809387207,
            "C",
            NaN,
            NaN,
            false
        ],
        [
            -2.263761043548584,
            2.8207569122314453,
            8.584287643432617,
            "H",
            NaN,
            NaN,
            false
        ],
        [
            -1.1244620084762573,
            4.123761177062988,
            10.374232292175293,
            "H",
            NaN,
            NaN,
            false
        ],
        [
            0.47297200560569763,
            5.936099052429199,
            9.770023345947266,
            "H",
            NaN,
            NaN,
            false
        ],
        [
            0.9307060241699219,
            6.4449782371521,
            7.376022815704346,
            "H",
            NaN,
            NaN,
            false
        ],
        [
            -0.2085929960012436,
            5.141974925994873,
            5.586079120635986,
            "H",
            NaN,
            NaN,
            false
        ],
        [
            -1.8060259819030762,
            3.329637050628662,
            6.190287113189697,
            "H",
            NaN,
            NaN,
            false
        ],
        [
            -1.0499110221862793,
            0.8810279965400696,
            2.0929300785064697,
            "C",
            NaN,
            NaN,
            false
        ],
        [
            -0.4099380075931549,
            1.6129599809646606,
            1.0874830484390259,
            "C",
            NaN,
            NaN,
            false
        ],
        [
            0.4872170090675354,
            2.6308090686798096,
            1.4268189668655396,
            "C",
            NaN,
            NaN,
            false
        ],
        [
            0.7443429827690125,
            2.9166629314422607,
            2.771583080291748,
            "C",
            NaN,
            NaN,
            false
        ],
        [
            0.10436899960041046,
            2.184731960296631,
            3.7770299911499023,
            "C",
            NaN,
            NaN,
            false
        ],
        [
            -0.7927860021591187,
            1.1668829917907715,
            3.4376940727233887,
            "C",
            NaN,
            NaN,
            false
        ],
        [
            -1.7500180006027222,
            0.08673500269651413,
            1.8281240463256836,
            "H",
            NaN,
            NaN,
            false
        ],
        [
            -0.6107190251350403,
            1.3897390365600586,
            0.03818000108003616,
            "H",
            NaN,
            NaN,
            false
        ],
        [
            0.9867150187492371,
            3.2020769119262695,
            0.6423889994621277,
            "H",
            NaN,
            NaN,
            false
        ],
        [
            1.4444489479064941,
            3.71095609664917,
            3.036389112472534,
            "H",
            NaN,
            NaN,
            false
        ],
        [
            0.30515000224113464,
            2.4079530239105225,
            4.826333045959473,
            "H",
            NaN,
            NaN,
            false
        ],
        [
            -1.292283058166504,
            0.595615029335022,
            4.222125053405762,
            "H",
            NaN,
            NaN,
            false
        ]
    ]
}