{
    "properties": {
        "Z": 2,
        "number_of_atoms_in_molecule": 12,
        "unit_cell_volume": 238.086334,
        "attempted_spg": 31,
        "attempted_wyckoff_position": "2a",
        "site_symmetry_group": "m",
        "spg": 31,
        "lattice_vector_a": [
            3.377803,
            0.0,
            0.0
        ],
        "lattice_vector_b": [
            4.70483521417291e-16,
            7.683579,
            0.0
        ],
        "lattice_vector_c": [
            5.617168300337908e-16,
            5.617168300337908e-16,
            9.173532
        ],
        "cell_vol": 238.08632869831985,
        "a": 3.377803,
        "b": 7.683579,
        "c": 9.173532,
        "alpha": 90,
        "beta": 90,
        "gamma": 90,
        "RSF": [
            1.6377359628677368,
            3.1989879608154297,
            5.234974384307861,
            7.249894618988037,
            8.930910110473633,
            11.00210952758789,
            13.734393119812012,
            15.50311279296875,
            14.812122344970703,
            12.122183799743652,
            8.76242733001709,
            5.622265338897705,
            1.388492226600647,
            2.9844064712524414,
            5.534932613372803,
            8.37470531463623,
            10.574417114257812,
            12.335766792297363,
            13.860133171081543,
            14.332221984863281,
            13.367897033691406,
            11.403651237487793,
            8.775003433227539,
            5.841189861297607,
            1.388492226600647,
            2.9844071865081787,
            5.534932613372803,
            8.37470531463623,
            10.574417114257812,
            12.335765838623047,
            13.860133171081543,
            14.332221031188965,
            13.36789608001709,
            11.40364933013916,
            8.775002479553223,
            5.841190338134766,
            0.9449064135551453,
            2.6934425830841064,
            5.237793922424316,
            7.927061080932617,
            10.545777320861816,
            12.765608787536621,
            14.00374698638916,
            14.222912788391113,
            13.338371276855469,
            11.343704223632812,
            8.750618934631348,
            5.906349182128906
        ],
        "file_path": "benzene_2mpc_0_he_rsf/geometry_07975ccb2b.json",
        "replica": "init_pool",
        "AP_cluster": 2
    },
    "struct_id": "geometry_07975ccb2b",
    "input_ref": null,
    "geometry": [
        [
            0.30550700426101685,
            2.520240068435669,
            1.2112170457839966,
            "C",
            NaN,
            NaN,
            false
        ],
        [
            0.9885249733924866,
            1.299707055091858,
            1.211217999458313,
            "C",
            NaN,
            NaN,
            false
        ],
        [
            1.3300440311431885,
            0.6894220113754272,
            -9.999999974752427e-07,
            "C",
            NaN,
            NaN,
            false
        ],
        [
            0.9885249733924866,
            1.299707055091858,
            -1.2112189531326294,
            "C",
            NaN,
            NaN,
            false
        ],
        [
            0.30550700426101685,
            2.520240068435669,
            -1.2112189531326294,
            "C",
            NaN,
            NaN,
            false
        ],
        [
            -0.03601200133562088,
            3.130526065826416,
            -9.999999974752427e-07,
            "C",
            NaN,
            NaN,
            false
        ],
        [
            0.03905000165104866,
            2.996392011642456,
            2.1564440727233887,
            "H",
            NaN,
            NaN,
            false
        ],
        [
            1.2549819946289062,
            0.8235549926757812,
            2.1564440727233887,
            "H",
            NaN,
            NaN,
            false
        ],
        [
            1.8630249500274658,
            -0.2630009949207306,
            -9.999999974752427e-07,
            "H",
            NaN,
            NaN,
            false
        ],
        [
            1.2549819946289062,
            0.8235549926757812,
            -2.1564459800720215,
            "H",
            NaN,
            NaN,
            false
        ],
        [
            0.03905000165104866,
            2.996392011642456,
            -2.1564459800720215,
            "H",
            NaN,
            NaN,
            false
        ],
        [
            -0.5689929723739624,
            4.082949161529541,
            -9.999999974752427e-07,
            "H",
            NaN,
            NaN,
            false
        ],
        [
            3.0722949504852295,
            6.362030029296875,
            3.375546932220459,
            "C",
            NaN,
            NaN,
            false
        ],
        [
            2.389277935028076,
            5.141496181488037,
            3.375546932220459,
            "C",
            NaN,
            NaN,
            false
        ],
        [
            2.047760009765625,
            4.531209945678711,
            4.586764812469482,
            "C",
            NaN,
            NaN,
            false
        ],
        [
            2.389277935028076,
            5.141496181488037,
            5.797983169555664,
            "C",
            NaN,
            NaN,
            false
        ],
        [
            3.0722949504852295,
            6.362030029296875,
            5.797983169555664,
            "C",
            NaN,
            NaN,
            false
        ],
        [
            3.4138150215148926,
            6.97231388092041,
            4.586764812469482,
            "C",
            NaN,
            NaN,
            false
        ],
        [
            3.3387529850006104,
            6.838181018829346,
            2.4303200244903564,
            "H",
            NaN,
            NaN,
            false
        ],
        [
            2.122821092605591,
            4.665342807769775,
            2.4303200244903564,
            "H",
            NaN,
            NaN,
            false
        ],
        [
            1.5147780179977417,
            3.5787880420684814,
            4.586764812469482,
            "H",
            NaN,
            NaN,
            false
        ],
        [
            2.122821092605591,
            4.665342807769775,
            6.7432098388671875,
            "H",
            NaN,
            NaN,
            false
        ],
        [
            3.3387529850006104,
            6.838181018829346,
            6.7432098388671875,
            "H",
            NaN,
            NaN,
            false
        ],
        [
            3.94679594039917,
            7.924737930297852,
            4.586764812469482,
            "H",
            NaN,
            NaN,
            false
        ]
    ]
}