{
    "properties": {
        "Z": 2,
        "number_of_atoms_in_molecule": 12,
        "unit_cell_volume": 248.139572,
        "attempted_spg": 11,
        "attempted_wyckoff_position": "2e",
        "site_symmetry_group": "m",
        "spg": 11,
        "lattice_vector_a": [
            3.6911056372719813,
            2.220446049250313e-16,
            0.0
        ],
        "lattice_vector_b": [
            -0.5464653128946391,
            4.820056668329115,
            0.0
        ],
        "lattice_vector_c": [
            8.540206103384975e-16,
            9.563147175722006e-16,
            13.947214999999998
        ],
        "cell_vol": 248.13962097186004,
        "a": 3.6911056372719813,
        "b": 4.850935025755447,
        "c": 13.947215,
        "alpha": 90,
        "beta": 90,
        "gamma": 96.46818806726286,
        "RSF": [
            1.6426373720169067,
            3.1906888484954834,
            5.190479278564453,
            7.2398905754089355,
            9.068714141845703,
            10.93309497833252,
            12.578764915466309,
            13.273310661315918,
            12.913567543029785,
            11.569563865661621,
            9.071151733398438,
            5.897674560546875,
            1.4211145639419556,
            3.03969407081604,
            5.46981954574585,
            7.936952114105225,
            9.792231559753418,
            11.6000394821167,
            13.285758018493652,
            13.733735084533691,
            12.8225679397583,
            11.074673652648926,
            8.59091854095459,
            5.6426920890808105,
            1.4211148023605347,
            3.03969407081604,
            5.469820022583008,
            7.936952114105225,
            9.792231559753418,
            11.6000394821167,
            13.285758018493652,
            13.733736991882324,
            12.8225679397583,
            11.074673652648926,
            8.590920448303223,
            5.6426920890808105,
            0.8977862000465393,
            2.4944493770599365,
            4.934905529022217,
            7.727379322052002,
            10.282443046569824,
            12.189351081848145,
            13.332680702209473,
            13.531925201416016,
            12.681495666503906,
            11.016898155212402,
            8.604262351989746,
            5.656787395477295
        ],
        "file_path": "benzene_2mpc_0_he_rsf/geometry_7ae521acbb.json",
        "replica": "init_pool",
        "AP_cluster": 5
    },
    "struct_id": "geometry_7ae521acbb",
    "input_ref": null,
    "geometry": [
        [
            0.21808438003063202,
            5.527024269104004,
            9.761087417602539,
            "C",
            NaN,
            NaN,
            false
        ],
        [
            0.21808438003063202,
            5.527024269104004,
            11.159734725952148,
            "C",
            NaN,
            NaN,
            false
        ],
        [
            0.9662478566169739,
            4.574499607086182,
            11.85908031463623,
            "C",
            NaN,
            NaN,
            false
        ],
        [
            1.7144113779067993,
            3.621976137161255,
            11.159734725952148,
            "C",
            NaN,
            NaN,
            false
        ],
        [
            1.7144113779067993,
            3.621976137161255,
            9.761087417602539,
            "C",
            NaN,
            NaN,
            false
        ],
        [
            0.9662478566169739,
            4.574499607086182,
            9.06174087524414,
            "C",
            NaN,
            NaN,
            false
        ],
        [
            -0.3657779395580292,
            6.2703680992126465,
            9.215449333190918,
            "H",
            NaN,
            NaN,
            false
        ],
        [
            -0.3657779395580292,
            6.2703680992126465,
            11.70537281036377,
            "H",
            NaN,
            NaN,
            false
        ],
        [
            0.9662472009658813,
            4.57450008392334,
            12.950490951538086,
            "H",
            NaN,
            NaN,
            false
        ],
        [
            2.2982730865478516,
            2.8786332607269287,
            11.70537281036377,
            "H",
            NaN,
            NaN,
            false
        ],
        [
            2.2982730865478516,
            2.8786332607269287,
            9.215449333190918,
            "H",
            NaN,
            NaN,
            false
        ],
        [
            0.9662472009658813,
            4.57450008392334,
            7.970331192016602,
            "H",
            NaN,
            NaN,
            false
        ],
        [
            2.926555871963501,
            -0.7069676518440247,
            4.18612813949585,
            "C",
            NaN,
            NaN,
            false
        ],
        [
            2.926555871963501,
            -0.7069676518440247,
            2.787480115890503,
            "C",
            NaN,
            NaN,
            false
        ],
        [
            2.178391695022583,
            0.24555644392967224,
            2.0881330966949463,
            "C",
            NaN,
            NaN,
            false
        ],
        [
            1.4302289485931396,
            1.1980804204940796,
            2.787480115890503,
            "C",
            NaN,
            NaN,
            false
        ],
        [
            1.4302289485931396,
            1.1980804204940796,
            4.18612813949585,
            "C",
            NaN,
            NaN,
            false
        ],
        [
            2.178391695022583,
            0.24555644392967224,
            4.885471820831299,
            "C",
            NaN,
            NaN,
            false
        ],
        [
            3.5104167461395264,
            -1.450311303138733,
            4.731764793395996,
            "H",
            NaN,
            NaN,
            false
        ],
        [
            3.5104167461395264,
            -1.450311303138733,
            2.24183988571167,
            "H",
            NaN,
            NaN,
            false
        ],
        [
            2.1783924102783203,
            0.24555568397045135,
            0.996724009513855,
            "H",
            NaN,
            NaN,
            false
        ],
        [
            0.8463672399520874,
            1.9414234161376953,
            2.24183988571167,
            "H",
            NaN,
            NaN,
            false
        ],
        [
            0.8463672399520874,
            1.9414234161376953,
            4.731764793395996,
            "H",
            NaN,
            NaN,
            false
        ],
        [
            2.1783924102783203,
            0.24555568397045135,
            5.976883888244629,
            "H",
            NaN,
            NaN,
            false
        ]
    ]
}