{
    "properties": {
        "Z": 2,
        "number_of_atoms_in_molecule": 12,
        "unit_cell_volume": 253.518829,
        "attempted_spg": 2,
        "attempted_wyckoff_position": "2i",
        "site_symmetry_group": "1",
        "spg": 2,
        "lattice_vector_a": [
            4.703957916805591,
            1.1102230246251565e-16,
            0.0
        ],
        "lattice_vector_b": [
            0.7518523104882971,
            4.878811810871004,
            -4.440892098500626e-16
        ],
        "lattice_vector_c": [
            1.7252601402669843,
            0.7067462314688722,
            11.046704311304458
        ],
        "cell_vol": 253.51883098727546,
        "a": 4.703957916805591,
        "b": 4.936404215892475,
        "c": 11.20293215763989,
        "alpha": 85.07766492872175,
        "beta": 81.14115140030984,
        "gamma": 81.23931581572181,
        "RSF": [
            1.5118780136108398,
            2.6907901763916016,
            4.165966033935547,
            6.282129287719727,
            9.148682594299316,
            12.094589233398438,
            14.051264762878418,
            14.206958770751953,
            12.656250953674316,
            10.403346061706543,
            7.9772114753723145,
            5.343602657318115,
            1.365674376487732,
            2.8535382747650146,
            5.180266380310059,
            7.788467884063721,
            9.882796287536621,
            11.654990196228027,
            13.074959754943848,
            13.35369873046875,
            12.446900367736816,
            10.779572486877441,
            8.38241958618164,
            5.515542507171631,
            1.365674376487732,
            2.8535382747650146,
            5.180266857147217,
            7.788467884063721,
            9.882796287536621,
            11.654990196228027,
            13.074959754943848,
            13.35369873046875,
            12.4468994140625,
            10.779571533203125,
            8.382418632507324,
            5.515542507171631,
            0.8194252848625183,
            2.500009775161743,
            4.995441913604736,
            7.549081325531006,
            9.924689292907715,
            11.878026008605957,
            13.117354393005371,
            13.436904907226562,
            12.472564697265625,
            10.614134788513184,
            8.300250053405762,
            5.538909435272217
        ],
        "file_path": "benzene_2mpc_0_he_rsf/geometry_20bdc00b0c.json",
        "replica": "init_pool",
        "AP_cluster": 6
    },
    "struct_id": "geometry_20bdc00b0c",
    "input_ref": null,
    "geometry": [
        [
            4.7143683433532715,
            3.628283977508545,
            2.21097993850708,
            "C",
            NaN,
            NaN,
            false
        ],
        [
            4.325445652008057,
            4.293582916259766,
            3.378169059753418,
            "C",
            NaN,
            NaN,
            false
        ],
        [
            3.201028347015381,
            3.8605124950408936,
            4.088232040405273,
            "C",
            NaN,
            NaN,
            false
        ],
        [
            2.465604305267334,
            2.762166976928711,
            3.6310603618621826,
            "C",
            NaN,
            NaN,
            false
        ],
        [
            2.854527235031128,
            2.0968687534332275,
            2.4638705253601074,
            "C",
            NaN,
            NaN,
            false
        ],
        [
            3.978944778442383,
            2.529939889907837,
            1.7538079023361206,
            "C",
            NaN,
            NaN,
            false
        ],
        [
            5.591823101043701,
            3.966237783432007,
            1.6568735837936401,
            "H",
            NaN,
            NaN,
            false
        ],
        [
            4.899458408355713,
            5.150635719299316,
            3.734744071960449,
            "H",
            NaN,
            NaN,
            false
        ],
        [
            2.897371292114258,
            4.379528522491455,
            4.999050617218018,
            "H",
            NaN,
            NaN,
            false
        ],
        [
            1.5881496667861938,
            2.4242138862609863,
            4.18516731262207,
            "H",
            NaN,
            NaN,
            false
        ],
        [
            2.280514717102051,
            1.2398149967193604,
            2.107295036315918,
            "H",
            NaN,
            NaN,
            false
        ],
        [
            4.282601833343506,
            2.010923147201538,
            0.8429889678955078,
            "H",
            NaN,
            NaN,
            false
        ],
        [
            2.466701030731201,
            1.957274317741394,
            8.835723876953125,
            "C",
            NaN,
            NaN,
            false
        ],
        [
            2.855623722076416,
            1.2919745445251465,
            7.668534278869629,
            "C",
            NaN,
            NaN,
            false
        ],
        [
            3.980041027069092,
            1.7250465154647827,
            6.95847225189209,
            "C",
            NaN,
            NaN,
            false
        ],
        [
            4.715465068817139,
            2.8233911991119385,
            7.415643692016602,
            "C",
            NaN,
            NaN,
            false
        ],
        [
            4.326542377471924,
            3.4886891841888428,
            8.582832336425781,
            "C",
            NaN,
            NaN,
            false
        ],
        [
            3.2021255493164062,
            3.055617332458496,
            9.292896270751953,
            "C",
            NaN,
            NaN,
            false
        ],
        [
            1.5892473459243774,
            1.6193209886550903,
            9.38983154296875,
            "H",
            NaN,
            NaN,
            false
        ],
        [
            2.281611204147339,
            0.4349200427532196,
            7.311958312988281,
            "H",
            NaN,
            NaN,
            false
        ],
        [
            4.283698081970215,
            1.206028938293457,
            6.047652721405029,
            "H",
            NaN,
            NaN,
            false
        ],
        [
            5.592919826507568,
            3.1613450050354004,
            6.861537456512451,
            "H",
            NaN,
            NaN,
            false
        ],
        [
            4.900554656982422,
            4.345743179321289,
            8.939409255981445,
            "H",
            NaN,
            NaN,
            false
        ],
        [
            2.898467540740967,
            3.5746359825134277,
            10.203715324401855,
            "H",
            NaN,
            NaN,
            false
        ]
    ]
}