{
    "properties": {
        "Z": 2,
        "number_of_atoms_in_molecule": 12,
        "unit_cell_volume": 277.112366,
        "attempted_spg": 99,
        "attempted_wyckoff_position": "2c",
        "site_symmetry_group": "mm2",
        "spg": 123,
        "lattice_vector_a": [
            2.919817,
            0.0,
            0.0
        ],
        "lattice_vector_b": [
            5.965282113199738e-16,
            9.742045,
            0.0
        ],
        "lattice_vector_c": [
            5.965282113199738e-16,
            5.965282113199736e-16,
            9.742045
        ],
        "cell_vol": 277.11235902184984,
        "a": 2.919817,
        "b": 9.742045,
        "c": 9.742045,
        "alpha": 90,
        "beta": 90,
        "gamma": 90,
        "RSF": [
            1.7418497800827026,
            3.466472864151001,
            5.412844181060791,
            6.5608391761779785,
            6.913170337677002,
            8.124558448791504,
            10.439915657043457,
            12.030268669128418,
            12.030488014221191,
            10.804348945617676,
            8.54056453704834,
            5.589807510375977,
            1.2818447351455688,
            2.6283109188079834,
            4.814005374908447,
            7.340626239776611,
            9.12085247039795,
            10.207413673400879,
            11.401875495910645,
            12.158246040344238,
            11.564139366149902,
            9.98204517364502,
            7.809868335723877,
            5.202469825744629,
            1.2818444967269897,
            2.6283109188079834,
            4.814005374908447,
            7.340627670288086,
            9.120853424072266,
            10.207414627075195,
            11.401875495910645,
            12.158247947692871,
            11.564139366149902,
            9.98204517364502,
            7.809868335723877,
            5.202469348907471,
            0.7869468331336975,
            2.233734369277954,
            4.452856540679932,
            6.857136249542236,
            8.895586967468262,
            10.644606590270996,
            12.176884651184082,
            12.604960441589355,
            11.507920265197754,
            9.642868995666504,
            7.427407741546631,
            4.992122650146484
        ],
        "file_path": "benzene_2mpc_0_he_rsf/geometry_9a5d7caf24.json",
        "replica": "init_pool",
        "AP_cluster": 0
    },
    "struct_id": "geometry_9a5d7caf24",
    "input_ref": null,
    "geometry": [
        [
            1.9275890588760376,
            4.8710222244262695,
            -1.3985459804534912,
            "C",
            NaN,
            NaN,
            false
        ],
        [
            1.9275890588760376,
            6.082326889038086,
            -0.6992939710617065,
            "C",
            NaN,
            NaN,
            false
        ],
        [
            1.9275890588760376,
            6.082326889038086,
            0.6992939710617065,
            "C",
            NaN,
            NaN,
            false
        ],
        [
            1.9275890588760376,
            4.8710222244262695,
            1.3985459804534912,
            "C",
            NaN,
            NaN,
            false
        ],
        [
            1.9275890588760376,
            3.659717082977295,
            0.6992939710617065,
            "C",
            NaN,
            NaN,
            false
        ],
        [
            1.9275890588760376,
            3.659717082977295,
            -0.6992939710617065,
            "C",
            NaN,
            NaN,
            false
        ],
        [
            1.9275890588760376,
            4.8710222244262695,
            -2.4899539947509766,
            "H",
            NaN,
            NaN,
            false
        ],
        [
            1.9275890588760376,
            7.027440071105957,
            -1.2451330423355103,
            "H",
            NaN,
            NaN,
            false
        ],
        [
            1.9275890588760376,
            7.027440071105957,
            1.2451330423355103,
            "H",
            NaN,
            NaN,
            false
        ],
        [
            1.9275890588760376,
            4.8710222244262695,
            2.4899539947509766,
            "H",
            NaN,
            NaN,
            false
        ],
        [
            1.9275890588760376,
            2.7146050930023193,
            1.2451330423355103,
            "H",
            NaN,
            NaN,
            false
        ],
        [
            1.9275890588760376,
            2.7146050930023193,
            -1.2451330423355103,
            "H",
            NaN,
            NaN,
            false
        ],
        [
            1.9275890588760376,
            1.3985459804534912,
            4.8710222244262695,
            "C",
            NaN,
            NaN,
            false
        ],
        [
            1.9275890588760376,
            0.6992939710617065,
            6.082326889038086,
            "C",
            NaN,
            NaN,
            false
        ],
        [
            1.9275890588760376,
            -0.6992939710617065,
            6.082326889038086,
            "C",
            NaN,
            NaN,
            false
        ],
        [
            1.9275890588760376,
            -1.3985459804534912,
            4.8710222244262695,
            "C",
            NaN,
            NaN,
            false
        ],
        [
            1.9275890588760376,
            -0.6992939710617065,
            3.659717082977295,
            "C",
            NaN,
            NaN,
            false
        ],
        [
            1.9275890588760376,
            0.6992939710617065,
            3.659717082977295,
            "C",
            NaN,
            NaN,
            false
        ],
        [
            1.9275890588760376,
            2.4899539947509766,
            4.8710222244262695,
            "H",
            NaN,
            NaN,
            false
        ],
        [
            1.9275890588760376,
            1.2451330423355103,
            7.027440071105957,
            "H",
            NaN,
            NaN,
            false
        ],
        [
            1.9275890588760376,
            -1.2451330423355103,
            7.027440071105957,
            "H",
            NaN,
            NaN,
            false
        ],
        [
            1.9275890588760376,
            -2.4899539947509766,
            4.8710222244262695,
            "H",
            NaN,
            NaN,
            false
        ],
        [
            1.9275890588760376,
            -1.2451330423355103,
            2.7146050930023193,
            "H",
            NaN,
            NaN,
            false
        ],
        [
            1.9275890588760376,
            1.2451330423355103,
            2.7146050930023193,
            "H",
            NaN,
            NaN,
            false
        ]
    ]
}