{
    "properties": {
        "Z": 2,
        "number_of_atoms_in_molecule": 12,
        "unit_cell_volume": 215.059998,
        "attempted_spg": 184,
        "attempted_wyckoff_position": "2a",
        "site_symmetry_group": "6",
        "spg": 192,
        "lattice_vector_a": [
            6.140815,
            0.0,
            0.0
        ],
        "lattice_vector_b": [
            3.8938777777179306e-16,
            6.359185,
            0.0
        ],
        "lattice_vector_c": [
            3.893878059465151e-16,
            -3.1795929999999997,
            5.507216
        ],
        "cell_vol": 215.05997147219827,
        "a": 6.140815,
        "b": 6.359185,
        "c": 6.359185460128129,
        "alpha": 120.00000280834993,
        "beta": 90.0,
        "gamma": 90.0,
        "rdf": [
            "41.49544",
            "80.0166",
            "144.1428",
            "201.60811",
            "254.038",
            "342.154",
            "390.58203",
            "333.53918",
            "232.53659",
            "131.71765",
            "55.398987",
            "27.836565",
            "70.55028",
            "156.07993",
            "252.8484",
            "301.80408",
            "322.604",
            "332.12878",
            "291.71622",
            "210.88683",
            "125.9575",
            "59.86483",
            "27.836563",
            "70.55028",
            "156.07991",
            "252.84839",
            "301.80408",
            "322.604",
            "332.12878",
            "291.71622",
            "210.88681",
            "125.9575",
            "59.86483",
            "29.796759",
            "76.16697",
            "149.68947",
            "227.4137",
            "278.36597",
            "321.63605",
            "341.953",
            "281.412",
            "192.86609",
            "115.70903",
            "53.98552"
        ]
    },
    "struct_id": "geometry_fb90da5e3e",
    "input_ref": null,
    "geometry": [
        [
            2.7551589012145996,
            0.14143000543117523,
            1.3914589881896973,
            "C",
            NaN,
            NaN,
            false
        ],
        [
            2.7551589012145996,
            1.2757539749145508,
            0.5732460021972656,
            "C",
            NaN,
            NaN,
            false
        ],
        [
            2.7551589012145996,
            1.1343239545822144,
            -0.8182129859924316,
            "C",
            NaN,
            NaN,
            false
        ],
        [
            2.7551589012145996,
            -0.14143000543117523,
            -1.3914589881896973,
            "C",
            NaN,
            NaN,
            false
        ],
        [
            2.7551589012145996,
            -1.2757539749145508,
            -0.5732470154762268,
            "C",
            NaN,
            NaN,
            false
        ],
        [
            2.7551589012145996,
            -1.1343239545822144,
            0.8182119727134705,
            "C",
            NaN,
            NaN,
            false
        ],
        [
            2.7551589012145996,
            0.2517940104007721,
            2.4772748947143555,
            "H",
            NaN,
            NaN,
            false
        ],
        [
            2.7551589012145996,
            2.27128005027771,
            1.0205780267715454,
            "H",
            NaN,
            NaN,
            false
        ],
        [
            2.7551589012145996,
            2.0194859504699707,
            -1.456697940826416,
            "H",
            NaN,
            NaN,
            false
        ],
        [
            2.7551589012145996,
            -0.2517949938774109,
            -2.4772748947143555,
            "H",
            NaN,
            NaN,
            false
        ],
        [
            2.7551589012145996,
            -2.2712810039520264,
            -1.0205780267715454,
            "H",
            NaN,
            NaN,
            false
        ],
        [
            2.7551589012145996,
            -2.0194859504699707,
            1.4566969871520996,
            "H",
            NaN,
            NaN,
            false
        ],
        [
            5.82556676864624,
            1.1343239545822144,
            0.8182119727134705,
            "C",
            NaN,
            NaN,
            false
        ],
        [
            5.82556676864624,
            -0.14143000543117523,
            1.3914589881896973,
            "C",
            NaN,
            NaN,
            false
        ],
        [
            5.82556676864624,
            -1.2757539749145508,
            0.573248028755188,
            "C",
            NaN,
            NaN,
            false
        ],
        [
            5.82556676864624,
            -1.1343239545822144,
            -0.8182119727134705,
            "C",
            NaN,
            NaN,
            false
        ],
        [
            5.82556676864624,
            0.14143000543117523,
            -1.3914589881896973,
            "C",
            NaN,
            NaN,
            false
        ],
        [
            5.82556676864624,
            1.2757539749145508,
            -0.5732470154762268,
            "C",
            NaN,
            NaN,
            false
        ],
        [
            5.82556676864624,
            2.0194859504699707,
            1.456697940826416,
            "H",
            NaN,
            NaN,
            false
        ],
        [
            5.82556676864624,
            -0.2517949938774109,
            2.4772748947143555,
            "H",
            NaN,
            NaN,
            false
        ],
        [
            5.82556676864624,
            -2.2712810039520264,
            1.0205769538879395,
            "H",
            NaN,
            NaN,
            false
        ],
        [
            5.82556676864624,
            -2.0194859504699707,
            -1.456697940826416,
            "H",
            NaN,
            NaN,
            false
        ],
        [
            5.82556676864624,
            0.2517949938774109,
            -2.4772748947143555,
            "H",
            NaN,
            NaN,
            false
        ],
        [
            5.82556676864624,
            2.27128005027771,
            -1.0205769538879395,
            "H",
            NaN,
            NaN,
            false
        ]
    ]
}