{
    "properties": {
        "Z": 2,
        "number_of_atoms_in_molecule": 12,
        "unit_cell_volume": 244.472229,
        "attempted_spg": 132,
        "attempted_wyckoff_position": "2a",
        "site_symmetry_group": "mmm",
        "spg": 132,
        "lattice_vector_a": [
            5.868992999999999,
            0.0,
            0.0
        ],
        "lattice_vector_b": [
            3.9519719602524826e-16,
            6.454059999999999,
            0.0
        ],
        "lattice_vector_c": [
            3.9519719602524826e-16,
            3.9519719602524826e-16,
            6.454059999999999
        ],
        "cell_vol": 244.47226066401507,
        "a": 5.868993,
        "b": 6.45406,
        "c": 6.45406,
        "alpha": 90.0,
        "beta": 90.0,
        "gamma": 90.0,
        "rdf": [
            "42.966366",
            "84.717186",
            "141.409",
            "170.54837",
            "196.20126",
            "270.22772",
            "322.55115",
            "300.18945",
            "238.79842",
            "154.29965",
            "71.274475",
            "27.58464",
            "67.08957",
            "138.62512",
            "211.64017",
            "250.3302",
            "286.50394",
            "312.1649",
            "280.70566",
            "213.21075",
            "135.10193",
            "64.93573",
            "27.58464",
            "67.08958",
            "138.62514",
            "211.64018",
            "250.33022",
            "286.5039",
            "312.16492",
            "280.70566",
            "213.21074",
            "135.10194",
            "64.93573",
            "24.666084",
            "65.52471",
            "128.94289",
            "196.54846",
            "256.90692",
            "302.36517",
            "314.80734",
            "267.61877",
            "197.26286",
            "123.70765",
            "59.795296"
        ]
    },
    "struct_id": "geometry_1945a11b68",
    "input_ref": null,
    "geometry": [
        [
            -6.123234271811569e-23,
            0.9889219999313354,
            -0.9889230132102966,
            "C",
            NaN,
            NaN,
            false
        ],
        [
            -1.0489387350534298e-16,
            -0.3620469868183136,
            -1.3509999513626099,
            "C",
            NaN,
            NaN,
            false
        ],
        [
            -1.0489387350534298e-16,
            -1.3509989976882935,
            -0.3620480000972748,
            "C",
            NaN,
            NaN,
            false
        ],
        [
            -4.930380657631324e-32,
            -0.9889209866523743,
            0.9889209866523743,
            "C",
            NaN,
            NaN,
            false
        ],
        [
            1.0489375439133477e-16,
            0.3620469868183136,
            1.350998044013977,
            "C",
            NaN,
            NaN,
            false
        ],
        [
            1.0489369483433067e-16,
            1.3509989976882935,
            0.3620449900627136,
            "C",
            NaN,
            NaN,
            false
        ],
        [
            -6.123234271811569e-23,
            1.7606639862060547,
            -1.7606650590896606,
            "H",
            NaN,
            NaN,
            false
        ],
        [
            -1.8673647327009923e-16,
            -0.6443759799003601,
            -2.405261993408203,
            "H",
            NaN,
            NaN,
            false
        ],
        [
            -1.8673635415609102e-16,
            -2.4052600860595703,
            -0.6443759799003601,
            "H",
            NaN,
            NaN,
            false
        ],
        [
            -6.123234271811569e-23,
            -1.7606639862060547,
            1.7606630325317383,
            "H",
            NaN,
            NaN,
            false
        ],
        [
            1.8673635415609102e-16,
            0.6443759799003601,
            2.4052600860595703,
            "H",
            NaN,
            NaN,
            false
        ],
        [
            1.8673635415609102e-16,
            2.4052610397338867,
            0.6443750262260437,
            "H",
            NaN,
            NaN,
            false
        ],
        [
            2.9344959259033203,
            0.9889219999313354,
            0.9889219999313354,
            "C",
            NaN,
            NaN,
            false
        ],
        [
            2.9344959259033203,
            1.3509989976882935,
            -0.3620469868183136,
            "C",
            NaN,
            NaN,
            false
        ],
        [
            2.9344959259033203,
            0.3620469868183136,
            -1.3509989976882935,
            "C",
            NaN,
            NaN,
            false
        ],
        [
            2.9344959259033203,
            -0.9889209866523743,
            -0.9889209866523743,
            "C",
            NaN,
            NaN,
            false
        ],
        [
            2.9344959259033203,
            -1.3509989976882935,
            0.3620469868183136,
            "C",
            NaN,
            NaN,
            false
        ],
        [
            2.9344959259033203,
            -0.3620469868183136,
            1.3509989976882935,
            "C",
            NaN,
            NaN,
            false
        ],
        [
            2.9344959259033203,
            1.7606639862060547,
            1.7606639862060547,
            "H",
            NaN,
            NaN,
            false
        ],
        [
            2.9344959259033203,
            2.4052610397338867,
            -0.6443759799003601,
            "H",
            NaN,
            NaN,
            false
        ],
        [
            2.9344959259033203,
            0.6443759799003601,
            -2.4052600860595703,
            "H",
            NaN,
            NaN,
            false
        ],
        [
            2.9344959259033203,
            -1.7606639862060547,
            -1.7606639862060547,
            "H",
            NaN,
            NaN,
            false
        ],
        [
            2.9344959259033203,
            -2.4052600860595703,
            0.6443759799003601,
            "H",
            NaN,
            NaN,
            false
        ],
        [
            2.9344959259033203,
            -0.6443759799003601,
            2.4052610397338867,
            "H",
            NaN,
            NaN,
            false
        ]
    ]
}