{
    "properties": {
        "Z": 2,
        "number_of_atoms_in_molecule": 12,
        "unit_cell_volume": 210.589142,
        "attempted_spg": 149,
        "attempted_wyckoff_position": "2h",
        "site_symmetry_group": "3",
        "spg": 177,
        "lattice_vector_a": [
            6.207276,
            0.0,
            0.0
        ],
        "lattice_vector_b": [
            3.832507664995659e-16,
            6.25896,
            0.0
        ],
        "lattice_vector_c": [
            3.8325074734183075e-16,
            -3.129480000000002,
            5.420417999999999
        ],
        "cell_vol": 210.58915944237978,
        "a": 6.207276,
        "b": 6.25896,
        "c": 6.258959687130441,
        "alpha": 120.00000165357223,
        "beta": 90.0,
        "gamma": 90.0,
        "rdf": [
            "41.28174",
            "79.60031",
            "146.11911",
            "209.67139",
            "265.2641",
            "350.6319",
            "395.89258",
            "335.66934",
            "231.77638",
            "130.17574",
            "54.8542",
            "28.617325",
            "72.839935",
            "159.10522",
            "258.48212",
            "308.80753",
            "325.32202",
            "334.80743",
            "297.09433",
            "212.3949",
            "125.15475",
            "59.43794",
            "28.617325",
            "72.83995",
            "159.10522",
            "258.48212",
            "308.8075",
            "325.32202",
            "334.80743",
            "297.09433",
            "212.39487",
            "125.15474",
            "59.437935",
            "31.331244",
            "78.1855",
            "150.7168",
            "232.11694",
            "284.42258",
            "326.23495",
            "344.30658",
            "283.4821",
            "194.83528",
            "114.580444",
            "53.976852"
        ]
    },
    "struct_id": "geometry_0688ced6c6",
    "input_ref": null,
    "geometry": [
        [
            1.5390299558639526,
            -1.08577299118042,
            2.7319889068603516,
            "C",
            NaN,
            NaN,
            false
        ],
        [
            1.5390299558639526,
            -1.3063939809799194,
            4.113107204437256,
            "C",
            NaN,
            NaN,
            false
        ],
        [
            1.5390299558639526,
            -0.2206210047006607,
            4.994729995727539,
            "C",
            NaN,
            NaN,
            false
        ],
        [
            1.5390299558639526,
            1.08577299118042,
            4.49523401260376,
            "C",
            NaN,
            NaN,
            false
        ],
        [
            1.5390299558639526,
            1.3063939809799194,
            3.1141159534454346,
            "C",
            NaN,
            NaN,
            false
        ],
        [
            1.5390299558639526,
            0.2206210047006607,
            2.2324941158294678,
            "C",
            NaN,
            NaN,
            false
        ],
        [
            1.5390299558639526,
            -1.9330480098724365,
            2.044019937515259,
            "H",
            NaN,
            NaN,
            false
        ],
        [
            1.5390299558639526,
            -2.3258299827575684,
            4.5028839111328125,
            "H",
            NaN,
            NaN,
            false
        ],
        [
            1.5390299558639526,
            -0.3927820026874542,
            6.072475910186768,
            "H",
            NaN,
            NaN,
            false
        ],
        [
            1.5390299558639526,
            1.9330480098724365,
            5.183201789855957,
            "H",
            NaN,
            NaN,
            false
        ],
        [
            1.5390299558639526,
            2.3258299827575684,
            2.7243380546569824,
            "H",
            NaN,
            NaN,
            false
        ],
        [
            1.5390299558639526,
            0.3927820026874542,
            1.1547479629516602,
            "H",
            NaN,
            NaN,
            false
        ],
        [
            4.668245792388916,
            0.2206210047006607,
            4.994729995727539,
            "C",
            NaN,
            NaN,
            false
        ],
        [
            4.668245792388916,
            -1.08577299118042,
            4.49523401260376,
            "C",
            NaN,
            NaN,
            false
        ],
        [
            4.668245792388916,
            -1.3063939809799194,
            3.1141159534454346,
            "C",
            NaN,
            NaN,
            false
        ],
        [
            4.668245792388916,
            -0.2206210047006607,
            2.2324941158294678,
            "C",
            NaN,
            NaN,
            false
        ],
        [
            4.668245792388916,
            1.08577299118042,
            2.7319889068603516,
            "C",
            NaN,
            NaN,
            false
        ],
        [
            4.668245792388916,
            1.3063939809799194,
            4.113107204437256,
            "C",
            NaN,
            NaN,
            false
        ],
        [
            4.668245792388916,
            0.39278098940849304,
            6.072475910186768,
            "H",
            NaN,
            NaN,
            false
        ],
        [
            4.668245792388916,
            -1.9330480098724365,
            5.183201789855957,
            "H",
            NaN,
            NaN,
            false
        ],
        [
            4.668245792388916,
            -2.3258299827575684,
            2.7243380546569824,
            "H",
            NaN,
            NaN,
            false
        ],
        [
            4.668245792388916,
            -0.3927820026874542,
            1.1547479629516602,
            "H",
            NaN,
            NaN,
            false
        ],
        [
            4.668245792388916,
            1.9330480098724365,
            2.044019937515259,
            "H",
            NaN,
            NaN,
            false
        ],
        [
            4.668245792388916,
            2.3258299827575684,
            4.502884864807129,
            "H",
            NaN,
            NaN,
            false
        ]
    ]
}