{
    "properties": {
        "Z": 2,
        "number_of_atoms_in_molecule": 12,
        "unit_cell_volume": 220.570541,
        "attempted_spg": 162,
        "attempted_wyckoff_position": "2e",
        "site_symmetry_group": "3m",
        "spg": 191,
        "lattice_vector_a": [
            6.248934,
            0.0,
            0.0
        ],
        "lattice_vector_b": [
            3.909185862707273e-16,
            6.384185,
            0.0
        ],
        "lattice_vector_c": [
            3.909185807671697e-16,
            -3.1920929999999994,
            5.528866000000001
        ],
        "cell_vol": 220.57051922590492,
        "a": 6.248934,
        "b": 6.384185,
        "c": 6.384184910120085,
        "alpha": 120.00000564722653,
        "beta": 90.0,
        "gamma": 90.0,
        "rdf": [
            "41.39711",
            "78.339836",
            "139.20583",
            "196.43542",
            "246.9703",
            "330.59232",
            "381.39053",
            "328.18607",
            "227.59915",
            "128.28723",
            "53.963085",
            "27.53344",
            "68.83114",
            "151.73657",
            "246.17224",
            "294.77936",
            "313.75507",
            "323.16232",
            "287.12885",
            "207.28207",
            "121.20148",
            "57.557198",
            "27.533442",
            "68.83113",
            "151.73656",
            "246.1722",
            "294.7794",
            "313.75504",
            "323.16226",
            "287.12878",
            "207.2821",
            "121.2015",
            "57.557198",
            "29.4584",
            "73.64876",
            "145.7732",
            "221.96667",
            "271.31238",
            "312.2829",
            "334.01233",
            "277.83536",
            "188.04929",
            "112.21377",
            "52.0833"
        ]
    },
    "struct_id": "geometry_a950d41e7e",
    "input_ref": null,
    "geometry": [
        [
            1.453516960144043,
            -1.2112489938735962,
            0.6993139982223511,
            "C",
            NaN,
            NaN,
            false
        ],
        [
            1.453516960144043,
            -9.999999974752427e-07,
            1.3986279964447021,
            "C",
            NaN,
            NaN,
            false
        ],
        [
            1.453516960144043,
            1.2112460136413574,
            0.6993139982223511,
            "C",
            NaN,
            NaN,
            false
        ],
        [
            1.453516960144043,
            1.2112469673156738,
            -0.6993139982223511,
            "C",
            NaN,
            NaN,
            false
        ],
        [
            1.453516960144043,
            0.0,
            -1.3986279964447021,
            "C",
            NaN,
            NaN,
            false
        ],
        [
            1.453516960144043,
            -1.2112480401992798,
            -0.6993139982223511,
            "C",
            NaN,
            NaN,
            false
        ],
        [
            1.453516960144043,
            -2.156438112258911,
            1.2450189590454102,
            "H",
            NaN,
            NaN,
            false
        ],
        [
            1.453516960144043,
            0.0,
            2.4900379180908203,
            "H",
            NaN,
            NaN,
            false
        ],
        [
            1.453516960144043,
            2.156435012817383,
            1.2450189590454102,
            "H",
            NaN,
            NaN,
            false
        ],
        [
            1.453516960144043,
            2.1564369201660156,
            -1.2450189590454102,
            "H",
            NaN,
            NaN,
            false
        ],
        [
            1.453516960144043,
            -9.999999974752427e-07,
            -2.4900379180908203,
            "H",
            NaN,
            NaN,
            false
        ],
        [
            1.453516960144043,
            -2.1564369201660156,
            -1.2450189590454102,
            "H",
            NaN,
            NaN,
            false
        ],
        [
            4.795416831970215,
            1.2112480401992798,
            -0.6993139982223511,
            "C",
            NaN,
            NaN,
            false
        ],
        [
            4.795416831970215,
            -8.69147786367028e-17,
            -1.3986279964447021,
            "C",
            NaN,
            NaN,
            false
        ],
        [
            4.795416831970215,
            -1.2112480401992798,
            -0.6993139982223511,
            "C",
            NaN,
            NaN,
            false
        ],
        [
            4.795416831970215,
            -1.2112480401992798,
            0.6993139982223511,
            "C",
            NaN,
            NaN,
            false
        ],
        [
            4.795416831970215,
            8.69147786367028e-17,
            1.3986279964447021,
            "C",
            NaN,
            NaN,
            false
        ],
        [
            4.795416831970215,
            1.2112469673156738,
            0.6993139982223511,
            "C",
            NaN,
            NaN,
            false
        ],
        [
            4.795416831970215,
            2.156435966491699,
            -1.2450189590454102,
            "H",
            NaN,
            NaN,
            false
        ],
        [
            4.795416831970215,
            -1.5473814932634293e-16,
            -2.4900379180908203,
            "H",
            NaN,
            NaN,
            false
        ],
        [
            4.795416831970215,
            -2.156435966491699,
            -1.2450189590454102,
            "H",
            NaN,
            NaN,
            false
        ],
        [
            4.795416831970215,
            -2.156435966491699,
            1.2450189590454102,
            "H",
            NaN,
            NaN,
            false
        ],
        [
            4.795416831970215,
            1.5473814932634293e-16,
            2.4900379180908203,
            "H",
            NaN,
            NaN,
            false
        ],
        [
            4.795416831970215,
            2.156435966491699,
            1.2450189590454102,
            "H",
            NaN,
            NaN,
            false
        ]
    ]
}