{
    "properties": {
        "lattice_vector_a": [
            6.053871,
            0.0,
            0.0
        ],
        "lattice_vector_b": [
            0.0,
            12.592586,
            0.0
        ],
        "lattice_vector_c": [
            3.984077,
            0.0,
            2.906221
        ],
        "unit_cell_volume": 221.55253551833525,
        "cell_vol": 221.55253551833525,
        "spg": 6,
        "molecule_harris_info": [
            [
                100.94323546830672,
                -110.41866593540128,
                27.710042530935223,
                6.587569267191785,
                8.96509907727546,
                1.5843326105003026,
                false
            ],
            [
                -101.68691020417504,
                -61.341724846107844,
                -150.50429717930825,
                6.587569267191785,
                3.6274826894415186,
                1.5843326105003026,
                false
            ]
        ],
        "harris_energy": -17190.081987005
    },
    "struct_id": "target1_2mpc_9ee30df9e4",
    "input_ref": null,
    "geometry": [
        [
            4.759158134460449,
            9.21532917022705,
            1.5656050443649292,
            "O",
            NaN,
            NaN,
            false
        ],
        [
            5.71073579788208,
            10.216448783874512,
            1.4922980070114136,
            "C",
            NaN,
            NaN,
            false
        ],
        [
            5.310157775878906,
            11.219356536865234,
            1.4180660247802734,
            "H",
            NaN,
            NaN,
            false
        ],
        [
            6.937272071838379,
            9.632922172546387,
            1.5363930463790894,
            "C",
            NaN,
            NaN,
            false
        ],
        [
            8.453815460205078,
            9.508177757263184,
            1.5445990562438965,
            "C",
            NaN,
            NaN,
            false
        ],
        [
            8.959823608398438,
            9.963235855102539,
            2.405824899673462,
            "H",
            NaN,
            NaN,
            false
        ],
        [
            8.959744453430176,
            9.83515739440918,
            0.6270040273666382,
            "H",
            NaN,
            NaN,
            false
        ],
        [
            8.238170623779297,
            7.940536022186279,
            1.6581590175628662,
            "C",
            NaN,
            NaN,
            false
        ],
        [
            8.621780395507812,
            7.491703987121582,
            2.5835750102996826,
            "H",
            NaN,
            NaN,
            false
        ],
        [
            8.617465019226074,
            7.364307880401611,
            0.8043810129165649,
            "H",
            NaN,
            NaN,
            false
        ],
        [
            6.743913173675537,
            8.228080749511719,
            1.6396570205688477,
            "C",
            NaN,
            NaN,
            false
        ],
        [
            5.405017852783203,
            7.995777130126953,
            1.6555980443954468,
            "C",
            NaN,
            NaN,
            false
        ],
        [
            4.7488298416137695,
            7.137143135070801,
            1.718703031539917,
            "H",
            NaN,
            NaN,
            false
        ],
        [
            4.759158134460449,
            3.377255916595459,
            1.5656050443649292,
            "O",
            NaN,
            NaN,
            false
        ],
        [
            5.71073579788208,
            2.3761370182037354,
            1.4922980070114136,
            "C",
            NaN,
            NaN,
            false
        ],
        [
            5.310157775878906,
            1.3732290267944336,
            1.4180660247802734,
            "H",
            NaN,
            NaN,
            false
        ],
        [
            6.937272071838379,
            2.9596641063690186,
            1.5363930463790894,
            "C",
            NaN,
            NaN,
            false
        ],
        [
            8.453815460205078,
            3.084407091140747,
            1.5445990562438965,
            "C",
            NaN,
            NaN,
            false
        ],
        [
            8.959823608398438,
            2.6293489933013916,
            2.405824899673462,
            "H",
            NaN,
            NaN,
            false
        ],
        [
            8.959744453430176,
            2.757427930831909,
            0.6270040273666382,
            "H",
            NaN,
            NaN,
            false
        ],
        [
            8.238170623779297,
            4.6520490646362305,
            1.6581590175628662,
            "C",
            NaN,
            NaN,
            false
        ],
        [
            8.621780395507812,
            5.100881099700928,
            2.5835750102996826,
            "H",
            NaN,
            NaN,
            false
        ],
        [
            8.617465019226074,
            5.228277206420898,
            0.8043810129165649,
            "H",
            NaN,
            NaN,
            false
        ],
        [
            6.743913173675537,
            4.364503860473633,
            1.6396570205688477,
            "C",
            NaN,
            NaN,
            false
        ],
        [
            5.405017852783203,
            4.596808910369873,
            1.6555980443954468,
            "C",
            NaN,
            NaN,
            false
        ],
        [
            4.7488298416137695,
            5.455442905426025,
            1.718703031539917,
            "H",
            NaN,
            NaN,
            false
        ]
    ]
}