{
    "properties": {
        "lattice_vector_a": [
            8.459632,
            0.0,
            0.0
        ],
        "lattice_vector_b": [
            0.0,
            6.706206,
            0.0
        ],
        "lattice_vector_c": [
            0.992826,
            0.0,
            4.228424
        ],
        "unit_cell_volume": 239.8870978393273,
        "cell_vol": 239.8870978393273,
        "spg": 4,
        "molecule_harris_info": [
            [
                143.27894230347565,
                -22.18630960948222,
                -161.1344873941921,
                3.4509062843119844,
                0.6594446196835091,
                2.675755028830881,
                false
            ],
            [
                36.72062899509929,
                -157.8131556844302,
                18.8649747025331,
                6.001553104278889,
                4.012547669258524,
                1.5526598772390725,
                false
            ]
        ],
        "harris_energy": -16716.443112361
    },
    "struct_id": "target1_2mpc_e2203b4680",
    "input_ref": null,
    "geometry": [
        [
            4.372791767120361,
            2.1692090034484863,
            2.1496469974517822,
            "O",
            NaN,
            NaN,
            false
        ],
        [
            3.136776924133301,
            1.7720839977264404,
            1.67249596118927,
            "C",
            NaN,
            NaN,
            false
        ],
        [
            2.704758882522583,
            2.4288060665130615,
            0.9282699823379517,
            "H",
            NaN,
            NaN,
            false
        ],
        [
            2.796704053878784,
            0.6159650087356567,
            2.300652027130127,
            "C",
            NaN,
            NaN,
            false
        ],
        [
            1.976091980934143,
            -0.6071490049362183,
            2.682905912399292,
            "C",
            NaN,
            NaN,
            false
        ],
        [
            1.8137739896774292,
            -1.3363499641418457,
            1.8786979913711548,
            "H",
            NaN,
            NaN,
            false
        ],
        [
            1.0132969617843628,
            -0.3977920114994049,
            3.1667020320892334,
            "H",
            NaN,
            NaN,
            false
        ],
        [
            3.151671886444092,
            -0.9768909811973572,
            3.682004928588867,
            "C",
            NaN,
            NaN,
            false
        ],
        [
            3.6653919219970703,
            -1.9200860261917114,
            3.4551169872283936,
            "H",
            NaN,
            NaN,
            false
        ],
        [
            2.86682391166687,
            -0.9778180122375488,
            4.74205207824707,
            "H",
            NaN,
            NaN,
            false
        ],
        [
            3.8510069847106934,
            0.2838839888572693,
            3.1949639320373535,
            "C",
            NaN,
            NaN,
            false
        ],
        [
            4.803420066833496,
            1.2471699714660645,
            3.08610200881958,
            "C",
            NaN,
            NaN,
            false
        ],
        [
            5.768333911895752,
            1.463104009628296,
            3.5267040729522705,
            "H",
            NaN,
            NaN,
            false
        ],
        [
            5.0796661376953125,
            5.522312164306641,
            2.0787770748138428,
            "O",
            NaN,
            NaN,
            false
        ],
        [
            6.315680980682373,
            5.125185966491699,
            2.5559279918670654,
            "C",
            NaN,
            NaN,
            false
        ],
        [
            6.747698783874512,
            5.781909942626953,
            3.300153970718384,
            "H",
            NaN,
            NaN,
            false
        ],
        [
            6.655754089355469,
            3.969069004058838,
            1.927772045135498,
            "C",
            NaN,
            NaN,
            false
        ],
        [
            7.476365089416504,
            2.7459540367126465,
            1.5455169677734375,
            "C",
            NaN,
            NaN,
            false
        ],
        [
            7.638683795928955,
            2.0167529582977295,
            2.3497259616851807,
            "H",
            NaN,
            NaN,
            false
        ],
        [
            8.439160346984863,
            2.9553110599517822,
            1.0617220401763916,
            "H",
            NaN,
            NaN,
            false
        ],
        [
            6.300786018371582,
            2.3762118816375732,
            0.5464190244674683,
            "C",
            NaN,
            NaN,
            false
        ],
        [
            5.7870659828186035,
            1.4330170154571533,
            0.7733060121536255,
            "H",
            NaN,
            NaN,
            false
        ],
        [
            6.585632801055908,
            2.375286102294922,
            -0.5136290192604065,
            "H",
            NaN,
            NaN,
            false
        ],
        [
            5.601449966430664,
            3.6369869709014893,
            1.033460021018982,
            "C",
            NaN,
            NaN,
            false
        ],
        [
            4.649037837982178,
            4.600273132324219,
            1.1423219442367554,
            "C",
            NaN,
            NaN,
            false
        ],
        [
            3.684123992919922,
            4.816206932067871,
            0.7017199993133545,
            "H",
            NaN,
            NaN,
            false
        ]
    ]
}