{
    "properties": {
        "lattice_vector_a": [
            4.151752,
            0.0,
            0.0
        ],
        "lattice_vector_b": [
            0.0,
            17.852194,
            0.0
        ],
        "lattice_vector_c": [
            4.442347,
            0.0,
            2.988349
        ],
        "unit_cell_volume": 221.49009898680563,
        "cell_vol": 221.49009898680563,
        "spg": 6,
        "molecule_harris_info": [
            [
                32.3610860906077,
                -94.67961560424062,
                17.56290736904243,
                4.368010300271054,
                14.562173986688574,
                2.26571664574774,
                false
            ],
            [
                -43.79928675928625,
                -46.69892577543766,
                -136.26371442036898,
                4.368010300271054,
                3.2900163341075817,
                2.26571664574774,
                false
            ]
        ],
        "harris_energy": -17909.93793335
    },
    "struct_id": "target1_2mpc_03ae95c504",
    "input_ref": null,
    "geometry": [
        [
            3.8822360038757324,
            16.337778091430664,
            2.397264003753662,
            "O",
            NaN,
            NaN,
            false
        ],
        [
            5.090487957000732,
            15.865887641906738,
            1.917099952697754,
            "C",
            NaN,
            NaN,
            false
        ],
        [
            5.784564018249512,
            16.633848190307617,
            1.6004070043563843,
            "H",
            NaN,
            NaN,
            false
        ],
        [
            5.065640926361084,
            14.508637428283691,
            1.9810830354690552,
            "C",
            NaN,
            NaN,
            false
        ],
        [
            5.538087844848633,
            13.068984031677246,
            1.8406569957733154,
            "C",
            NaN,
            NaN,
            false
        ],
        [
            6.400228977203369,
            12.792851448059082,
            2.461379051208496,
            "H",
            NaN,
            NaN,
            false
        ],
        [
            5.7224650382995605,
            12.730345726013184,
            0.8129439949989319,
            "H",
            NaN,
            NaN,
            false
        ],
        [
            4.131508827209473,
            12.640002250671387,
            2.435978889465332,
            "C",
            NaN,
            NaN,
            false
        ],
        [
            4.182957172393799,
            12.114738464355469,
            3.3985021114349365,
            "H",
            NaN,
            NaN,
            false
        ],
        [
            3.504049062728882,
            12.056386947631836,
            1.7500300407409668,
            "H",
            NaN,
            NaN,
            false
        ],
        [
            3.805572032928467,
            14.124317169189453,
            2.5160129070281982,
            "C",
            NaN,
            NaN,
            false
        ],
        [
            3.0986549854278564,
            15.258447647094727,
            2.762752056121826,
            "C",
            NaN,
            NaN,
            false
        ],
        [
            2.1234169006347656,
            15.516590118408203,
            3.15529203414917,
            "H",
            NaN,
            NaN,
            false
        ],
        [
            3.8822360038757324,
            1.5144150257110596,
            2.397264003753662,
            "O",
            NaN,
            NaN,
            false
        ],
        [
            5.090487957000732,
            1.9863059520721436,
            1.917099952697754,
            "C",
            NaN,
            NaN,
            false
        ],
        [
            5.784564018249512,
            1.2183459997177124,
            1.6004070043563843,
            "H",
            NaN,
            NaN,
            false
        ],
        [
            5.065640926361084,
            3.3435568809509277,
            1.9810830354690552,
            "C",
            NaN,
            NaN,
            false
        ],
        [
            5.538087844848633,
            4.783209800720215,
            1.8406569957733154,
            "C",
            NaN,
            NaN,
            false
        ],
        [
            6.400228977203369,
            5.059341907501221,
            2.461379051208496,
            "H",
            NaN,
            NaN,
            false
        ],
        [
            5.7224650382995605,
            5.121849060058594,
            0.8129439949989319,
            "H",
            NaN,
            NaN,
            false
        ],
        [
            4.131508827209473,
            5.212192058563232,
            2.435978889465332,
            "C",
            NaN,
            NaN,
            false
        ],
        [
            4.182957172393799,
            5.73745584487915,
            3.3985021114349365,
            "H",
            NaN,
            NaN,
            false
        ],
        [
            3.504049062728882,
            5.795806884765625,
            1.7500300407409668,
            "H",
            NaN,
            NaN,
            false
        ],
        [
            3.805572032928467,
            3.727876901626587,
            2.5160129070281982,
            "C",
            NaN,
            NaN,
            false
        ],
        [
            3.0986549854278564,
            2.5937469005584717,
            2.762752056121826,
            "C",
            NaN,
            NaN,
            false
        ],
        [
            2.1234169006347656,
            2.3356029987335205,
            3.15529203414917,
            "H",
            NaN,
            NaN,
            false
        ]
    ]
}