{
    "properties": {
        "lattice_vector_a": [
            5.732236,
            0.0,
            0.0
        ],
        "lattice_vector_b": [
            0.0,
            12.21524,
            0.0
        ],
        "lattice_vector_c": [
            -0.786837,
            0.0,
            3.298498
        ],
        "unit_cell_volume": 230.96293597392,
        "cell_vol": 230.96293597392,
        "spg": 7,
        "molecule_harris_info": [
            [
                -131.96223129007734,
                -31.62246852576595,
                149.1713196933078,
                4.694468290247816,
                3.7176572807291723,
                0.7522273974770561,
                false
            ],
            [
                176.07321694145688,
                -69.14188049258603,
                57.45281829456629,
                4.301049902084025,
                8.497579601216824,
                2.4014761642493467,
                false
            ]
        ],
        "harris_energy": -17172.059612163
    },
    "struct_id": "target1_2mpc_ab96ace95f",
    "input_ref": null,
    "geometry": [
        [
            4.463539123535156,
            5.111234188079834,
            -0.43548598885536194,
            "O",
            NaN,
            NaN,
            false
        ],
        [
            3.7745189666748047,
            3.9120841026306152,
            -0.4556879997253418,
            "C",
            NaN,
            NaN,
            false
        ],
        [
            3.0454070568084717,
            3.8204710483551025,
            -1.2505450248718262,
            "H",
            NaN,
            NaN,
            false
        ],
        [
            4.227500915527344,
            3.150986909866333,
            0.5750290155410767,
            "C",
            NaN,
            NaN,
            false
        ],
        [
            4.358874797821045,
            1.9608800411224365,
            1.5141329765319824,
            "C",
            NaN,
            NaN,
            false
        ],
        [
            4.719203948974609,
            1.0328259468078613,
            1.0518449544906616,
            "H",
            NaN,
            NaN,
            false
        ],
        [
            3.4685709476470947,
            1.731781005859375,
            2.113913059234619,
            "H",
            NaN,
            NaN,
            false
        ],
        [
            5.472899913787842,
            2.7947590351104736,
            2.276031970977783,
            "C",
            NaN,
            NaN,
            false
        ],
        [
            6.474658012390137,
            2.3463869094848633,
            2.2548720836639404,
            "H",
            NaN,
            NaN,
            false
        ],
        [
            5.223175048828125,
            3.04864501953125,
            3.314307928085327,
            "H",
            NaN,
            NaN,
            false
        ],
        [
            5.226955890655518,
            3.8978159427642822,
            1.2569119930267334,
            "C",
            NaN,
            NaN,
            false
        ],
        [
            5.354434013366699,
            5.092650890350342,
            0.6221070289611816,
            "C",
            NaN,
            NaN,
            false
        ],
        [
            5.950084209442139,
            5.989974021911621,
            0.7308779954910278,
            "H",
            NaN,
            NaN,
            false
        ],
        [
            4.070120811462402,
            7.104006767272949,
            1.2137629985809326,
            "O",
            NaN,
            NaN,
            false
        ],
        [
            3.3810999393463135,
            8.303156852722168,
            1.1935609579086304,
            "C",
            NaN,
            NaN,
            false
        ],
        [
            2.6519880294799805,
            8.394768714904785,
            0.39870399236679077,
            "H",
            NaN,
            NaN,
            false
        ],
        [
            3.834083080291748,
            9.064253807067871,
            2.2242770195007324,
            "C",
            NaN,
            NaN,
            false
        ],
        [
            3.965456008911133,
            10.25436019897461,
            3.163382053375244,
            "C",
            NaN,
            NaN,
            false
        ],
        [
            4.325785160064697,
            11.182415008544922,
            2.701093912124634,
            "H",
            NaN,
            NaN,
            false
        ],
        [
            3.0751519203186035,
            10.48345947265625,
            3.7631609439849854,
            "H",
            NaN,
            NaN,
            false
        ],
        [
            5.079482078552246,
            9.42048168182373,
            3.925281047821045,
            "C",
            NaN,
            NaN,
            false
        ],
        [
            6.081239223480225,
            9.868853569030762,
            3.904120922088623,
            "H",
            NaN,
            NaN,
            false
        ],
        [
            4.829755783081055,
            9.166595458984375,
            4.96355676651001,
            "H",
            NaN,
            NaN,
            false
        ],
        [
            4.8335371017456055,
            8.317423820495605,
            2.9061601161956787,
            "C",
            NaN,
            NaN,
            false
        ],
        [
            4.9610161781311035,
            7.122589111328125,
            2.2713561058044434,
            "C",
            NaN,
            NaN,
            false
        ],
        [
            5.556664943695068,
            6.225265979766846,
            2.380126953125,
            "H",
            NaN,
            NaN,
            false
        ]
    ]
}