{
    "properties": {
        "lattice_vector_a": [
            13.151529,
            0.0,
            0.0
        ],
        "lattice_vector_b": [
            0.0,
            5.008867,
            0.0
        ],
        "lattice_vector_c": [
            3.00636,
            0.0,
            4.198788
        ],
        "unit_cell_volume": 276.59205074945623,
        "cell_vol": 276.59205074945623,
        "spg": 3,
        "molecule_harris_info": [
            [
                53.047997962767276,
                -21.073416725342373,
                -115.38654946315835,
                6.051963636215697,
                4.2199535484009605,
                3.9308261818628996,
                false
            ],
            [
                126.95093528545608,
                -158.92658290676067,
                64.6123139641574,
                10.105927162982047,
                4.2199535484009605,
                0.26795319860127376,
                false
            ]
        ],
        "harris_energy": -16715.364351134
    },
    "struct_id": "target1_2mpc_8a9255a68b",
    "input_ref": null,
    "geometry": [
        [
            7.869073867797852,
            4.5349040031433105,
            3.860382080078125,
            "O",
            NaN,
            NaN,
            false
        ],
        [
            6.917965888977051,
            5.114336013793945,
            3.0401580333709717,
            "C",
            NaN,
            NaN,
            false
        ],
        [
            7.31148099899292,
            5.806687831878662,
            2.3069519996643066,
            "H",
            NaN,
            NaN,
            false
        ],
        [
            5.701104164123535,
            4.629141807556152,
            3.401642084121704,
            "C",
            NaN,
            NaN,
            false
        ],
        [
            4.193406105041504,
            4.423316955566406,
            3.398103952407837,
            "C",
            NaN,
            NaN,
            false
        ],
        [
            3.7817089557647705,
            3.9678258895874023,
            2.4882330894470215,
            "H",
            NaN,
            NaN,
            false
        ],
        [
            3.5951030254364014,
            5.308653831481934,
            3.649251937866211,
            "H",
            NaN,
            NaN,
            false
        ],
        [
            4.415198802947998,
            3.4122469425201416,
            4.600368976593018,
            "C",
            NaN,
            NaN,
            false
        ],
        [
            4.1293230056762695,
            2.374645948410034,
            4.384354114532471,
            "H",
            NaN,
            NaN,
            false
        ],
        [
            3.9468929767608643,
            3.716526985168457,
            5.545326232910156,
            "H",
            NaN,
            NaN,
            false
        ],
        [
            5.9001312255859375,
            3.7218880653381348,
            4.47816801071167,
            "C",
            NaN,
            NaN,
            false
        ],
        [
            7.232649803161621,
            3.680164098739624,
            4.74181604385376,
            "C",
            NaN,
            NaN,
            false
        ],
        [
            7.889338970184326,
            3.1698720455169678,
            5.434764862060547,
            "H",
            NaN,
            NaN,
            false
        ],
        [
            8.288814544677734,
            4.5349040031433105,
            0.3384059965610504,
            "O",
            NaN,
            NaN,
            false
        ],
        [
            9.239922523498535,
            5.114336013793945,
            1.1586300134658813,
            "C",
            NaN,
            NaN,
            false
        ],
        [
            8.846406936645508,
            5.806687831878662,
            1.8918370008468628,
            "H",
            NaN,
            NaN,
            false
        ],
        [
            10.456785202026367,
            4.629141807556152,
            0.7971460223197937,
            "C",
            NaN,
            NaN,
            false
        ],
        [
            11.964483261108398,
            4.423316955566406,
            0.8006839752197266,
            "C",
            NaN,
            NaN,
            false
        ],
        [
            12.376179695129395,
            3.9678258895874023,
            1.7105560302734375,
            "H",
            NaN,
            NaN,
            false
        ],
        [
            12.562786102294922,
            5.308653831481934,
            0.5495359897613525,
            "H",
            NaN,
            NaN,
            false
        ],
        [
            11.742690086364746,
            3.4122469425201416,
            -0.4015809893608093,
            "C",
            NaN,
            NaN,
            false
        ],
        [
            12.028566360473633,
            2.374645948410034,
            -0.1855659931898117,
            "H",
            NaN,
            NaN,
            false
        ],
        [
            12.210994720458984,
            3.716526985168457,
            -1.3465379476547241,
            "H",
            NaN,
            NaN,
            false
        ],
        [
            10.257759094238281,
            3.7218880653381348,
            -0.2793790102005005,
            "C",
            NaN,
            NaN,
            false
        ],
        [
            8.925239562988281,
            3.680164098739624,
            -0.5430269837379456,
            "C",
            NaN,
            NaN,
            false
        ],
        [
            8.268549919128418,
            3.1698720455169678,
            -1.235977053642273,
            "H",
            NaN,
            NaN,
            false
        ]
    ]
}