{
    "properties": {
        "lattice_vector_a": [
            22.165468,
            0.0,
            0.0
        ],
        "lattice_vector_b": [
            0.0,
            4.002392,
            0.0
        ],
        "lattice_vector_c": [
            3.930439,
            0.0,
            3.130488
        ],
        "unit_cell_volume": 277.7209041994957,
        "cell_vol": 277.7209041994957,
        "spg": 4,
        "molecule_harris_info": [
            [
                12.56096901405119,
                -34.97674246460261,
                -101.87176070373795,
                17.924521710010286,
                0.6721347622533744,
                1.2179444116401545,
                false
            ],
            [
                167.4387544872404,
                -145.02345010888766,
                78.1278315634143,
                8.171387083986971,
                2.6733307071188666,
                1.9125345191185144,
                false
            ]
        ],
        "harris_energy": -16715.985386309
    },
    "struct_id": "target1_2mpc_2d8cd73575",
    "input_ref": null,
    "geometry": [
        [
            19.627857208251953,
            0.0879329964518547,
            1.6221810579299927,
            "O",
            NaN,
            NaN,
            false
        ],
        [
            19.304611206054688,
            1.0251359939575195,
            0.6576719880104065,
            "C",
            NaN,
            NaN,
            false
        ],
        [
            20.14986228942871,
            1.4281469583511353,
            0.11459100246429443,
            "H",
            NaN,
            NaN,
            false
        ],
        [
            17.954914093017578,
            1.1836249828338623,
            0.6629430055618286,
            "C",
            NaN,
            NaN,
            false
        ],
        [
            16.583492279052734,
            1.7154860496520996,
            0.2732509970664978,
            "C",
            NaN,
            NaN,
            false
        ],
        [
            16.261043548583984,
            1.4836690425872803,
            -0.7500370144844055,
            "H",
            NaN,
            NaN,
            false
        ],
        [
            16.421405792236328,
            2.785161018371582,
            0.4586850106716156,
            "H",
            NaN,
            NaN,
            false
        ],
        [
            15.98942756652832,
            0.7538740038871765,
            1.3864840269088745,
            "C",
            NaN,
            NaN,
            false
        ],
        [
            15.322933197021484,
            -0.03064499981701374,
            1.0052789449691772,
            "H",
            NaN,
            NaN,
            false
        ],
        [
            15.48733139038086,
            1.2697980403900146,
            2.215074062347412,
            "H",
            NaN,
            NaN,
            false
        ],
        [
            17.42245101928711,
            0.32068300247192383,
            1.6596590280532837,
            "C",
            NaN,
            NaN,
            false
        ],
        [
            18.46298599243164,
            -0.3390200138092041,
            2.2331879138946533,
            "C",
            NaN,
            NaN,
            false
        ],
        [
            18.602083206176758,
            -1.0796289443969727,
            3.0103418827056885,
            "H",
            NaN,
            NaN,
            false
        ],
        [
            6.468050003051758,
            2.089128017425537,
            1.5083069801330566,
            "O",
            NaN,
            NaN,
            false
        ],
        [
            6.791295051574707,
            3.0263330936431885,
            2.472815990447998,
            "C",
            NaN,
            NaN,
            false
        ],
        [
            5.946044921875,
            3.4293429851531982,
            3.0158960819244385,
            "H",
            NaN,
            NaN,
            false
        ],
        [
            8.140993118286133,
            3.1848208904266357,
            2.4675450325012207,
            "C",
            NaN,
            NaN,
            false
        ],
        [
            9.512414932250977,
            3.716681957244873,
            2.857235908508301,
            "C",
            NaN,
            NaN,
            false
        ],
        [
            9.834863662719727,
            3.4848649501800537,
            3.8805251121520996,
            "H",
            NaN,
            NaN,
            false
        ],
        [
            9.674501419067383,
            4.786357879638672,
            2.6718029975891113,
            "H",
            NaN,
            NaN,
            false
        ],
        [
            10.106478691101074,
            2.7550699710845947,
            1.7440040111541748,
            "C",
            NaN,
            NaN,
            false
        ],
        [
            10.772974014282227,
            1.9705510139465332,
            2.125209093093872,
            "H",
            NaN,
            NaN,
            false
        ],
        [
            10.608575820922852,
            3.270993947982788,
            0.9154139757156372,
            "H",
            NaN,
            NaN,
            false
        ],
        [
            8.673456192016602,
            2.3218789100646973,
            1.4708290100097656,
            "C",
            NaN,
            NaN,
            false
        ],
        [
            7.632922172546387,
            1.6621760129928589,
            0.8973000049591064,
            "C",
            NaN,
            NaN,
            false
        ],
        [
            7.493824005126953,
            0.9215670228004456,
            0.1201459988951683,
            "H",
            NaN,
            NaN,
            false
        ]
    ]
}