{
    "properties": {
        "lattice_vector_a": [
            16.093283,
            0.0,
            0.0
        ],
        "lattice_vector_b": [
            0.0,
            6.036835,
            0.0
        ],
        "lattice_vector_c": [
            4.445166,
            0.0,
            3.070792
        ],
        "unit_cell_volume": 298.335101598777,
        "cell_vol": 298.335101598777,
        "spg": 4,
        "molecule_harris_info": [
            [
                140.2538858228097,
                -71.20969888425283,
                -40.929719658471114,
                10.637345801008507,
                5.013651138924538,
                2.36343420594138,
                false
            ],
            [
                39.74615168046809,
                -108.7902940351855,
                139.07053968766522,
                9.901104881408367,
                1.995234360720249,
                0.7073488702720151,
                false
            ]
        ],
        "harris_energy": -16714.762113401
    },
    "struct_id": "target1_2mpc_9f311f997d",
    "input_ref": null,
    "geometry": [
        [
            9.314262390136719,
            5.014252185821533,
            3.65010404586792,
            "O",
            NaN,
            NaN,
            false
        ],
        [
            9.130626678466797,
            5.277321815490723,
            2.304672956466675,
            "C",
            NaN,
            NaN,
            false
        ],
        [
            8.10970687866211,
            5.497671127319336,
            2.02012300491333,
            "H",
            NaN,
            NaN,
            false
        ],
        [
            10.338862419128418,
            5.181117057800293,
            1.690058946609497,
            "C",
            NaN,
            NaN,
            false
        ],
        [
            11.37215518951416,
            5.198703765869141,
            0.5731310248374939,
            "C",
            NaN,
            NaN,
            false
        ],
        [
            11.530497550964355,
            6.172695159912109,
            0.09240099787712097,
            "H",
            NaN,
            NaN,
            false
        ],
        [
            11.236572265625,
            4.439486980438232,
            -0.20793800055980682,
            "H",
            NaN,
            NaN,
            false
        ],
        [
            12.447122573852539,
            4.8255391120910645,
            1.6786119937896729,
            "C",
            NaN,
            NaN,
            false
        ],
        [
            13.226200103759766,
            5.583199977874756,
            1.8334989547729492,
            "H",
            NaN,
            NaN,
            false
        ],
        [
            12.929059982299805,
            3.8497090339660645,
            1.5360139608383179,
            "H",
            NaN,
            NaN,
            false
        ],
        [
            11.302454948425293,
            4.848127841949463,
            2.681138038635254,
            "C",
            NaN,
            NaN,
            false
        ],
        [
            10.653778076171875,
            4.7510199546813965,
            3.8713669776916504,
            "C",
            NaN,
            NaN,
            false
        ],
        [
            10.910191535949707,
            4.530624866485596,
            4.899712085723877,
            "H",
            NaN,
            NaN,
            false
        ],
        [
            11.224185943603516,
            1.9958349466323853,
            -0.5793120265007019,
            "O",
            NaN,
            NaN,
            false
        ],
        [
            11.407822608947754,
            2.2589058876037598,
            0.7661190032958984,
            "C",
            NaN,
            NaN,
            false
        ],
        [
            12.428741455078125,
            2.4792540073394775,
            1.0506689548492432,
            "H",
            NaN,
            NaN,
            false
        ],
        [
            10.199586868286133,
            2.1626999378204346,
            1.3807330131530762,
            "C",
            NaN,
            NaN,
            false
        ],
        [
            9.16629409790039,
            2.1802868843078613,
            2.4976611137390137,
            "C",
            NaN,
            NaN,
            false
        ],
        [
            9.007951736450195,
            3.154278039932251,
            2.97839093208313,
            "H",
            NaN,
            NaN,
            false
        ],
        [
            9.301877975463867,
            1.4210690259933472,
            3.2787299156188965,
            "H",
            NaN,
            NaN,
            false
        ],
        [
            8.091325759887695,
            1.807121992111206,
            1.3921799659729004,
            "C",
            NaN,
            NaN,
            false
        ],
        [
            7.312249183654785,
            2.5647830963134766,
            1.237293004989624,
            "H",
            NaN,
            NaN,
            false
        ],
        [
            7.609388828277588,
            0.8312919735908508,
            1.5347779989242554,
            "H",
            NaN,
            NaN,
            false
        ],
        [
            9.235994338989258,
            1.8297109603881836,
            0.3896540105342865,
            "C",
            NaN,
            NaN,
            false
        ],
        [
            9.884671211242676,
            1.7326040267944336,
            -0.8005750179290771,
            "C",
            NaN,
            NaN,
            false
        ],
        [
            9.628255844116211,
            1.5122079849243164,
            -1.8289200067520142,
            "H",
            NaN,
            NaN,
            false
        ]
    ]
}