{
    "properties": {
        "lattice_vector_a": [
            18.600708,
            0.0,
            0.0
        ],
        "lattice_vector_b": [
            0.0,
            3.486688,
            0.0
        ],
        "lattice_vector_c": [
            -4.678377,
            0.0,
            3.785871
        ],
        "unit_cell_volume": 245.53215403251056,
        "cell_vol": 245.53215403251056,
        "spg": 3,
        "molecule_harris_info": [
            [
                -141.3673854843354,
                -108.21161746905373,
                163.747735554665,
                11.453005070381975,
                1.33898378528179,
                2.026121165484507,
                false
            ],
            [
                -38.63270120831912,
                -71.78886650324456,
                -16.252424894285245,
                2.4693276745148323,
                1.33898378528179,
                1.7597407633240552,
                false
            ]
        ],
        "harris_energy": -16710.139453974
    },
    "struct_id": "target1_2mpc_a763f73695",
    "input_ref": null,
    "geometry": [
        [
            9.906258583068848,
            1.9125289916992188,
            1.198673963546753,
            "O",
            NaN,
            NaN,
            false
        ],
        [
            9.973304748535156,
            1.2399040460586548,
            2.405402898788452,
            "C",
            NaN,
            NaN,
            false
        ],
        [
            9.016037940979004,
            1.0524790287017822,
            2.8747739791870117,
            "H",
            NaN,
            NaN,
            false
        ],
        [
            11.282004356384277,
            0.9917600154876709,
            2.674793004989624,
            "C",
            NaN,
            NaN,
            false
        ],
        [
            12.510936737060547,
            0.48972299695014954,
            3.418576955795288,
            "C",
            NaN,
            NaN,
            false
        ],
        [
            12.581441879272461,
            -0.5998139977455139,
            3.5315799713134766,
            "H",
            NaN,
            NaN,
            false
        ],
        [
            12.696035385131836,
            0.9567059874534607,
            4.394553184509277,
            "H",
            NaN,
            NaN,
            false
        ],
        [
            13.370309829711914,
            1.0867910385131836,
            2.226149082183838,
            "C",
            NaN,
            NaN,
            false
        ],
        [
            13.937813758850098,
            0.34191200137138367,
            1.6533509492874146,
            "H",
            NaN,
            NaN,
            false
        ],
        [
            14.048761367797852,
            1.900001049041748,
            2.5146470069885254,
            "H",
            NaN,
            NaN,
            false
        ],
        [
            12.052021026611328,
            1.5255939960479736,
            1.6053420305252075,
            "C",
            NaN,
            NaN,
            false
        ],
        [
            11.19044017791748,
            2.083717107772827,
            0.714818000793457,
            "C",
            NaN,
            NaN,
            false
        ],
        [
            11.253966331481934,
            2.603027105331421,
            -0.23286299407482147,
            "H",
            NaN,
            NaN,
            false
        ],
        [
            4.016071796417236,
            1.9125289916992188,
            2.5871970653533936,
            "O",
            NaN,
            NaN,
            false
        ],
        [
            3.949026107788086,
            1.2399040460586548,
            1.3804680109024048,
            "C",
            NaN,
            NaN,
            false
        ],
        [
            4.906292915344238,
            1.0524790287017822,
            0.9110959768295288,
            "H",
            NaN,
            NaN,
            false
        ],
        [
            2.640326976776123,
            0.9917600154876709,
            1.1110780239105225,
            "C",
            NaN,
            NaN,
            false
        ],
        [
            1.4113940000534058,
            0.48972299695014954,
            0.3672940135002136,
            "C",
            NaN,
            NaN,
            false
        ],
        [
            1.3408900499343872,
            -0.5998139977455139,
            0.25429099798202515,
            "H",
            NaN,
            NaN,
            false
        ],
        [
            1.226294994354248,
            0.9567059874534607,
            -0.6086819767951965,
            "H",
            NaN,
            NaN,
            false
        ],
        [
            0.5520210266113281,
            1.0867910385131836,
            1.5597219467163086,
            "C",
            NaN,
            NaN,
            false
        ],
        [
            -0.015482000075280666,
            0.34191200137138367,
            2.1325199604034424,
            "H",
            NaN,
            NaN,
            false
        ],
        [
            -0.1264290064573288,
            1.900001049041748,
            1.271224021911621,
            "H",
            NaN,
            NaN,
            false
        ],
        [
            1.8703110218048096,
            1.5255939960479736,
            2.180527925491333,
            "C",
            NaN,
            NaN,
            false
        ],
        [
            2.731890916824341,
            2.083717107772827,
            3.0710530281066895,
            "C",
            NaN,
            NaN,
            false
        ],
        [
            2.668365001678467,
            2.603027105331421,
            4.018733978271484,
            "H",
            NaN,
            NaN,
            false
        ]
    ]
}