{
    "properties": {
        "lattice_vector_a": [
            13.389227,
            0.0,
            0.0
        ],
        "lattice_vector_b": [
            0.0,
            3.982959,
            0.0
        ],
        "lattice_vector_c": [
            -2.880422,
            0.0,
            2.931668
        ],
        "unit_cell_volume": 156.3421669372513,
        "cell_vol": 156.3421669372513,
        "spg": 4,
        "molecule_harris_info": [
            [
                115.87253802163026,
                -14.294951916930247,
                -156.20923297890283,
                9.061321502036236,
                0.8816379395888206,
                0.9241564879788363,
                false
            ],
            [
                64.12640921085048,
                -165.7047935166195,
                23.789670224450717,
                1.4474854785948992,
                2.873117563572336,
                2.007502585372075,
                false
            ]
        ],
        "harris_energy": -16714.980751552
    },
    "struct_id": "target1_2mpc_98b8c20123",
    "input_ref": null,
    "geometry": [
        [
            10.540637016296387,
            1.862149953842163,
            0.41792699694633484,
            "O",
            NaN,
            NaN,
            false
        ],
        [
            9.294995307922363,
            1.9146709442138672,
            -0.18101699650287628,
            "C",
            NaN,
            NaN,
            false
        ],
        [
            9.220253944396973,
            2.601538896560669,
            -1.0143380165100098,
            "H",
            NaN,
            NaN,
            false
        ],
        [
            8.477736473083496,
            1.0493630170822144,
            0.4748559892177582,
            "C",
            NaN,
            NaN,
            false
        ],
        [
            7.215548992156982,
            0.27824801206588745,
            0.8323349952697754,
            "C",
            NaN,
            NaN,
            false
        ],
        [
            6.85414981842041,
            -0.41718098521232605,
            0.06382899731397629,
            "H",
            NaN,
            NaN,
            false
        ],
        [
            6.37137508392334,
            0.8883079886436462,
            1.1788330078125,
            "H",
            NaN,
            NaN,
            false
        ],
        [
            8.061198234558105,
            -0.3995189964771271,
            1.9909579753875732,
            "C",
            NaN,
            NaN,
            false
        ],
        [
            8.185325622558594,
            -1.485666036605835,
            1.8915729522705078,
            "H",
            NaN,
            NaN,
            false
        ],
        [
            7.705840110778809,
            -0.17760799825191498,
            3.005510091781616,
            "H",
            NaN,
            NaN,
            false
        ],
        [
            9.236109733581543,
            0.440887987613678,
            1.5122840404510498,
            "C",
            NaN,
            NaN,
            false
        ],
        [
            10.493857383728027,
            0.9528170228004456,
            1.4588240385055542,
            "C",
            NaN,
            NaN,
            false
        ],
        [
            11.423650741577148,
            0.8327289819717407,
            2.0000100135803223,
            "H",
            NaN,
            NaN,
            false
        ],
        [
            -0.031831998378038406,
            3.8536300659179688,
            2.5137410163879395,
            "O",
            NaN,
            NaN,
            false
        ],
        [
            1.2138090133666992,
            3.9061501026153564,
            3.112684965133667,
            "C",
            NaN,
            NaN,
            false
        ],
        [
            1.2885509729385376,
            4.593019008636475,
            3.9460060596466064,
            "H",
            NaN,
            NaN,
            false
        ],
        [
            2.031069040298462,
            3.0408430099487305,
            2.4568119049072266,
            "C",
            NaN,
            NaN,
            false
        ],
        [
            3.293256998062134,
            2.269727945327759,
            2.0993330478668213,
            "C",
            NaN,
            NaN,
            false
        ],
        [
            3.6546549797058105,
            1.5742980241775513,
            2.8678390979766846,
            "H",
            NaN,
            NaN,
            false
        ],
        [
            4.137430191040039,
            2.8797879219055176,
            1.7528350353240967,
            "H",
            NaN,
            NaN,
            false
        ],
        [
            2.44760799407959,
            1.5919610261917114,
            0.9407100081443787,
            "C",
            NaN,
            NaN,
            false
        ],
        [
            2.3234798908233643,
            0.5058130025863647,
            1.0400949716567993,
            "H",
            NaN,
            NaN,
            false
        ],
        [
            2.802964925765991,
            1.81387197971344,
            -0.07384199649095535,
            "H",
            NaN,
            NaN,
            false
        ],
        [
            1.2726949453353882,
            2.4323670864105225,
            1.4193840026855469,
            "C",
            NaN,
            NaN,
            false
        ],
        [
            0.014948000200092793,
            2.944295883178711,
            1.4728440046310425,
            "C",
            NaN,
            NaN,
            false
        ],
        [
            -0.9148460030555725,
            2.824208974838257,
            0.9316580295562744,
            "H",
            NaN,
            NaN,
            false
        ]
    ]
}