{
    "properties": {
        "lattice_vector_a": [
            11.35005,
            0.0,
            0.0
        ],
        "lattice_vector_b": [
            0.0,
            3.639862,
            0.0
        ],
        "lattice_vector_c": [
            4.06583,
            0.0,
            6.472912
        ],
        "unit_cell_volume": 267.41292587125537,
        "cell_vol": 267.41292587125537,
        "spg": 3,
        "molecule_harris_info": [
            [
                102.05346261849427,
                -144.76725899074071,
                170.2689595107818,
                6.9915034973875,
                0.5360297332418725,
                6.163641767100768,
                false
            ],
            [
                77.94808716748089,
                -35.23166918166433,
                -9.732774398421329,
                8.424377908097936,
                0.5360297332418725,
                0.3092612558777662,
                false
            ]
        ],
        "harris_energy": -16711.447044502
    },
    "struct_id": "target1_2mpc_b6eecd5687",
    "input_ref": null,
    "geometry": [
        [
            8.264925003051758,
            1.8704349994659424,
            6.101895809173584,
            "O",
            NaN,
            NaN,
            false
        ],
        [
            7.675498008728027,
            1.3709139823913574,
            7.249139785766602,
            "C",
            NaN,
            NaN,
            false
        ],
        [
            8.01630687713623,
            1.8262859582901,
            8.170162200927734,
            "H",
            NaN,
            NaN,
            false
        ],
        [
            6.793588161468506,
            0.4048210084438324,
            6.880715847015381,
            "C",
            NaN,
            NaN,
            false
        ],
        [
            5.743646144866943,
            -0.6885499954223633,
            7.013730049133301,
            "C",
            NaN,
            NaN,
            false
        ],
        [
            4.775650978088379,
            -0.36615198850631714,
            7.418546199798584,
            "H",
            NaN,
            NaN,
            false
        ],
        [
            6.065903186798096,
            -1.590283989906311,
            7.550282001495361,
            "H",
            NaN,
            NaN,
            false
        ],
        [
            5.79141092300415,
            -0.8073909878730774,
            5.432435989379883,
            "C",
            NaN,
            NaN,
            false
        ],
        [
            4.850559234619141,
            -0.5557510256767273,
            4.9260029792785645,
            "H",
            NaN,
            NaN,
            false
        ],
        [
            6.144003868103027,
            -1.7769900560379028,
            5.057741165161133,
            "H",
            NaN,
            NaN,
            false
        ],
        [
            6.835381984710693,
            0.2994059920310974,
            5.463405132293701,
            "C",
            NaN,
            NaN,
            false
        ],
        [
            7.741562843322754,
            1.2043770551681519,
            5.0087361335754395,
            "C",
            NaN,
            NaN,
            false
        ],
        [
            8.136967658996582,
            1.5199710130691528,
            4.051723003387451,
            "H",
            NaN,
            NaN,
            false
        ],
        [
            7.1509552001953125,
            1.8704349994659424,
            0.3710159957408905,
            "O",
            NaN,
            NaN,
            false
        ],
        [
            7.740380764007568,
            1.3709139823913574,
            -0.7762280106544495,
            "C",
            NaN,
            NaN,
            false
        ],
        [
            7.399572849273682,
            1.8262859582901,
            -1.6972509622573853,
            "H",
            NaN,
            NaN,
            false
        ],
        [
            8.622291564941406,
            0.4048210084438324,
            -0.407804012298584,
            "C",
            NaN,
            NaN,
            false
        ],
        [
            9.672234535217285,
            -0.6885499954223633,
            -0.5408179759979248,
            "C",
            NaN,
            NaN,
            false
        ],
        [
            10.640229225158691,
            -0.36615198850631714,
            -0.9456340074539185,
            "H",
            NaN,
            NaN,
            false
        ],
        [
            9.349976539611816,
            -1.590283989906311,
            -1.0773710012435913,
            "H",
            NaN,
            NaN,
            false
        ],
        [
            9.624467849731445,
            -0.8073909878730774,
            1.0404759645462036,
            "C",
            NaN,
            NaN,
            false
        ],
        [
            10.56532096862793,
            -0.5557510256767273,
            1.546910047531128,
            "H",
            NaN,
            NaN,
            false
        ],
        [
            9.271875381469727,
            -1.7769900560379028,
            1.4151710271835327,
            "H",
            NaN,
            NaN,
            false
        ],
        [
            8.580497741699219,
            0.2994059920310974,
            1.0095069408416748,
            "C",
            NaN,
            NaN,
            false
        ],
        [
            7.674316883087158,
            1.2043770551681519,
            1.464176058769226,
            "C",
            NaN,
            NaN,
            false
        ],
        [
            7.2789130210876465,
            1.5199710130691528,
            2.421189069747925,
            "H",
            NaN,
            NaN,
            false
        ]
    ]
}