{
    "properties": {
        "Z": 2,
        "number_of_atoms_in_molecule": 12,
        "unit_cell_volume": 280.838776,
        "attempted_spg": 123,
        "attempted_wyckoff_position": "2f",
        "site_symmetry_group": "mmm",
        "spg": 123,
        "lattice_vector_a": [
            2.895816,
            0.0,
            0.0
        ],
        "lattice_vector_b": [
            6.030091646457416e-16,
            9.847887,
            0.0
        ],
        "lattice_vector_c": [
            6.030091646457416e-16,
            6.030091646457416e-16,
            9.847887
        ],
        "cell_vol": 280.8387792627521,
        "a": 2.895816,
        "b": 9.847887,
        "c": 9.847887,
        "alpha": 90,
        "beta": 90,
        "gamma": 90,
        "rdf": [
            "43.381092",
            "85.05744",
            "134.06705",
            "140.4208",
            "126.18826",
            "147.33717",
            "180.29483",
            "178.39905",
            "133.09283",
            "77.88128",
            "35.118763",
            "26.492622",
            "61.23519",
            "123.14202",
            "181.25948",
            "191.61813",
            "178.35258",
            "170.0565",
            "150.8061",
            "114.64326",
            "69.1495",
            "31.935854",
            "26.492622",
            "61.235184",
            "123.14201",
            "181.25949",
            "191.61816",
            "178.35258",
            "170.05649",
            "150.80608",
            "114.64325",
            "69.149506",
            "31.935854",
            "21.101788",
            "54.783226",
            "114.248505",
            "169.98949",
            "197.03043",
            "200.24834",
            "183.10017",
            "143.36285",
            "101.63997",
            "62.53839",
            "31.553911"
        ],
        "file_path": "benzene_2mpc_0_he_rdf/geometry_4d61cfe5bd.json",
        "replica": "init_pool",
        "AP_cluster": 3
    },
    "struct_id": "geometry_4d61cfe5bd",
    "input_ref": null,
    "geometry": [
        [
            4.1849150360712324e-16,
            1.211217999458313,
            5.62326717376709,
            "C",
            NaN,
            NaN,
            false
        ],
        [
            3.328490875712046e-16,
            1.211217999458313,
            4.2246198654174805,
            "C",
            NaN,
            NaN,
            false
        ],
        [
            2.1586077471915228e-16,
            2.1586077471915228e-16,
            3.5252740383148193,
            "C",
            NaN,
            NaN,
            false
        ],
        [
            1.8451759105542778e-16,
            -1.211217999458313,
            4.224618911743164,
            "C",
            NaN,
            NaN,
            false
        ],
        [
            2.701600732657954e-16,
            -1.211217999458313,
            5.62326717376709,
            "C",
            NaN,
            NaN,
            false
        ],
        [
            3.8714831994339873e-16,
            3.8714831994339873e-16,
            6.3226118087768555,
            "C",
            NaN,
            NaN,
            false
        ],
        [
            5.097806383161331e-16,
            2.156445026397705,
            6.168904781341553,
            "H",
            NaN,
            NaN,
            false
        ],
        [
            3.5731679892294754e-16,
            2.156445026397705,
            3.678981065750122,
            "H",
            NaN,
            NaN,
            false
        ],
        [
            1.4903113249531907e-16,
            1.4903113249531907e-16,
            2.4338629245758057,
            "H",
            NaN,
            NaN,
            false
        ],
        [
            9.322844311152815e-17,
            -2.156445026397705,
            3.678981065750122,
            "H",
            NaN,
            NaN,
            false
        ],
        [
            2.456923089744933e-16,
            -2.156445026397705,
            6.168904781341553,
            "H",
            NaN,
            NaN,
            false
        ],
        [
            4.539780018719014e-16,
            4.539780018719014e-16,
            7.414022922515869,
            "H",
            NaN,
            NaN,
            false
        ],
        [
            3.328490081618658e-16,
            4.224618911743164,
            1.211217999458313,
            "C",
            NaN,
            NaN,
            false
        ],
        [
            4.1849150360712324e-16,
            5.62326717376709,
            1.211217999458313,
            "C",
            NaN,
            NaN,
            false
        ],
        [
            3.8714831994339873e-16,
            6.3226118087768555,
            0.0,
            "C",
            NaN,
            NaN,
            false
        ],
        [
            2.701600732657954e-16,
            5.62326717376709,
            -1.211217999458313,
            "C",
            NaN,
            NaN,
            false
        ],
        [
            1.8451759105542778e-16,
            4.224618911743164,
            -1.211217999458313,
            "C",
            NaN,
            NaN,
            false
        ],
        [
            2.1586077471915228e-16,
            3.5252740383148193,
            0.0,
            "C",
            NaN,
            NaN,
            false
        ],
        [
            3.5731679892294754e-16,
            3.678981065750122,
            2.156445026397705,
            "H",
            NaN,
            NaN,
            false
        ],
        [
            5.097805853765739e-16,
            6.168903827667236,
            2.156445026397705,
            "H",
            NaN,
            NaN,
            false
        ],
        [
            4.539780018719014e-16,
            7.414022922515869,
            0.0,
            "H",
            NaN,
            NaN,
            false
        ],
        [
            2.456923089744933e-16,
            6.168904781341553,
            -2.156445026397705,
            "H",
            NaN,
            NaN,
            false
        ],
        [
            9.322844311152815e-17,
            3.678981065750122,
            -2.156445026397705,
            "H",
            NaN,
            NaN,
            false
        ],
        [
            1.4903113249531907e-16,
            2.4338629245758057,
            0.0,
            "H",
            NaN,
            NaN,
            false
        ]
    ]
}