{
    "properties": {
        "Z": 2,
        "number_of_atoms_in_molecule": 12,
        "unit_cell_volume": 272.118561,
        "attempted_spg": 99,
        "attempted_wyckoff_position": "2c",
        "site_symmetry_group": "mm2",
        "spg": 123,
        "lattice_vector_a": [
            2.897751,
            0.0,
            0.0
        ],
        "lattice_vector_b": [
            5.93375235670889e-16,
            9.690553,
            0.0
        ],
        "lattice_vector_c": [
            5.93375235670889e-16,
            5.93375235670889e-16,
            9.690553
        ],
        "cell_vol": 272.11857416041056,
        "a": 2.897751,
        "b": 9.690553,
        "c": 9.690553,
        "alpha": 90,
        "beta": 90,
        "gamma": 90,
        "rdf": [
            "43.365654",
            "85.16201",
            "135.41281",
            "145.20197",
            "134.64781",
            "157.71664",
            "190.56949",
            "184.81674",
            "135.56615",
            "78.782684",
            "35.019665",
            "26.676483",
            "62.32177",
            "126.42174",
            "187.07938",
            "199.16869",
            "186.92653",
            "177.27025",
            "155.639",
            "117.05802",
            "69.98531",
            "32.514366",
            "26.676483",
            "62.321774",
            "126.42174",
            "187.07936",
            "199.16869",
            "186.92651",
            "177.27025",
            "155.639",
            "117.058014",
            "69.98531",
            "32.51437",
            "21.875713",
            "56.521893",
            "117.80679",
            "175.00647",
            "203.9423",
            "209.20068",
            "188.8255",
            "146.35913",
            "104.235",
            "64.61417",
            "32.695736"
        ],
        "file_path": "benzene_2mpc_0_he_rdf/geometry_0cd720186d.json",
        "replica": "init_pool",
        "AP_cluster": 4
    },
    "struct_id": "geometry_0cd720186d",
    "input_ref": null,
    "geometry": [
        [
            2.410511016845703,
            4.84527587890625,
            1.3985459804534912,
            "C",
            NaN,
            NaN,
            false
        ],
        [
            2.410511016845703,
            6.056581974029541,
            0.6992949843406677,
            "C",
            NaN,
            NaN,
            false
        ],
        [
            2.410511016845703,
            6.056581974029541,
            -0.6992949843406677,
            "C",
            NaN,
            NaN,
            false
        ],
        [
            2.410511016845703,
            4.84527587890625,
            -1.3985459804534912,
            "C",
            NaN,
            NaN,
            false
        ],
        [
            2.410511016845703,
            3.633970022201538,
            -0.6992949843406677,
            "C",
            NaN,
            NaN,
            false
        ],
        [
            2.410511016845703,
            3.633970022201538,
            0.6992949843406677,
            "C",
            NaN,
            NaN,
            false
        ],
        [
            2.410511016845703,
            4.84527587890625,
            2.489954948425293,
            "H",
            NaN,
            NaN,
            false
        ],
        [
            2.410511016845703,
            7.001694202423096,
            1.2451339960098267,
            "H",
            NaN,
            NaN,
            false
        ],
        [
            2.410511016845703,
            7.001694202423096,
            -1.2451339960098267,
            "H",
            NaN,
            NaN,
            false
        ],
        [
            2.410511016845703,
            4.84527587890625,
            -2.489954948425293,
            "H",
            NaN,
            NaN,
            false
        ],
        [
            2.410511016845703,
            2.6888580322265625,
            -1.2451339960098267,
            "H",
            NaN,
            NaN,
            false
        ],
        [
            2.410511016845703,
            2.6888580322265625,
            1.2451339960098267,
            "H",
            NaN,
            NaN,
            false
        ],
        [
            2.410511016845703,
            -1.3985459804534912,
            4.84527587890625,
            "C",
            NaN,
            NaN,
            false
        ],
        [
            2.410511016845703,
            -0.6992949843406677,
            6.056581974029541,
            "C",
            NaN,
            NaN,
            false
        ],
        [
            2.410511016845703,
            0.6992949843406677,
            6.056581974029541,
            "C",
            NaN,
            NaN,
            false
        ],
        [
            2.410511016845703,
            1.3985459804534912,
            4.84527587890625,
            "C",
            NaN,
            NaN,
            false
        ],
        [
            2.410511016845703,
            0.6992949843406677,
            3.633970022201538,
            "C",
            NaN,
            NaN,
            false
        ],
        [
            2.410511016845703,
            -0.6992949843406677,
            3.633970022201538,
            "C",
            NaN,
            NaN,
            false
        ],
        [
            2.410511016845703,
            -2.489954948425293,
            4.84527587890625,
            "H",
            NaN,
            NaN,
            false
        ],
        [
            2.410511016845703,
            -1.2451339960098267,
            7.001694202423096,
            "H",
            NaN,
            NaN,
            false
        ],
        [
            2.410511016845703,
            1.2451339960098267,
            7.001694202423096,
            "H",
            NaN,
            NaN,
            false
        ],
        [
            2.410511016845703,
            2.489954948425293,
            4.84527587890625,
            "H",
            NaN,
            NaN,
            false
        ],
        [
            2.410511016845703,
            1.2451339960098267,
            2.6888580322265625,
            "H",
            NaN,
            NaN,
            false
        ],
        [
            2.410511016845703,
            -1.2451339960098267,
            2.6888580322265625,
            "H",
            NaN,
            NaN,
            false
        ]
    ]
}