{
    "properties": {
        "Z": 2,
        "number_of_atoms_in_molecule": 12,
        "unit_cell_volume": 272.658325,
        "attempted_spg": 89,
        "attempted_wyckoff_position": "2f",
        "site_symmetry_group": "222",
        "spg": 123,
        "lattice_vector_a": [
            2.8931499999999994,
            0.0,
            0.0
        ],
        "lattice_vector_b": [
            5.944355348695909e-16,
            9.707868999999999,
            0.0
        ],
        "lattice_vector_c": [
            5.944355348695909e-16,
            5.944355348695907e-16,
            9.707868999999999
        ],
        "cell_vol": 272.65832687579706,
        "a": 2.89315,
        "b": 9.707869,
        "c": 9.707869,
        "alpha": 90,
        "beta": 90,
        "gamma": 90,
        "rdf": [
            "43.429153",
            "85.36741",
            "135.46706",
            "144.6024",
            "133.62384",
            "156.60443",
            "189.50395",
            "184.15703",
            "135.29556",
            "78.6805",
            "35.029724",
            "26.68211",
            "62.323143",
            "126.267",
            "186.56364",
            "198.31618",
            "185.94772",
            "176.49573",
            "155.1229",
            "116.79899",
            "69.88121",
            "32.44265",
            "26.682114",
            "62.32315",
            "126.267006",
            "186.56363",
            "198.3162",
            "185.94775",
            "176.49574",
            "155.12288",
            "116.798996",
            "69.88121",
            "32.44265",
            "21.822784",
            "56.458534",
            "117.598495",
            "174.5615",
            "203.19147",
            "208.22209",
            "188.20686",
            "146.00711",
            "103.93405",
            "64.37662",
            "32.571384"
        ],
        "file_path": "benzene_2mpc_0_he_rdf/geometry_0fa802883e.json",
        "replica": "init_pool",
        "AP_cluster": 4
    },
    "struct_id": "geometry_0fa802883e",
    "input_ref": null,
    "geometry": [
        [
            1.4465750455856323,
            5.553256988525391,
            1.211217999458313,
            "C",
            NaN,
            NaN,
            false
        ],
        [
            1.4465750455856323,
            6.2526021003723145,
            9.999999974752427e-07,
            "C",
            NaN,
            NaN,
            false
        ],
        [
            1.4465750455856323,
            5.553256988525391,
            -1.2112170457839966,
            "C",
            NaN,
            NaN,
            false
        ],
        [
            1.4465750455856323,
            4.1546101570129395,
            -1.2112170457839966,
            "C",
            NaN,
            NaN,
            false
        ],
        [
            1.4465750455856323,
            3.4552650451660156,
            9.999999974752427e-07,
            "C",
            NaN,
            NaN,
            false
        ],
        [
            1.4465750455856323,
            4.154609203338623,
            1.211217999458313,
            "C",
            NaN,
            NaN,
            false
        ],
        [
            1.4465750455856323,
            6.098895072937012,
            2.156445026397705,
            "H",
            NaN,
            NaN,
            false
        ],
        [
            1.4465750455856323,
            7.3440117835998535,
            0.0,
            "H",
            NaN,
            NaN,
            false
        ],
        [
            1.4465750455856323,
            6.098895072937012,
            -2.1564440727233887,
            "H",
            NaN,
            NaN,
            false
        ],
        [
            1.4465750455856323,
            3.6089720726013184,
            -2.1564440727233887,
            "H",
            NaN,
            NaN,
            false
        ],
        [
            1.4465750455856323,
            2.363853931427002,
            0.0,
            "H",
            NaN,
            NaN,
            false
        ],
        [
            1.4465750455856323,
            3.6089720726013184,
            2.156445026397705,
            "H",
            NaN,
            NaN,
            false
        ],
        [
            1.4465750455856323,
            -1.2112200260162354,
            5.553256988525391,
            "C",
            NaN,
            NaN,
            false
        ],
        [
            1.4465750455856323,
            -1.9999999949504854e-06,
            6.2526021003723145,
            "C",
            NaN,
            NaN,
            false
        ],
        [
            1.4465750455856323,
            1.2112170457839966,
            5.553256988525391,
            "C",
            NaN,
            NaN,
            false
        ],
        [
            1.4465750455856323,
            1.2112170457839966,
            4.1546101570129395,
            "C",
            NaN,
            NaN,
            false
        ],
        [
            1.4465750455856323,
            -1.9999999949504854e-06,
            3.4552650451660156,
            "C",
            NaN,
            NaN,
            false
        ],
        [
            1.4465750455856323,
            -1.2112200260162354,
            4.154609203338623,
            "C",
            NaN,
            NaN,
            false
        ],
        [
            1.4465750455856323,
            -2.1564459800720215,
            6.098895072937012,
            "H",
            NaN,
            NaN,
            false
        ],
        [
            1.4465750455856323,
            -1.9999999949504854e-06,
            7.3440117835998535,
            "H",
            NaN,
            NaN,
            false
        ],
        [
            1.4465750455856323,
            2.1564419269561768,
            6.098895072937012,
            "H",
            NaN,
            NaN,
            false
        ],
        [
            1.4465750455856323,
            2.1564419269561768,
            3.6089720726013184,
            "H",
            NaN,
            NaN,
            false
        ],
        [
            1.4465750455856323,
            -1.9999999949504854e-06,
            2.363853931427002,
            "H",
            NaN,
            NaN,
            false
        ],
        [
            1.4465750455856323,
            -2.1564459800720215,
            3.6089720726013184,
            "H",
            NaN,
            NaN,
            false
        ]
    ]
}