{
    "properties": {
        "Z": 2,
        "number_of_atoms_in_molecule": 12,
        "unit_cell_volume": 193.714874,
        "attempted_spg": 192,
        "attempted_wyckoff_position": "2b",
        "site_symmetry_group": "6/m",
        "spg": 192,
        "lattice_vector_a": [
            5.879034,
            0.0,
            0.0
        ],
        "lattice_vector_b": [
            3.7769748312415233e-16,
            6.168267999999999,
            0.0
        ],
        "lattice_vector_c": [
            3.776974945067427e-16,
            -3.0841339999999984,
            5.341877000000003
        ],
        "cell_vol": 193.7149284545572,
        "a": 5.879034,
        "b": 6.168268,
        "c": 6.168268185891807,
        "alpha": 119.99999900308299,
        "beta": 90,
        "gamma": 90,
        "rdf": [
            "43.254562",
            "88.40955",
            "160.8849",
            "224.82463",
            "292.53955",
            "390.27963",
            "423.60153",
            "350.9997",
            "241.49675",
            "132.90894",
            "55.279137",
            "30.582119",
            "81.16616",
            "175.95981",
            "278.28668",
            "330.08646",
            "356.86948",
            "362.94467",
            "309.32935",
            "219.6653",
            "132.0035",
            "60.817528",
            "30.582123",
            "81.16616",
            "175.95981",
            "278.28668",
            "330.08646",
            "356.86942",
            "362.94464",
            "309.32928",
            "219.6653",
            "132.00352",
            "60.81752",
            "34.414326",
            "87.33039",
            "165.41254",
            "247.2892",
            "305.63696",
            "360.46344",
            "368.33228",
            "294.416",
            "202.81198",
            "118.55726",
            "55.862965"
        ],
        "file_path": "benzene_2mpc_0_he_rdf/geometry_18a2af2e05.json",
        "replica": "init_pool",
        "AP_cluster": 6
    },
    "struct_id": "geometry_18a2af2e05",
    "input_ref": null,
    "geometry": [
        [
            1.6262679215724884e-16,
            1.044150948524475,
            0.9305419921875,
            "C",
            NaN,
            NaN,
            false
        ],
        [
            3.475523420733429e-17,
            1.327949047088623,
            -0.4389899969100952,
            "C",
            NaN,
            NaN,
            false
        ],
        [
            -1.278717068424248e-16,
            0.2837989926338196,
            -1.3695340156555176,
            "C",
            NaN,
            NaN,
            false
        ],
        [
            -1.6262693774103665e-16,
            -1.0441499948501587,
            -0.9305440187454224,
            "C",
            NaN,
            NaN,
            false
        ],
        [
            -3.4755340086452694e-17,
            -1.327949047088623,
            0.4389890134334564,
            "C",
            NaN,
            NaN,
            false
        ],
        [
            1.27871495084188e-16,
            -0.2837989926338196,
            1.3695319890975952,
            "C",
            NaN,
            NaN,
            false
        ],
        [
            2.8953169029972167e-16,
            1.8589470386505127,
            1.6566859483718872,
            "H",
            NaN,
            NaN,
            false
        ],
        [
            6.187629280996357e-17,
            2.364206075668335,
            -0.7815529704093933,
            "H",
            NaN,
            NaN,
            false
        ],
        [
            -2.27655404107203e-16,
            0.5052589774131775,
            -2.438239097595215,
            "H",
            NaN,
            NaN,
            false
        ],
        [
            -2.895317961788401e-16,
            -1.8589470386505127,
            -1.6566870212554932,
            "H",
            NaN,
            NaN,
            false
        ],
        [
            -6.187629280996357e-17,
            -2.364206075668335,
            0.7815529704093933,
            "H",
            NaN,
            NaN,
            false
        ],
        [
            2.27655404107203e-16,
            -0.5052589774131775,
            2.438239097595215,
            "H",
            NaN,
            NaN,
            false
        ],
        [
            2.939517021179199,
            -0.2837980091571808,
            -1.3695329427719116,
            "C",
            NaN,
            NaN,
            false
        ],
        [
            2.939517021179199,
            1.0441499948501587,
            -0.9305430054664612,
            "C",
            NaN,
            NaN,
            false
        ],
        [
            2.939517021179199,
            1.327949047088623,
            0.4389890134334564,
            "C",
            NaN,
            NaN,
            false
        ],
        [
            2.939517021179199,
            0.2837980091571808,
            1.3695329427719116,
            "C",
            NaN,
            NaN,
            false
        ],
        [
            2.939517021179199,
            -1.044150948524475,
            0.9305419921875,
            "C",
            NaN,
            NaN,
            false
        ],
        [
            2.939517021179199,
            -1.3279500007629395,
            -0.4389899969100952,
            "C",
            NaN,
            NaN,
            false
        ],
        [
            2.939517021179199,
            -0.5052580237388611,
            -2.438239097595215,
            "H",
            NaN,
            NaN,
            false
        ],
        [
            2.939517021179199,
            1.8589470386505127,
            -1.6566859483718872,
            "H",
            NaN,
            NaN,
            false
        ],
        [
            2.939517021179199,
            2.364206075668335,
            0.7815520167350769,
            "H",
            NaN,
            NaN,
            false
        ],
        [
            2.939517021179199,
            0.5052580237388611,
            2.438239097595215,
            "H",
            NaN,
            NaN,
            false
        ],
        [
            2.939517021179199,
            -1.8589470386505127,
            1.6566859483718872,
            "H",
            NaN,
            NaN,
            false
        ],
        [
            2.939517021179199,
            -2.364206075668335,
            -0.7815520167350769,
            "H",
            NaN,
            NaN,
            false
        ]
    ]
}