{
    "properties": {
        "Z": 2,
        "number_of_atoms_in_molecule": 12,
        "unit_cell_volume": 292.47171,
        "attempted_spg": 47,
        "attempted_wyckoff_position": "2p",
        "site_symmetry_group": "mm2",
        "spg": 47,
        "lattice_vector_a": [
            3.011039,
            0.0,
            0.0
        ],
        "lattice_vector_b": [
            3.901687962679493e-16,
            6.37194,
            0.0
        ],
        "lattice_vector_c": [
            9.33419115985057e-16,
            9.33419115985057e-16,
            15.243890999999998
        ],
        "cell_vol": 292.4717293958179,
        "a": 3.011039,
        "b": 6.37194,
        "c": 15.243891,
        "alpha": 90,
        "beta": 90,
        "gamma": 90,
        "rdf": [
            "41.9688",
            "80.223",
            "131.51437",
            "147.36063",
            "132.09909",
            "145.47038",
            "170.00473",
            "165.69003",
            "127.63354",
            "76.17337",
            "34.87701",
            "26.209816",
            "60.049473",
            "121.327866",
            "179.03127",
            "188.68272",
            "174.88208",
            "164.3694",
            "146.22403",
            "112.188576",
            "67.12422",
            "29.595753",
            "26.209818",
            "60.04947",
            "121.327866",
            "179.03128",
            "188.68272",
            "174.8821",
            "164.36938",
            "146.22406",
            "112.18858",
            "67.124214",
            "29.59575",
            "21.548676",
            "53.76385",
            "108.197334",
            "162.59451",
            "197.9534",
            "201.6004",
            "176.09457",
            "138.05827",
            "95.69317",
            "57.90104",
            "28.75804"
        ],
        "file_path": "benzene_2mpc_0_he_rdf/geometry_66f41f7787.json",
        "replica": "init_pool",
        "AP_cluster": 2
    },
    "struct_id": "geometry_66f41f7787",
    "input_ref": null,
    "geometry": [
        [
            1.5055190324783325,
            3.185969114303589,
            5.188803195953369,
            "C",
            NaN,
            NaN,
            false
        ],
        [
            1.5055190324783325,
            4.397274971008301,
            4.489552021026611,
            "C",
            NaN,
            NaN,
            false
        ],
        [
            1.5055190324783325,
            4.397274971008301,
            3.0909628868103027,
            "C",
            NaN,
            NaN,
            false
        ],
        [
            1.5055190324783325,
            3.185969114303589,
            2.391711950302124,
            "C",
            NaN,
            NaN,
            false
        ],
        [
            1.5055190324783325,
            1.9746639728546143,
            3.0909628868103027,
            "C",
            NaN,
            NaN,
            false
        ],
        [
            1.5055190324783325,
            1.9746639728546143,
            4.489552021026611,
            "C",
            NaN,
            NaN,
            false
        ],
        [
            1.5055190324783325,
            3.185969114303589,
            6.280211925506592,
            "H",
            NaN,
            NaN,
            false
        ],
        [
            1.5055190324783325,
            5.342388153076172,
            5.0353899002075195,
            "H",
            NaN,
            NaN,
            false
        ],
        [
            1.5055190324783325,
            5.342388153076172,
            2.5451250076293945,
            "H",
            NaN,
            NaN,
            false
        ],
        [
            1.5055190324783325,
            3.185969114303589,
            1.3003040552139282,
            "H",
            NaN,
            NaN,
            false
        ],
        [
            1.5055190324783325,
            1.0295510292053223,
            2.5451250076293945,
            "H",
            NaN,
            NaN,
            false
        ],
        [
            1.5055190324783325,
            1.0295510292053223,
            5.0353899002075195,
            "H",
            NaN,
            NaN,
            false
        ],
        [
            1.5055190324783325,
            3.1859700679779053,
            10.055085182189941,
            "C",
            NaN,
            NaN,
            false
        ],
        [
            1.5055190324783325,
            1.9746639728546143,
            10.7543363571167,
            "C",
            NaN,
            NaN,
            false
        ],
        [
            1.5055190324783325,
            1.9746639728546143,
            12.152924537658691,
            "C",
            NaN,
            NaN,
            false
        ],
        [
            1.5055190324783325,
            3.1859700679779053,
            12.85217571258545,
            "C",
            NaN,
            NaN,
            false
        ],
        [
            1.5055190324783325,
            4.397274971008301,
            12.152924537658691,
            "C",
            NaN,
            NaN,
            false
        ],
        [
            1.5055190324783325,
            4.397274971008301,
            10.7543363571167,
            "C",
            NaN,
            NaN,
            false
        ],
        [
            1.5055190324783325,
            3.1859700679779053,
            8.963674545288086,
            "H",
            NaN,
            NaN,
            false
        ],
        [
            1.5055190324783325,
            1.0295510292053223,
            10.208498001098633,
            "H",
            NaN,
            NaN,
            false
        ],
        [
            1.5055190324783325,
            1.0295510292053223,
            12.698763847351074,
            "H",
            NaN,
            NaN,
            false
        ],
        [
            1.5055190324783325,
            3.1859700679779053,
            13.943584442138672,
            "H",
            NaN,
            NaN,
            false
        ],
        [
            1.5055190324783325,
            5.342388153076172,
            12.698763847351074,
            "H",
            NaN,
            NaN,
            false
        ],
        [
            1.5055190324783325,
            5.342388153076172,
            10.208498001098633,
            "H",
            NaN,
            NaN,
            false
        ]
    ]
}