{
    "properties": {
        "Z": 2,
        "number_of_atoms_in_molecule": 12,
        "unit_cell_volume": 254.104355,
        "attempted_spg": 35,
        "attempted_wyckoff_position": "2a",
        "site_symmetry_group": "mm2",
        "spg": 65,
        "lattice_vector_a": [
            3.0255929999999998,
            0.0,
            0.0
        ],
        "lattice_vector_b": [
            5.55655501933751e-16,
            9.074543,
            0.0
        ],
        "lattice_vector_c": [
            5.667059186288373e-16,
            5.667059186288373e-16,
            9.25501
        ],
        "cell_vol": 254.10438638337365,
        "a": 3.025593,
        "b": 9.074543,
        "c": 9.25501,
        "alpha": 90,
        "beta": 90,
        "gamma": 90,
        "rdf": [
            "41.852154",
            "80.239006",
            "135.45413",
            "164.6858",
            "167.9374",
            "194.81546",
            "224.50272",
            "203.9151",
            "143.37366",
            "81.239655",
            "34.409542",
            "26.997065",
            "63.93094",
            "132.33185",
            "203.5926",
            "227.97592",
            "217.89444",
            "201.45769",
            "171.39844",
            "124.383644",
            "74.47414",
            "35.26872",
            "26.997063",
            "63.93094",
            "132.33185",
            "203.5926",
            "227.97592",
            "217.89445",
            "201.45773",
            "171.39844",
            "124.383644",
            "74.47413",
            "35.26872",
            "23.818764",
            "61.54814",
            "123.641335",
            "188.98982",
            "232.51727",
            "236.52478",
            "207.34836",
            "160.64984",
            "113.48614",
            "73.34914",
            "37.00379"
        ],
        "file_path": "benzene_2mpc_0_he_rdf/geometry_2ec9e91898.json",
        "replica": "init_pool",
        "AP_cluster": 0
    },
    "struct_id": "geometry_2ec9e91898",
    "input_ref": null,
    "geometry": [
        [
            1.5119500160217285,
            -0.6993240118026733,
            -1.2112189531326294,
            "C",
            NaN,
            NaN,
            false
        ],
        [
            1.5119500160217285,
            0.6993240118026733,
            -1.2112189531326294,
            "C",
            NaN,
            NaN,
            false
        ],
        [
            1.5119500160217285,
            1.3986690044403076,
            0.0,
            "C",
            NaN,
            NaN,
            false
        ],
        [
            1.5119500160217285,
            0.6993240118026733,
            1.211217999458313,
            "C",
            NaN,
            NaN,
            false
        ],
        [
            1.5119500160217285,
            -0.6993240118026733,
            1.211217999458313,
            "C",
            NaN,
            NaN,
            false
        ],
        [
            1.5119500160217285,
            -1.3986690044403076,
            0.0,
            "C",
            NaN,
            NaN,
            false
        ],
        [
            1.5119500160217285,
            -1.2449619770050049,
            -2.1564459800720215,
            "H",
            NaN,
            NaN,
            false
        ],
        [
            1.5119500160217285,
            1.2449619770050049,
            -2.1564459800720215,
            "H",
            NaN,
            NaN,
            false
        ],
        [
            1.5119500160217285,
            2.4900801181793213,
            0.0,
            "H",
            NaN,
            NaN,
            false
        ],
        [
            1.5119500160217285,
            1.2449619770050049,
            2.156445026397705,
            "H",
            NaN,
            NaN,
            false
        ],
        [
            1.5119500160217285,
            -1.2449619770050049,
            2.156445026397705,
            "H",
            NaN,
            NaN,
            false
        ],
        [
            1.5119500160217285,
            -2.4900801181793213,
            0.0,
            "H",
            NaN,
            NaN,
            false
        ],
        [
            1.5119500160217285,
            3.8379480838775635,
            3.4162869453430176,
            "C",
            NaN,
            NaN,
            false
        ],
        [
            1.5119500160217285,
            5.236595153808594,
            3.4162869453430176,
            "C",
            NaN,
            NaN,
            false
        ],
        [
            1.5119500160217285,
            5.935941219329834,
            4.627505779266357,
            "C",
            NaN,
            NaN,
            false
        ],
        [
            1.5119500160217285,
            5.23659610748291,
            5.838724136352539,
            "C",
            NaN,
            NaN,
            false
        ],
        [
            1.5119500160217285,
            3.8379480838775635,
            5.838724136352539,
            "C",
            NaN,
            NaN,
            false
        ],
        [
            1.5119500160217285,
            3.1386029720306396,
            4.627505779266357,
            "C",
            NaN,
            NaN,
            false
        ],
        [
            1.5119500160217285,
            3.2923099994659424,
            2.4710609912872314,
            "H",
            NaN,
            NaN,
            false
        ],
        [
            1.5119500160217285,
            5.782234191894531,
            2.4710609912872314,
            "H",
            NaN,
            NaN,
            false
        ],
        [
            1.5119500160217285,
            7.0273518562316895,
            4.627505779266357,
            "H",
            NaN,
            NaN,
            false
        ],
        [
            1.5119500160217285,
            5.782234191894531,
            6.7839508056640625,
            "H",
            NaN,
            NaN,
            false
        ],
        [
            1.5119500160217285,
            3.2923099994659424,
            6.7839508056640625,
            "H",
            NaN,
            NaN,
            false
        ],
        [
            1.5119500160217285,
            2.047192096710205,
            4.627505779266357,
            "H",
            NaN,
            NaN,
            false
        ]
    ]
}