{
    "properties": {
        "Z": 2,
        "number_of_atoms_in_molecule": 12,
        "unit_cell_volume": 233.65712,
        "attempted_spg": 150,
        "attempted_wyckoff_position": "2d",
        "site_symmetry_group": "3",
        "spg": 150,
        "lattice_vector_a": [
            5.705204,
            0.0,
            0.0
        ],
        "lattice_vector_b": [
            4.2108469855072444e-16,
            6.876835,
            0.0
        ],
        "lattice_vector_c": [
            4.2108467103098355e-16,
            -3.4384179999999978,
            5.9555130000000025
        ],
        "cell_vol": 233.65708761329944,
        "a": 5.705204,
        "b": 6.876835,
        "c": 6.876834550568525,
        "alpha": 120.0000069722208,
        "beta": 90,
        "gamma": 90,
        "rdf": [
            "39.315723",
            "66.23662",
            "113.354034",
            "191.90636",
            "280.4234",
            "329.9027",
            "314.42953",
            "265.39572",
            "212.0097",
            "137.03676",
            "60.549862",
            "28.520544",
            "71.512794",
            "146.37305",
            "216.7148",
            "261.12183",
            "303.31055",
            "316.07986",
            "269.04688",
            "191.11246",
            "117.20473",
            "55.858734",
            "28.520544",
            "71.512794",
            "146.37306",
            "216.71478",
            "261.12183",
            "303.31055",
            "316.07986",
            "269.04688",
            "191.11246",
            "117.204735",
            "55.858746",
            "24.536562",
            "66.065834",
            "138.04184",
            "214.19324",
            "268.71252",
            "292.07846",
            "296.86188",
            "259.06824",
            "189.04057",
            "114.72214",
            "51.06934"
        ],
        "file_path": "benzene_2mpc_0_he_rdf/geometry_c2d5650f30.json",
        "replica": "init_pool",
        "AP_cluster": 8
    },
    "struct_id": "geometry_c2d5650f30",
    "input_ref": null,
    "geometry": [
        [
            1.4757839441299438,
            1.3821959495544434,
            3.756582021713257,
            "C",
            NaN,
            NaN,
            false
        ],
        [
            1.4757839441299438,
            0.5059760212898254,
            2.666445016860962,
            "C",
            NaN,
            NaN,
            false
        ],
        [
            1.4757839441299438,
            -0.8762199878692627,
            2.880204916000366,
            "C",
            NaN,
            NaN,
            false
        ],
        [
            1.4757839441299438,
            -1.3821959495544434,
            4.184103012084961,
            "C",
            NaN,
            NaN,
            false
        ],
        [
            1.4757839441299438,
            -0.5059760212898254,
            5.2742390632629395,
            "C",
            NaN,
            NaN,
            false
        ],
        [
            1.4757839441299438,
            0.8762199878692627,
            5.060479164123535,
            "C",
            NaN,
            NaN,
            false
        ],
        [
            1.4757839441299438,
            2.460783004760742,
            3.5897750854492188,
            "H",
            NaN,
            NaN,
            false
        ],
        [
            1.4757839441299438,
            0.9008110165596008,
            1.6489570140838623,
            "H",
            NaN,
            NaN,
            false
        ],
        [
            1.4757839441299438,
            -1.5599730014801025,
            2.029524087905884,
            "H",
            NaN,
            NaN,
            false
        ],
        [
            1.4757839441299438,
            -2.460783004760742,
            4.350909233093262,
            "H",
            NaN,
            NaN,
            false
        ],
        [
            1.4757839441299438,
            -0.9008110165596008,
            6.291727066040039,
            "H",
            NaN,
            NaN,
            false
        ],
        [
            1.4757839441299438,
            1.5599720478057861,
            5.911159992218018,
            "H",
            NaN,
            NaN,
            false
        ],
        [
            4.229420185089111,
            2.562196969985962,
            3.075308084487915,
            "C",
            NaN,
            NaN,
            false
        ],
        [
            4.229420185089111,
            2.0562210083007812,
            1.7714109420776367,
            "C",
            NaN,
            NaN,
            false
        ],
        [
            4.229420185089111,
            2.932440996170044,
            0.6812739968299866,
            "C",
            NaN,
            NaN,
            false
        ],
        [
            4.229420185089111,
            4.314638137817383,
            0.8950340151786804,
            "C",
            NaN,
            NaN,
            false
        ],
        [
            4.229420185089111,
            4.820612907409668,
            2.1989309787750244,
            "C",
            NaN,
            NaN,
            false
        ],
        [
            4.229420185089111,
            3.9443929195404053,
            3.2890689373016357,
            "C",
            NaN,
            NaN,
            false
        ],
        [
            4.229420185089111,
            1.878443956375122,
            3.9259889125823975,
            "H",
            NaN,
            NaN,
            false
        ],
        [
            4.229420185089111,
            0.977632999420166,
            1.6046040058135986,
            "H",
            NaN,
            NaN,
            false
        ],
        [
            4.229420185089111,
            2.5376060009002686,
            -0.33621400594711304,
            "H",
            NaN,
            NaN,
            false
        ],
        [
            4.229420185089111,
            4.998388767242432,
            0.044353000819683075,
            "H",
            NaN,
            NaN,
            false
        ],
        [
            4.229420185089111,
            5.899199962615967,
            2.3657379150390625,
            "H",
            NaN,
            NaN,
            false
        ],
        [
            4.229420185089111,
            4.339229106903076,
            4.306556224822998,
            "H",
            NaN,
            NaN,
            false
        ]
    ]
}