{
    "properties": {
        "lattice_vector_a": [
            4.8252,
            0.0,
            0.0
        ],
        "lattice_vector_b": [
            0.0,
            9.116396,
            0.0
        ],
        "lattice_vector_c": [
            -7.483486,
            0.0,
            5.211373
        ],
        "unit_cell_volume": 229.2401371514855,
        "cell_vol": 229.2401371514855,
        "spg": 6,
        "molecule_harris_info": [
            [
                39.505797711999534,
                -48.62074586883194,
                104.0346266765732,
                0.4038876693775045,
                1.9955594729869923,
                2.1132647978102272,
                false
            ],
            [
                23.907924277483037,
                -54.879056569848714,
                91.19527736054185,
                0.4038876693775045,
                7.120832951779061,
                2.1132647978102272,
                false
            ]
        ],
        "harris_energy": -16835.034676432
    },
    "struct_id": "target1_2mpc_3d95ef2558",
    "input_ref": null,
    "geometry": [
        [
            -0.2955859899520874,
            1.671815037727356,
            0.4363740086555481,
            "O",
            NaN,
            NaN,
            false
        ],
        [
            1.0246139764785767,
            1.9768120050430298,
            0.7141550183296204,
            "C",
            NaN,
            NaN,
            false
        ],
        [
            1.6727900505065918,
            2.0197720527648926,
            -0.15176700055599213,
            "H",
            NaN,
            NaN,
            false
        ],
        [
            1.1422619819641113,
            2.1448090076446533,
            2.0575740337371826,
            "C",
            NaN,
            NaN,
            false
        ],
        [
            1.7927420139312744,
            2.422121047973633,
            3.4049808979034424,
            "C",
            NaN,
            NaN,
            false
        ],
        [
            2.1930220127105713,
            3.4357800483703613,
            3.535759925842285,
            "H",
            NaN,
            NaN,
            false
        ],
        [
            2.5573549270629883,
            1.6995190382003784,
            3.718151092529297,
            "H",
            NaN,
            NaN,
            false
        ],
        [
            0.36079201102256775,
            2.189800977706909,
            4.04719877243042,
            "C",
            NaN,
            NaN,
            false
        ],
        [
            -0.06327400356531143,
            3.068643093109131,
            4.549997806549072,
            "H",
            NaN,
            NaN,
            false
        ],
        [
            0.29961100220680237,
            1.3313339948654175,
            4.728470802307129,
            "H",
            NaN,
            NaN,
            false
        ],
        [
            -0.14142900705337524,
            1.9380359649658203,
            2.632906913757324,
            "C",
            NaN,
            NaN,
            false
        ],
        [
            -1.004606008529663,
            1.6500120162963867,
            1.6235380172729492,
            "C",
            NaN,
            NaN,
            false
        ],
        [
            -2.0572669506073,
            1.419579029083252,
            1.5204700231552124,
            "H",
            NaN,
            NaN,
            false
        ],
        [
            -0.2955859899520874,
            7.444581031799316,
            0.4363740086555481,
            "O",
            NaN,
            NaN,
            false
        ],
        [
            1.0246139764785767,
            7.139584064483643,
            0.7141550183296204,
            "C",
            NaN,
            NaN,
            false
        ],
        [
            1.6727900505065918,
            7.09662389755249,
            -0.15176700055599213,
            "H",
            NaN,
            NaN,
            false
        ],
        [
            1.1422619819641113,
            6.971587181091309,
            2.0575740337371826,
            "C",
            NaN,
            NaN,
            false
        ],
        [
            1.7927420139312744,
            6.69427490234375,
            3.4049808979034424,
            "C",
            NaN,
            NaN,
            false
        ],
        [
            2.1930220127105713,
            5.6806159019470215,
            3.535759925842285,
            "H",
            NaN,
            NaN,
            false
        ],
        [
            2.5573549270629883,
            7.416876792907715,
            3.718151092529297,
            "H",
            NaN,
            NaN,
            false
        ],
        [
            0.36079201102256775,
            6.926595211029053,
            4.04719877243042,
            "C",
            NaN,
            NaN,
            false
        ],
        [
            -0.06327400356531143,
            6.0477519035339355,
            4.549997806549072,
            "H",
            NaN,
            NaN,
            false
        ],
        [
            0.29961100220680237,
            7.785061836242676,
            4.728470802307129,
            "H",
            NaN,
            NaN,
            false
        ],
        [
            -0.14142900705337524,
            7.1783599853515625,
            2.632906913757324,
            "C",
            NaN,
            NaN,
            false
        ],
        [
            -1.004606008529663,
            7.466383934020996,
            1.6235380172729492,
            "C",
            NaN,
            NaN,
            false
        ],
        [
            -2.0572669506073,
            7.696816921234131,
            1.5204700231552124,
            "H",
            NaN,
            NaN,
            false
        ]
    ]
}