{
    "properties": {
        "lattice_vector_a": [
            5.058934,
            0.0,
            0.0
        ],
        "lattice_vector_b": [
            0.0,
            12.423969,
            0.0
        ],
        "lattice_vector_c": [
            -0.812754,
            0.0,
            3.239872
        ],
        "unit_cell_volume": 203.63256191149293,
        "cell_vol": 203.63256191149293,
        "spg": 6,
        "molecule_harris_info": [
            [
                133.59119168810187,
                -40.612067710763974,
                -127.6131253296464,
                2.5272378858099596,
                9.40766202769381,
                2.5125069343584014,
                false
            ],
            [
                -151.3759995212696,
                -87.29466266287436,
                13.318838010268388,
                2.5272378858099596,
                3.016303748526472,
                2.5125069343584014,
                false
            ]
        ],
        "harris_energy": -17123.947651245,
        "rcd": [
            [
                [
                    -0.48034893116092825,
                    0.19253829689841606,
                    -3.2999294274618944
                ],
                [
                    1.0000001192092896,
                    0.9999999403953552,
                    1.0
                ]
            ],
            [
                [
                    0.4803489698903051,
                    -0.1925383312671849,
                    3.2999295929002024
                ],
                [
                    1.0000001192092896,
                    0.9999999403953552,
                    1.0
                ]
            ],
            [
                [
                    -2.2563844161747655,
                    4.147545458297955,
                    1.8164273136147127
                ],
                [
                    1.0000001192092896,
                    0.9999999403953552,
                    1.0
                ]
            ],
            [
                [
                    2.2563844783946228,
                    -4.147545572666625,
                    -1.8164273637027415
                ],
                [
                    1.0000001192092896,
                    0.9999999403953552,
                    1.0
                ]
            ],
            [
                [
                    -2.7367333388511677,
                    4.340083739600643,
                    -1.4835021206773678
                ],
                [
                    1.0000001192092896,
                    0.9999999403953552,
                    1.0
                ]
            ],
            [
                [
                    2.7367333549551423,
                    -4.340083732380805,
                    1.4835023043295041
                ],
                [
                    1.0000001192092896,
                    0.9999999403953552,
                    1.0
                ]
            ],
            [
                [
                    5.166212546533154,
                    3.061679744192326,
                    -0.573374214946515
                ],
                [
                    -0.4667765200138092,
                    0.4848439395427704,
                    -0.9819325804710388
                ]
            ],
            [
                [
                    -5.473437026735243,
                    -3.243751805587858,
                    0.6074716496845484
                ],
                [
                    -0.46677646040916443,
                    0.48484382033348083,
                    -0.9819325804710388
                ]
            ],
            [
                [
                    -0.9606978377156649,
                    0.38507654045984974,
                    -6.599858918023805
                ],
                [
                    1.0,
                    1.0,
                    1.0
                ]
            ],
            [
                [
                    0.9606978022122346,
                    -0.3850764900632413,
                    6.599858867236693
                ],
                [
                    1.0,
                    0.9999998807907104,
                    1.0
                ]
            ],
            [
                [
                    1.7760355540213153,
                    -3.955007288244792,
                    -5.116356796628785
                ],
                [
                    1.0,
                    0.9999999403953552,
                    1.0
                ]
            ],
            [
                [
                    -1.776035447415731,
                    3.955007129110201,
                    5.116356907425606
                ],
                [
                    1.0000001192092896,
                    0.9999999403953552,
                    0.9999999403953552
                ]
            ],
            [
                [
                    4.6858636153722255,
                    3.2542180410907418,
                    -3.8733036424084095
                ],
                [
                    -0.4667765200138092,
                    0.4848439395427704,
                    -0.9819325804710388
                ]
            ],
            [
                [
                    5.646561516423459,
                    2.869141412925141,
                    2.7265553779536873
                ],
                [
                    -0.46677646040916443,
                    0.484843909740448,
                    -0.9819325804710388
                ]
            ],
            [
                [
                    -5.953785957896171,
                    -3.051213508689442,
                    -2.692457777777346
                ],
                [
                    -0.46677646040916443,
                    0.48484382033348083,
                    -0.9819325804710388
                ]
            ],
            [
                [
                    -4.993088056844938,
                    -3.4362901368550425,
                    3.9074012425847506
                ],
                [
                    -0.46677646040916443,
                    0.4848438501358032,
                    -0.9819325804710388
                ]
            ]
        ]
    },
    "struct_id": "target1_2mpc_b99a261a8c",
    "input_ref": null,