{
    "properties": {
        "lattice_vector_a": [
            16.37834,
            0.0,
            0.0
        ],
        "lattice_vector_b": [
            0.0,
            4.340037,
            0.0
        ],
        "lattice_vector_c": [
            2.562207,
            0.0,
            3.99929
        ],
        "unit_cell_volume": 284.2799377471849,
        "cell_vol": 284.2799377471849,
        "spg": 3,
        "molecule_harris_info": [
            [
                51.492695620108776,
                -138.52825304537052,
                -44.86405691770093,
                12.033769526380173,
                3.6940505517289997,
                0.564038324665199,
                false
            ],
            [
                128.50750240491263,
                -41.47145106645435,
                135.13583955862813,
                6.906779355191169,
                3.6940505517289997,
                3.4352427452723395,
                false
            ]
        ],
        "harris_energy": -16718.897724659,
        "rcd": [
            [
                [
                    1.6443191740318988,
                    -3.7808577063152673,
                    -1.3554523899887028
                ],
                [
                    1.0,
                    1.0,
                    1.0
                ]
            ],
            [
                [
                    -1.6443192377888178,
                    3.7808578529144445,
                    1.3554524425450858
                ],
                [
                    1.0,
                    1.0,
                    1.0
                ]
            ],
            [
                [
                    -0.8383239289445801,
                    -1.896525633082095,
                    4.273129033299382
                ],
                [
                    1.0,
                    1.0,
                    1.0
                ]
            ],
            [
                [
                    0.8383238663740493,
                    1.8965255850432778,
                    -4.273128975206568
                ],
                [
                    1.0,
                    1.0,
                    1.0
                ]
            ],
            [
                [
                    5.267483579927002,
                    1.5370786731144552,
                    2.1025805087217506
                ],
                [
                    -0.71291184425354,
                    0.5178322792053223,
                    -0.8049204349517822
                ]
            ],
            [
                [
                    0.8059952450873187,
                    -5.6773833393973625,
                    2.9176766433106787
                ],
                [
                    1.0,
                    1.0,
                    1.0
                ]
            ],
            [
                [
                    -2.482643166733398,
                    1.8843322198323496,
                    5.628581475844467
                ],
                [
                    1.0,
                    1.0,
                    1.0
                ]
            ],
            [
                [
                    2.4826430404059483,
                    -1.8843321212719895,
                    -5.628581365195271
                ],
                [
                    1.0,
                    1.0,
                    1.0
                ]
            ],
            [
                [
                    -0.8059953714147685,
                    5.677383437957722,
                    -2.917676532661482
                ],
                [
                    1.0,
                    1.0,
                    1.0
                ]
            ],
            [
                [
                    6.9118027539589,
                    -2.2437790332008123,
                    0.7471281187330479
                ],
                [
                    -0.71291184425354,
                    0.5178322792053223,
                    -0.8049204349517822
                ]
            ],
            [
                [
                    3.6231643421381836,
                    5.3179365260289,
                    3.458032951266836
                ],
                [
                    -0.71291184425354,
                    0.5178322792053223,
                    -0.804920494556427
                ]
            ],
            [
                [
                    6.1058075125492355,
                    3.4336042606498185,
                    -2.1705483930695166
                ],
                [
                    -0.7129119634628296,
                    0.517832338809967,
                    -0.804920494556427
                ]
            ],
            [
                [
                    4.429159535067692,
                    -0.3594469343148796,
                    6.375709329848219
                ],
                [
                    -0.71291184425354,
                    0.5178322792053223,
                    -0.8049204349517822
                ]
            ],
            [
                [
                    -7.378163699605548,
                    -2.668597964531002,
                    -1.5068514545145621
                ],
                [
                    -0.7129119038581848,
                    0.5178323984146118,
                    -0.8049205541610718
                ]
            ],
            [
                [
                    7.750126686581135,
                    -0.3472534456654488,
                    -3.5260007830582194
                ],
                [
                    -0.7129119634628296,
                    0.517832338809967,
                    -0.804920494556427
                ]
            ],
            [
                [
                    4.461488274760418,
                    7.214462113564263,
                    -0.8150959505244311
                ],
                [
                    -0.71291184425354,
                    0.5178322792053223,
                    -0.8049204349517822
                ]
            ]
        ]
    },
    "struct_id": "target1_2mpc_384237b814",
    "input_ref": null,