{
    "properties": {
        "lattice_vector_a": [
            3.665223,
            0.0,
            0.0
        ],
        "lattice_vector_b": [
            0.0,
            13.722412,
            0.0
        ],
        "lattice_vector_c": [
            1.156372,
            0.0,
            4.995606
        ],
        "unit_cell_volume": 251.25750108323794,
        "cell_vol": 251.25750108323794,
        "spg": 4,
        "molecule_harris_info": [
            [
                0,
                0,
                0,
                2.3836052633346396,
                7.497523096013577,
                3.428456211145571,
                false
            ],
            [
                -55.96683665963084,
                -175.90522353998273,
                -53.56490415161455,
                2.4379913965438273,
                0.6363170628852032,
                1.5671409088325627,
                false
            ]
        ],
        "harris_energy": -16713.447283501,
        "rcd": [
            [
                [
                    -1.5997122585517027,
                    2.064759319387336,
                    2.5712930811670294
                ],
                [
                    1.0,
                    0.9999999403953552,
                    1.000000238418579
                ]
            ],
            [
                [
                    1.5997123017253083,
                    -2.064759375111798,
                    -2.5712931505620054
                ],
                [
                    1.0,
                    0.9999999403953552,
                    1.000000238418579
                ]
            ],
            [
                [
                    -0.12126355416387163,
                    4.648890347923942,
                    -2.1601826835753464
                ],
                [
                    1.0,
                    0.9999998807907104,
                    1.0000001192092896
                ]
            ],
            [
                [
                    0.12126358643778673,
                    -4.648890381098125,
                    2.1601826272533433
                ],
                [
                    1.0,
                    1.0,
                    1.0000001192092896
                ]
            ],
            [
                [
                    1.4784487149044783,
                    2.584131014962698,
                    -4.73147578164628
                ],
                [
                    1.0,
                    1.0,
                    1.0
                ]
            ],
            [
                [
                    -1.4784487086454283,
                    -2.584131014559321,
                    4.731475767139198
                ],
                [
                    1.0,
                    1.0,
                    1.0000001192092896
                ]
            ],
            [
                [
                    -1.720975803582696,
                    6.713649655523411,
                    0.4111103829119762
                ],
                [
                    1.0,
                    1.0,
                    1.0
                ]
            ],
            [
                [
                    1.7209758903771262,
                    -6.713649759067588,
                    -0.4111105268673789
                ],
                [
                    1.0,
                    1.0,
                    1.0000001192092896
                ]
            ],
            [
                [
                    6.317298474177221,
                    2.8705437279978536,
                    1.5476810361502327
                ],
                [
                    0.607227623462677,
                    -0.9153252840042114,
                    -0.6919023990631104
                ]
            ],
            [
                [
                    -5.984089622948753,
                    0.047013462621676494,
                    -3.838235795257595
                ],
                [
                    0.6072275042533875,
                    -0.9153252243995667,
                    -0.6919022798538208
                ]
            ],
            [
                [
                    -3.1994244445938884,
                    4.129518545186154,
                    5.142586045786087
                ],
                [
                    1.0,
                    0.9999999403953552,
                    1.000000238418579
                ]
            ],
            [
                [
                    3.1994244977306336,
                    -4.129518613770107,
                    -5.142586131195287
                ],
                [
                    1.0,
                    1.0,
                    1.0000001192092896
                ]
            ],
            [
                [
                    6.438562031792883,
                    -1.7783466260919858,
                    3.7078637150741507
                ],
                [
                    0.6072276830673218,
                    -0.9153252840042114,
                    -0.6919024586677551
                ]
            ],
            [
                [
                    -5.862826065333091,
                    -4.601876891468163,
                    -1.678053116333677
                ],
                [
                    0.6072275638580322,
                    -0.9153252840042114,
                    -0.6919023990631104
                ]
            ],
            [
                [
                    4.8388497686228495,
                    0.28641269925626034,
                    6.279156803664441
                ],
                [
                    0.607227623462677,
                    -0.9153252840042114,
                    -0.6919024586677551
                ]
            ],
            [
                [
                    -7.462538328503125,
                    -2.5371175661199166,
                    0.8932399722566129
                ],
                [
                    0.6072275042533875,
                    -0.9153251647949219,
                    -0.6919023990631104
                ]
            ]
        ]
    },
    "struct_id": "target1_2mpc_0573b7cf04",
    "input_ref": null,