{
    "properties": {
        "lattice_vector_a": [
            8.618378,
            0.0,
            0.0
        ],
        "lattice_vector_b": [
            0.0,
            6.640142,
            0.0
        ],
        "lattice_vector_c": [
            -3.126487,
            0.0,
            4.73244
        ],
        "unit_cell_volume": 270.824544640468,
        "cell_vol": 270.824544640468,
        "spg": 7,
        "molecule_harris_info": [
            [
                -86.7290907053177,
                -62.09280976149683,
                134.0848139176356,
                3.2340495358122157,
                2.5542391202551253,
                0.2214198085142577,
                false
            ],
            [
                133.96570669666968,
                -82.64748098274785,
                87.73104468010679,
                1.6708059025571702,
                4.085899468432082,
                2.5876396524700076,
                false
            ]
        ],
        "harris_energy": -16774.095802258,
        "rcd": [
            [
                [
                    -0.9005900166153271,
                    -1.000262729496894,
                    2.9286723693396937
                ],
                [
                    0.6318424940109253,
                    -0.3519126772880554,
                    -0.7200701236724854
                ]
            ],
            [
                [
                    2.2148899494764898,
                    -1.5182941538933559,
                    -1.7826262310866587
                ],
                [
                    0.6318424940109253,
                    -0.3519126772880554,
                    -0.7200702428817749
                ]
            ],
            [
                [
                    3.1154799446944264,
                    -0.51803141863824,
                    -4.711298563233269
                ],
                [
                    1.0,
                    0.9999997615814209,
                    1.0000001192092896
                ]
            ],
            [
                [
                    -3.115480232080759,
                    0.5180313472609166,
                    4.711298735952256
                ],
                [
                    1.0,
                    1.0,
                    1.0000001192092896
                ]
            ],
            [
                [
                    -3.749503536541855,
                    4.459034025029861,
                    0.44446999694925826
                ],
                [
                    0.6318424940109253,
                    -0.3519126772880554,
                    -0.7200701236724854
                ]
            ],
            [
                [
                    -0.6340235704500383,
                    3.9410026006333987,
                    -4.266828603477094
                ],
                [
                    0.6318424940109253,
                    -0.3519126772880554,
                    -0.7200702428817749
                ]
            ],
            [
                [
                    2.848913548492134,
                    -5.45929680926626,
                    2.4842023972991405
                ],
                [
                    0.9999999403953552,
                    1.0,
                    1.0
                ]
            ],
            [
                [
                    -2.8489135457716004,
                    5.459296804052975,
                    -2.4842023949268834
                ],
                [
                    1.0,
                    0.9999998807907104,
                    1.0000001192092896
                ]
            ],
            [
                [
                    5.662508939718601,
                    3.956193016313816,
                    2.2003148111176696
                ],
                [
                    1.0,
                    0.9999997615814209,
                    1.0000001192092896
                ]
            ],
            [
                [
                    -5.6625092278545175,
                    -3.9561930890078933,
                    -2.2003146404327554
                ],
                [
                    1.0,
                    1.0,
                    1.0000001192092896
                ]
            ],
            [
                [
                    -3.447618993977417,
                    -5.474487133422947,
                    -3.982940957083444
                ],
                [
                    0.6318424940109253,
                    -0.35191261768341064,
                    -0.7200701236724854
                ]
            ],
            [
                [
                    4.761918943563684,
                    2.955930279412758,
                    5.128987140721691
                ],
                [
                    0.6318425536155701,
                    -0.3519127368927002,
                    -0.7200702428817749
                ]
            ],
            [
                [
                    -6.563099068967545,
                    -4.956455802392636,
                    0.7283575630469099
                ],
                [
                    0.6318424940109253,
                    -0.35191255807876587,
                    -0.7200701236724854
                ]
            ],
            [
                [
                    7.877398887855387,
                    2.437898852040073,
                    0.41768855875541044
                ],
                [
                    0.6318424940109253,
                    -0.35191264748573303,
                    -0.7200701236724854
                ]
            ],
            [
                [
                    -2.54702899782926,
                    -4.474224439879594,
                    -6.911613381962814
                ],
                [
                    1.0,
                    0.9999997615814209,
                    1.0000001192092896
                ]
            ],
            [
                [
                    2.547028968232385,
                    4.474224387888407,
                    6.911613301648787
                ],
                [
                    1.0,
                    0.9999998807907104,
                    1.0000001192092896
                ]
            ]
        ]
    },
    "struct_id": "target1_2mpc_dae6631654",
    "input_ref": null,