{
    "properties": {
        "lattice_vector_a": [
            13.566267,
            0.0,
            0.0
        ],
        "lattice_vector_b": [
            0.0,
            6.544241,
            0.0
        ],
        "lattice_vector_c": [
            -1.735783,
            0.0,
            2.502466
        ],
        "unit_cell_volume": 222.1712355463589,
        "cell_vol": 222.1712355463589,
        "spg": 3,
        "molecule_harris_info": [
            [
                0,
                0,
                0,
                1.3005638265229287,
                5.463386722067569,
                2.261876331008178,
                false
            ],
            [
                92.1933967890642,
                -173.0219124012183,
                93.04653468202098,
                10.529922150551004,
                5.463386722067569,
                0.24058130997768107,
                false
            ]
        ],
        "harris_energy": -16705.644585341,
        "rcd": [
            [
                [
                    -0.5422796838118902,
                    -1.0296714307539143,
                    2.8144251718438555
                ],
                [
                    1.0,
                    0.9999998807907104,
                    1.0
                ]
            ],
            [
                [
                    0.5422797062497431,
                    1.0296714335383663,
                    -2.8144252404398156
                ],
                [
                    1.0,
                    0.9999998807907104,
                    1.0
                ]
            ],
            [
                [
                    -2.213505865691539,
                    3.818345064073467,
                    1.8479833024503465
                ],
                [
                    0.5515326857566833,
                    -0.7350037693977356,
                    -0.8165289163589478
                ]
            ],
            [
                [
                    -1.671226200117668,
                    4.8480165449877655,
                    -0.9664418766403062
                ],
                [
                    0.5515326857566833,
                    -0.7350037693977356,
                    -0.8165289163589478
                ]
            ],
            [
                [
                    1.084559377367325,
                    2.0593428926202755,
                    -5.628850409413292
                ],
                [
                    1.0,
                    0.9999998807907104,
                    1.0000001192092896
                ]
            ],
            [
                [
                    -1.0845593709172614,
                    -2.059342922124446,
                    5.628850426114799
                ],
                [
                    1.0,
                    0.9999999403953552,
                    1.0
                ]
            ],
            [
                [
                    -2.755785498983538,
                    2.7886735233111164,
                    4.66240845959081
                ],
                [
                    0.5515326857566833,
                    -0.7350037693977356,
                    -0.8165289163589478
                ]
            ],
            [
                [
                    2.969851872236715,
                    -5.301153749723564,
                    -2.2653948005623303
                ],
                [
                    0.5515326857566833,
                    -0.7350037693977356,
                    -0.8165289163589478
                ]
            ],
            [
                [
                    -5.764010702316648,
                    -2.382121024981668,
                    -1.9821124196260882
                ],
                [
                    1.0,
                    0.9999998807907104,
                    1.0
                ]
            ],
            [
                [
                    5.764010830211549,
                    2.382121077837422,
                    1.9821124636062408
                ],
                [
                    1.0,
                    0.9999998807907104,
                    1.0
                ]
            ],
            [
                [
                    2.4275721931786327,
                    -6.330825336619837,
                    0.5490305451106918
                ],
                [
                    0.5515326857566833,
                    -0.7350037693977356,
                    -0.8165289163589478
                ]
            ],
            [
                [
                    -1.128946520352738,
                    5.8776880252974495,
                    -3.780867096272122
                ],
                [
                    0.5515326857566833,
                    -0.7350037693977356,
                    -0.8165289163589478
                ]
            ],
            [
                [
                    -5.221730996066905,
                    -1.3524495914433015,
                    -4.796537660065904
                ],
                [
                    1.0,
                    0.9999998807907104,
                    1.0
                ]
            ],
            [
                [
                    6.306290536461292,
                    3.411792511375788,
                    -0.832312776833575
                ],
                [
                    1.0,
                    0.9999998807907104,
                    1.0
                ]
            ],
            [
                [
                    -6.306290386128539,
                    -3.4117924557355823,
                    0.8323127522177671
                ],
                [
                    1.0,
                    0.9999998807907104,
                    1.0
                ]
            ],
            [
                [
                    5.221731146399659,
                    1.3524496470835077,
                    4.796537635450096
                ],
                [
                    1.0,
                    1.0,
                    1.0
                ]
            ]
        ]
    },
    "struct_id": "target1_2mpc_cb3f8e91ef",
    "input_ref": null,