{
    "properties": {
        "lattice_vector_a": [
            3.726636,
            0.0,
            0.0
        ],
        "lattice_vector_b": [
            0.0,
            3.989431,
            0.0
        ],
        "lattice_vector_c": [
            14.752257,
            0.0,
            12.438369
        ],
        "unit_cell_volume": 184.9231870370359,
        "cell_vol": 184.9231870370359,
        "spg": 7,
        "molecule_harris_info": [
            [
                25.973533072168344,
                -73.08995030524413,
                -67.37168041439097,
                11.47020918257693,
                1.167674478222715,
                7.066722656619993,
                false
            ],
            [
                -75.14468105582684,
                -83.36042811583341,
                -44.77014126780128,
                4.094080666278271,
                2.8217524264721163,
                0.8475385160442998,
                false
            ]
        ],
        "harris_energy": -17334.018865871,
        "rcd": [
            [
                [
                    -1.1527480472376597,
                    -1.6878353982981882,
                    3.1161195050983954
                ],
                [
                    1.0000001192092896,
                    1.0000001192092896,
                    0.9999998807907104
                ]
            ],
            [
                [
                    1.1527480617031012,
                    1.6878354194782583,
                    -3.116119544201515
                ],
                [
                    1.0000001192092896,
                    1.0000001192092896,
                    0.9999998807907104
                ]
            ],
            [
                [
                    0.15598163204305962,
                    3.4807727897617124,
                    1.9430513711665307
                ],
                [
                    1.0000001192092896,
                    1.0000001192092896,
                    0.9999998807907104
                ]
            ],
            [
                [
                    -0.15598163344381794,
                    -3.4807728210200173,
                    -1.943051388615671
                ],
                [
                    1.0000001192092896,
                    1.0,
                    0.9999998807907104
                ]
            ],
            [
                [
                    -1.3087296806814777,
                    -5.168608219318205,
                    1.1730681164827244
                ],
                [
                    1.0000001192092896,
                    1.0,
                    0.9999998807907104
                ]
            ],
            [
                [
                    0.9967664282592832,
                    -1.792937401541759,
                    -5.059170932817186
                ],
                [
                    1.0000001192092896,
                    1.0,
                    0.9999998807907104
                ]
            ],
            [
                [
                    -0.9967664151946001,
                    1.7929373914635243,
                    5.059170876264926
                ],
                [
                    1.0000001192092896,
                    1.0000001192092896,
                    0.9999998807907104
                ]
            ],
            [
                [
                    1.3087296937461608,
                    5.168608209239971,
                    -1.1730681730349841
                ],
                [
                    1.0000001192092896,
                    1.0000001192092896,
                    0.9999998807907104
                ]
            ],
            [
                [
                    -5.820633406453804,
                    2.6184122874601794,
                    -0.8272344237007982
                ],
                [
                    0.9969425201416016,
                    -0.5225076675415039,
                    -0.5255650281906128
                ]
            ],
            [
                [
                    5.949978705792813,
                    0.26794886220237757,
                    2.4384711627589803
                ],
                [
                    0.9969425797462463,
                    -0.5225077271461487,
                    -0.5255650877952576
                ]
            ],
            [
                [
                    -5.976615041341766,
                    -0.8623605657863209,
                    -2.7702858303060696
                ],
                [
                    0.9969425201416016,
                    -0.5225076079368591,
                    -0.525564968585968
                ]
            ],
            [
                [
                    5.793997070904851,
                    -3.212823991044123,
                    0.49541975615370903
                ],
                [
                    0.9969425797462463,
                    -0.5225076675415039,
                    -0.5255650281906128
                ]
            ],
            [
                [
                    -6.973381470486086,
                    0.9305768645715708,
                    2.2888851267969814
                ],
                [
                    0.9969425797462463,
                    -0.5225076675415039,
                    -0.5255650281906128
                ]
            ],
            [
                [
                    7.102726758709385,
                    1.9557842688155382,
                    -0.6776483576907029
                ],
                [
                    0.9969425797462463,
                    -0.5225076675415039,
                    -0.5255650877952576
                ]
            ],
            [
                [
                    -2.305496111515119,
                    -3.375670821545781,
                    6.23223905625894
                ],
                [
                    1.0000001192092896,
                    1.0000001192092896,
                    0.9999999403953552
                ]
            ],
            [
                [
                    2.305496117350331,
                    3.375670830089606,
                    -6.2322390720327405
                ],
                [
                    1.0000001192092896,
                    1.0000001192092896,
                    0.9999998807907104
                ]
            ]
        ]
    },
    "struct_id": "target1_2mpc_f020db4c2c",
    "input_ref": null,