{
    "properties": {
        "lattice_vector_a": [
            7.020835,
            0.0,
            0.0
        ],
        "lattice_vector_b": [
            0.0,
            5.212861,
            0.0
        ],
        "lattice_vector_c": [
            -3.305598,
            0.0,
            5.673176
        ],
        "unit_cell_volume": 207.6305088281431,
        "cell_vol": 207.6305088281431,
        "spg": 4,
        "molecule_harris_info": [
            [
                95.77829294590902,
                -80.32128661876837,
                62.12243008850847,
                -0.722681517613695,
                0.4273845119045136,
                1.2630796543064904,
                false
            ],
            [
                84.22162376807923,
                -99.67853397296167,
                -117.87727389082454,
                4.437921191783661,
                3.0338148360556745,
                4.410087845228771,
                false
            ]
        ],
        "harris_energy": -16716.118128193,
        "rcd": [
            [
                [
                    -0.24239245043802038,
                    3.868443652800112,
                    0.49038208309419673
                ],
                [
                    -0.9417470693588257,
                    0.10958045721054077,
                    -0.16783350706100464
                ]
            ],
            [
                [
                    0.6472607600336008,
                    -0.014316291445658047,
                    3.852912841816543
                ],
                [
                    -0.9417470693588257,
                    0.10958045721054077,
                    -0.16783350706100464
                ]
            ],
            [
                [
                    -0.6481861440514021,
                    -0.47462989984380477,
                    -4.417260361224135
                ],
                [
                    -0.9417470097541809,
                    0.10958054661750793,
                    -0.1678335964679718
                ]
            ],
            [
                [
                    0.24146706642021898,
                    -4.3573898440895755,
                    -1.054729602501788
                ],
                [
                    -0.9417470097541809,
                    0.10958054661750793,
                    -0.1678335964679718
                ]
            ],
            [
                [
                    0.8896532054395148,
                    -3.882759922283886,
                    3.3625307397030113
                ],
                [
                    1.000000238418579,
                    1.0,
                    0.9999998807907104
                ]
            ],
            [
                [
                    -0.8896532185338131,
                    3.8827599794320156,
                    -3.362530789194184
                ],
                [
                    1.000000238418579,
                    1.0,
                    0.9999998807907104
                ]
            ],
            [
                [
                    0.4057936447952417,
                    4.343073461678277,
                    4.907642352195287
                ],
                [
                    1.000000238418579,
                    1.0,
                    1.0
                ]
            ],
            [
                [
                    -0.4057936485602305,
                    -4.343073448752668,
                    -4.907642336273773
                ],
                [
                    1.0,
                    1.0,
                    1.0
                ]
            ],
            [
                [
                    -6.395168401964999,
                    1.3313592504340293,
                    -0.8113319447231571
                ],
                [
                    -0.9417469501495361,
                    0.10958054661750793,
                    -0.16783356666564941
                ]
            ],
            [
                [
                    -5.5055151914933775,
                    -2.551400693811741,
                    2.5511988139991892
                ],
                [
                    -0.9417469501495361,
                    0.10958054661750793,
                    -0.16783356666564941
                ]
            ],
            [
                [
                    5.504589814223134,
                    2.062454500401858,
                    -3.115546337640518
                ],
                [
                    -0.9417469501495361,
                    0.10958054661750793,
                    -0.1678336262702942
                ]
            ],
            [
                [
                    6.394243024694756,
                    -1.8203054438439124,
                    0.24698442108182816
                ],
                [
                    -0.9417469501495361,
                    0.10958054661750793,
                    -0.1678336262702942
                ]
            ],
            [
                [
                    6.152775882985203,
                    2.5370843175985955,
                    1.3017139480698505
                ],
                [
                    1.0000001192092896,
                    1.0,
                    0.9999999403953552
                ]
            ],
            [
                [
                    -6.152775895054881,
                    -2.5370843020632385,
                    -1.3017139269375828
                ],
                [
                    1.000000238418579,
                    1.0,
                    0.9999998807907104
                ]
            ],
            [
                [
                    -5.746982238449484,
                    1.8059891441612366,
                    3.6059284042882727
                ],
                [
                    1.000000238418579,
                    1.0,
                    0.9999998807907104
                ]
            ],
            [
                [
                    5.746982374957794,
                    -1.8059891870589722,
                    -3.605928489940041
                ],
                [
                    1.0,
                    1.0,
                    0.9999998211860657
                ]
            ]
        ]
    },
    "struct_id": "target1_2mpc_02b097513b",
    "input_ref": null,