{
    "properties": {
        "lattice_vector_a": [
            12.916627,
            0.0,
            0.0
        ],
        "lattice_vector_b": [
            0.0,
            5.345504,
            0.0
        ],
        "lattice_vector_c": [
            1.830741,
            0.0,
            3.364654
        ],
        "unit_cell_volume": 232.31550068277372,
        "cell_vol": 232.31550068277372,
        "spg": 3,
        "molecule_harris_info": [
            [
                94.11249973932696,
                -124.14181639253431,
                50.56528756750049,
                4.866304113509806,
                0.3559140217431048,
                3.186781111985762,
                false
            ],
            [
                85.88708787716591,
                -55.857921371125,
                -129.43416774416445,
                9.8810654193797,
                0.3559140217431048,
                0.17786395090057494,
                false
            ]
        ],
        "harris_energy": -16713.220337916,
        "rcd": [
            [
                [
                    2.7591495052510147,
                    -0.3004522028759792,
                    2.6399491915048316
                ],
                [
                    1.0,
                    1.0,
                    0.9999999403953552
                ]
            ],
            [
                [
                    -2.759149537281591,
                    0.3004522090429257,
                    -2.639949162400499
                ],
                [
                    1.0,
                    1.0,
                    1.0
                ]
            ],
            [
                [
                    -0.80143222626703,
                    -5.279780393256926,
                    0.2367275549207895
                ],
                [
                    1.0,
                    1.0,
                    0.9999999403953552
                ]
            ],
            [
                [
                    0.801432226362097,
                    5.279780393883222,
                    -0.23672755494887043
                ],
                [
                    1.0,
                    1.0,
                    0.9999999403953552
                ]
            ],
            [
                [
                    2.832668812991869,
                    -0.6467755137402431,
                    -4.835269412445134
                ],
                [
                    -0.955044150352478,
                    0.9511217474937439,
                    -0.9960776567459106
                ]
            ],
            [
                [
                    -3.779802181242275,
                    0.7708252034876936,
                    4.395490617635069
                ],
                [
                    -0.955044150352478,
                    0.9511217474937439,
                    -0.9960776567459106
                ]
            ],
            [
                [
                    5.5918183318383115,
                    -0.9472277223468558,
                    -2.195320302724932
                ],
                [
                    -0.955044150352478,
                    0.9511217474937439,
                    -0.9960776567459106
                ]
            ],
            [
                [
                    1.9577172789839845,
                    -5.580232596132905,
                    2.876676746425621
                ],
                [
                    0.9999999403953552,
                    1.0,
                    0.9999999403953552
                ]
            ],
            [
                [
                    3.560581731613112,
                    4.979328191007243,
                    2.403221636555961
                ],
                [
                    0.9999999403953552,
                    1.0,
                    0.9999999403953552
                ]
            ],
            [
                [
                    -3.5605817635486208,
                    -4.979328184214001,
                    -2.4032216074797095
                ],
                [
                    1.0,
                    1.0,
                    1.0000001192092896
                ]
            ],
            [
                [
                    -1.957717310919494,
                    5.580232602926147,
                    -2.8766767173493695
                ],
                [
                    1.0,
                    1.0,
                    1.0000001192092896
                ]
            ],
            [
                [
                    -6.538951639799647,
                    1.0712774005394399,
                    1.7555414543107497
                ],
                [
                    -0.955044150352478,
                    0.9511217474937439,
                    -0.9960776567459106
                ]
            ],
            [
                [
                    -1.0206527285390854,
                    0.47037300651679004,
                    7.035439762943337
                ],
                [
                    -0.955044150352478,
                    0.9511217474937439,
                    -0.9960776567459106
                ]
            ],
            [
                [
                    5.518299062159623,
                    -0.6009044195501715,
                    5.279898250150222
                ],
                [
                    1.0,
                    1.0,
                    1.0
                ]
            ],
            [
                [
                    -5.518298998459802,
                    0.6009044068578006,
                    -5.279898317577365
                ],
                [
                    1.0,
                    1.0,
                    1.0
                ]
            ],
            [
                [
                    2.0312365867248388,
                    -5.926555906997169,
                    -4.598541857524344
                ],
                [
                    -0.9550442099571228,
                    0.9511217474937439,
                    -0.9960776567459106
                ]
            ]
        ]
    },
    "struct_id": "target1_2mpc_c72b11302f",
    "input_ref": null,