{
    "properties": {
        "lattice_vector_a": [
            15.497566,
            0.0,
            0.0
        ],
        "lattice_vector_b": [
            0.0,
            4.25398,
            0.0
        ],
        "lattice_vector_c": [
            2.626893,
            0.0,
            5.393462
        ],
        "unit_cell_volume": 355.5711870049286,
        "cell_vol": 355.5711870049286,
        "spg": 3,
        "molecule_harris_info": [
            [
                -77.85231983649228,
                -23.865616488458546,
                30.96778532055898,
                13.751483247635212,
                1.4078733684851767,
                2.5688568490379033,
                false
            ],
            [
                -102.1471703357921,
                -156.13441849376562,
                -149.03163139826935,
                4.372977284674948,
                1.4078733684851767,
                2.8245960896874363,
                false
            ]
        ],
        "harris_energy": -16712.839738964,
        "rcd": [
            [
                [
                    -1.0553418689217264,
                    -0.8465292773556428,
                    -4.033111317788307
                ],
                [
                    0.9999999403953552,
                    0.9999998807907104,
                    1.0
                ]
            ],
            [
                [
                    1.0553418850457656,
                    0.8465292902893391,
                    4.033111379408193
                ],
                [
                    0.9999999403953552,
                    0.9999998807907104,
                    1.0
                ]
            ],
            [
                [
                    -2.415760531326922,
                    5.4670370350138136,
                    -0.5153722804008711
                ],
                [
                    0.9999999403953552,
                    0.9999999403953552,
                    1.0
                ]
            ],
            [
                [
                    2.4157599972261394,
                    -5.467037139081269,
                    0.515372442001926
                ],
                [
                    1.0,
                    0.9999998807907104,
                    1.0
                ]
            ],
            [
                [
                    5.9199034266773785,
                    -0.7086206638247566,
                    -1.4003217647752748
                ],
                [
                    -0.8769091963768005,
                    -0.9208003282546997,
                    0.797709584236145
                ]
            ],
            [
                [
                    3.5041429236221946,
                    4.758416319417618,
                    -1.9156940417074368
                ],
                [
                    -0.8769091963768005,
                    -0.9208004474639893,
                    0.7977097034454346
                ]
            ],
            [
                [
                    -3.4711024002486486,
                    4.620507757658171,
                    -4.548483598189177
                ],
                [
                    0.9999999403953552,
                    0.9999998807907104,
                    1.0
                ]
            ],
            [
                [
                    -1.3604186462811565,
                    6.313566325303153,
                    3.5177390990073216
                ],
                [
                    0.9999999403953552,
                    0.9999998807907104,
                    1.0
                ]
            ],
            [
                [
                    1.360418128304413,
                    -6.313566416436911,
                    -3.5177388757863803
                ],
                [
                    1.0,
                    0.9999998807907104,
                    1.0
                ]
            ],
            [
                [
                    3.4711018822719053,
                    -4.62050784879193,
                    4.548483821410119
                ],
                [
                    1.0,
                    0.9999998807907104,
                    1.0
                ]
            ],
            [
                [
                    4.864561557755652,
                    -1.5551499411803995,
                    -5.433433082563582
                ],
                [
                    -0.8769091963768005,
                    -0.9208003282546997,
                    0.7977096438407898
                ]
            ],
            [
                [
                    6.975245311723144,
                    0.13790862646458243,
                    2.6327896146329177
                ],
                [
                    -0.8769091963768005,
                    -0.9208003282546997,
                    0.7977096438407898
                ]
            ],
            [
                [
                    2.4488010547004686,
                    3.9118870420619754,
                    -5.9488053594957435
                ],
                [
                    -0.8769091963768005,
                    -0.9208004474639893,
                    0.7977097034454346
                ]
            ],
            [
                [
                    4.5594848086679605,
                    5.604945609706958,
                    2.117417337700756
                ],
                [
                    -0.8769091963768005,
                    -0.9208004474639893,
                    0.7977097034454346
                ]
            ],
            [
                [
                    -2.110683741500857,
                    -1.6930585576450266,
                    -8.066222649553808
                ],
                [
                    0.9999999403953552,
                    1.0,
                    1.0
                ]
            ],
            [
                [
                    2.1106837777602814,
                    1.69305858673007,
                    8.066222788123403
                ],
                [
                    0.9999998807907104,
                    0.9999998807907104,
                    1.0
                ]
            ]
        ]
    },
    "struct_id": "target1_2mpc_ca94f7d145",
    "input_ref": null,