{
    "properties": {
        "lattice_vector_a": [
            20.013157,
            0.0,
            0.0
        ],
        "lattice_vector_b": [
            0.0,
            3.210757,
            0.0
        ],
        "lattice_vector_c": [
            5.679368,
            0.0,
            3.307615
        ],
        "unit_cell_volume": 212.53868694712756,
        "cell_vol": 212.53868694712756,
        "spg": 3,
        "molecule_harris_info": [
            [
                -63.27649104003531,
                -58.012288817291136,
                -45.10578975740259,
                18.496801376342773,
                2.7819915870402725,
                1.535846920525457,
                false
            ],
            [
                -116.7235098547629,
                -121.98795399674242,
                134.89429471899837,
                7.1957249438509026,
                2.7819915870402725,
                1.7717591756756634,
                false
            ]
        ],
        "harris_energy": -16706.905991748,
        "rcd": [
            [
                [
                    1.0610452686005407,
                    0.8926960799129334,
                    -2.895899999010772
                ],
                [
                    0.9999998807907104,
                    1.0,
                    0.9999999403953552
                ]
            ],
            [
                [
                    -1.06104520888002,
                    -0.8926960296678814,
                    2.8958998360161656
                ],
                [
                    0.9999998807907104,
                    0.9999999403953552,
                    0.9999999403953552
                ]
            ],
            [
                [
                    -1.0186173481037384,
                    4.099068549653868,
                    0.8903705531743034
                ],
                [
                    -0.781584620475769,
                    -0.8453953266143799,
                    0.6269800662994385
                ]
            ],
            [
                [
                    0.04242792049680233,
                    4.991764629566801,
                    -2.0055294458364687
                ],
                [
                    -0.781584620475769,
                    -0.8453953266143799,
                    0.6269800662994385
                ]
            ],
            [
                [
                    -2.0796625569837586,
                    3.2063725199859867,
                    3.7862703891904688
                ],
                [
                    -0.781584620475769,
                    -0.8453953266143799,
                    0.6269801259040833
                ]
            ],
            [
                [
                    2.122090532591076,
                    1.7853921559473014,
                    -5.791799985439504
                ],
                [
                    0.9999998807907104,
                    0.9999999403953552,
                    0.9999999403953552
                ]
            ],
            [
                [
                    -2.122090510798325,
                    -1.7853921376122648,
                    5.79179992596077
                ],
                [
                    0.9999998807907104,
                    1.0,
                    0.9999999403953552
                ]
            ],
            [
                [
                    -5.430740901671245,
                    -2.474900894592278,
                    -2.7527184036206047
                ],
                [
                    0.9999998807907104,
                    1.0,
                    0.9999999403953552
                ]
            ],
            [
                [
                    5.430741027002723,
                    2.4749008093311984,
                    2.7527184232587594
                ],
                [
                    0.9999998807907104,
                    1.0,
                    0.9999999403953552
                ]
            ],
            [
                [
                    0.14640008272535,
                    -6.36380346743608,
                    -1.9080792211191655
                ],
                [
                    -0.7815847396850586,
                    -0.8453953862190247,
                    0.6269801259040833
                ]
            ],
            [
                [
                    5.577141097209482,
                    -3.8889026591169067,
                    0.8446391972408669
                ],
                [
                    -0.7815847396850586,
                    -0.8453953862190247,
                    0.6269801259040833
                ]
            ],
            [
                [
                    -6.449358564712047,
                    1.624167787160908,
                    -1.862347925116675
                ],
                [
                    -0.7815846800804138,
                    -0.8453954458236694,
                    0.6269801259040833
                ]
            ],
            [
                [
                    -4.369695633070704,
                    -1.5822048146793444,
                    -5.648618402631377
                ],
                [
                    0.9999998807907104,
                    1.0,
                    0.9999999403953552
                ]
            ],
            [
                [
                    -6.491786110551265,
                    -3.3675969242601593,
                    0.14318143239556097
                ],
                [
                    0.9999998807907104,
                    1.0,
                    0.9999999403953552
                ]
            ],
            [
                [
                    6.491786295603264,
                    3.3675968892441315,
                    -0.14318157575201235
                ],
                [
                    0.9999998807907104,
                    1.0,
                    0.9999999403953552
                ]
            ],
            [
                [
                    4.369695818122703,
                    1.5822047796633172,
                    5.648618259274925
                ],
                [
                    0.9999998807907104,
                    0.9999999403953552,
                    0.9999999403953552
                ]
            ]
        ]
    },
    "struct_id": "target1_2mpc_49296bdcae",
    "input_ref": null,