{
    "properties": {
        "lattice_vector_a": [
            10.60708,
            0.0,
            0.0
        ],
        "lattice_vector_b": [
            0.0,
            5.112436,
            0.0
        ],
        "lattice_vector_c": [
            1.314399,
            0.0,
            3.798594
        ],
        "unit_cell_volume": 205.99022246533247,
        "cell_vol": 205.99022246533247,
        "spg": 4,
        "molecule_harris_info": [
            [
                150.61888253687135,
                -67.52779438676333,
                142.49790733872234,
                9.017638318082119,
                2.3066600161664033,
                0.9629906819776652,
                false
            ],
            [
                29.381168860093737,
                -112.47197812064178,
                -37.50204457860582,
                2.9038431695167057,
                4.862878197051109,
                2.835594135514916,
                false
            ]
        ],
        "harris_energy": -16715.393258201,
        "rcd": [
            [
                [
                    2.5560555722464255,
                    0.9320668276275523,
                    -2.9588495521039153
                ],
                [
                    1.0,
                    0.9999997615814209,
                    1.0
                ]
            ],
            [
                [
                    -2.5560555911760443,
                    -0.9320668610652676,
                    2.958849627152116
                ],
                [
                    1.0,
                    0.9999997615814209,
                    1.0
                ]
            ],
            [
                [
                    2.737439996493684,
                    -3.581113087267788,
                    0.17624392341560502
                ],
                [
                    -0.9296466112136841,
                    0.5444788336753845,
                    -0.6148322820663452
                ]
            ],
            [
                [
                    3.6962988187713917,
                    0.9115508022725323,
                    2.4198050043783876
                ],
                [
                    -0.9296466112136841,
                    0.5444788336753845,
                    -0.6148322820663452
                ]
            ],
            [
                [
                    -0.9588588223966341,
                    -4.4926638900975435,
                    -2.2435610812410505
                ],
                [
                    1.0,
                    0.9999998807907104,
                    1.0
                ]
            ],
            [
                [
                    0.9588588141906979,
                    4.492663851649221,
                    2.243561062040602
                ],
                [
                    1.0,
                    0.9999998807907104,
                    1.0
                ]
            ],
            [
                [
                    0.18138448487635483,
                    -4.513179982664768,
                    3.1350935853139066
                ],
                [
                    -0.9296466112136841,
                    0.5444786548614502,
                    -0.6148321628570557
                ]
            ],
            [
                [
                    1.140243307154062,
                    -0.02051609312444791,
                    5.378654666276688
                ],
                [
                    -0.9296466112136841,
                    0.5444786548614502,
                    -0.6148321628570557
                ]
            ],
            [
                [
                    1.5971967498497914,
                    -3.5605970624699914,
                    -5.202410633344966
                ],
                [
                    1.0,
                    0.9999998807907104,
                    1.0
                ]
            ],
            [
                [
                    3.5149143864371233,
                    5.424730679276774,
                    -0.7152884900633134
                ],
                [
                    1.0,
                    0.9999998807907104,
                    1.0
                ]
            ],
            [
                [
                    -3.5149144135726784,
                    -5.424730751162811,
                    0.7152885459110654
                ],
                [
                    1.0,
                    0.9999998807907104,
                    1.0
                ]
            ],
            [
                [
                    -1.5971967769853466,
                    3.560596990583953,
                    5.2024106891927175
                ],
                [
                    1.0,
                    0.9999998807907104,
                    1.0
                ]
            ],
            [
                [
                    5.2934954500292495,
                    -2.6490461238521856,
                    -2.7826058498647717
                ],
                [
                    -0.9296466112136841,
                    0.544478714466095,
                    -0.6148322224617004
                ]
            ],
            [
                [
                    6.252354272306957,
                    1.8436177656881347,
                    -0.5390447689019888
                ],
                [
                    -0.9296466112136841,
                    0.544478714466095,
                    -0.6148322224617004
                ]
            ],
            [
                [
                    -5.117241820552186,
                    0.472322106712995,
                    -4.583681016610662
                ],
                [
                    -0.9296466708183289,
                    0.5444787740707397,
                    -0.6148322820663452
                ]
            ],
            [
                [
                    -4.1583829982744795,
                    4.964985996253316,
                    -2.3401199356478783
                ],
                [
                    -0.9296466708183289,
                    0.5444787740707397,
                    -0.6148322820663452
                ]
            ]
        ]
    },
    "struct_id": "target1_2mpc_2c29e6e874",
    "input_ref": null,