{
    "properties": {
        "lattice_vector_a": [
            6.798617,
            0.0,
            0.0
        ],
        "lattice_vector_b": [
            0.0,
            14.81787,
            0.0
        ],
        "lattice_vector_c": [
            -2.570818,
            0.0,
            2.720906
        ],
        "unit_cell_volume": 274.1068536160833,
        "cell_vol": 274.1068536160833,
        "spg": 6,
        "molecule_harris_info": [
            [
                56.37247252429551,
                -4.850621770834389,
                -64.56980076355832,
                1.3187079229887497,
                11.862499918075319,
                1.720394161589285,
                false
            ],
            [
                -139.07125781111483,
                -49.52511721672426,
                22.20116801664049,
                1.3187079229887497,
                2.955366468175929,
                1.720394161589285,
                false
            ]
        ],
        "harris_energy": -17470.701126084,
        "rcd": [
            [
                [
                    -1.3145010207979078,
                    -1.060908456588176,
                    3.3405084899943347
                ],
                [
                    0.9999998211860657,
                    0.9999998211860657,
                    0.9999998807907104
                ]
            ],
            [
                [
                    1.314501040347833,
                    1.0609084354522256,
                    -3.340508506053589
                ],
                [
                    0.9999998211860657,
                    0.9999998211860657,
                    1.0
                ]
            ],
            [
                [
                    -2.7258187882435094,
                    4.036474080645798,
                    1.2467592388314046
                ],
                [
                    0.9999999403953552,
                    0.9999998211860657,
                    0.9999998807907104
                ]
            ],
            [
                [
                    2.7258187817920487,
                    -4.036474082632563,
                    -1.2467592253694018
                ],
                [
                    0.9999998211860657,
                    0.9999998211860657,
                    0.9999998807907104
                ]
            ],
            [
                [
                    -1.4113177515166004,
                    5.097382598912155,
                    -2.0937493361113697
                ],
                [
                    0.9999998807907104,
                    0.9999998211860657,
                    0.9999998807907104
                ]
            ],
            [
                [
                    1.4113177634903362,
                    -5.0973824554739355,
                    2.0937491838377174
                ],
                [
                    0.9999998211860657,
                    0.9999998807907104,
                    0.9999998807907104
                ]
            ],
            [
                [
                    4.731098354639042,
                    2.385828692759156,
                    2.6194155091794777
                ],
                [
                    -0.2813587486743927,
                    0.6741442680358887,
                    -0.6072144508361816
                ]
            ],
            [
                [
                    4.04031982915659,
                    -2.975565645609859,
                    -4.58726774552676
                ],
                [
                    0.9999998211860657,
                    0.9999998211860657,
                    1.0
                ]
            ],
            [
                [
                    -4.040319809938174,
                    2.975565631456113,
                    4.5872677237067006
                ],
                [
                    0.9999998211860657,
                    0.9999998807907104,
                    1.0
                ]
            ],
            [
                [
                    6.045599394986875,
                    3.4467371282113817,
                    -0.7210929968741113
                ],
                [
                    -0.2813587784767151,
                    0.6741442680358887,
                    -0.6072144508361816
                ]
            ],
            [
                [
                    3.416597333841134,
                    1.3249202361709798,
                    5.959923999173812
                ],
                [
                    -0.2813587784767151,
                    0.6741442084312439,
                    -0.6072144508361816
                ]
            ],
            [
                [
                    2.629002039297365,
                    2.1218169815404058,
                    -6.681017038104972
                ],
                [
                    0.9999998211860657,
                    0.9999998211860657,
                    1.0
                ]
            ],
            [
                [
                    -2.629002055680214,
                    -2.1218168172184737,
                    6.681016918026604
                ],
                [
                    0.9999998211860657,
                    0.9999998807907104,
                    0.9999998807907104
                ]
            ],
            [
                [
                    2.0052795663955325,
                    6.422302773404954,
                    3.8661747480108817
                ],
                [
                    -0.2813587188720703,
                    0.6741442680358887,
                    -0.6072143912315369
                ]
            ],
            [
                [
                    7.45691713643109,
                    -1.6506453898734073,
                    1.372656283810076
                ],
                [
                    -0.2813587784767151,
                    0.6741441488265991,
                    -0.6072144508361816
                ]
            ],
            [
                [
                    3.3197806031224415,
                    7.48321129167131,
                    0.525666173068108
                ],
                [
                    -0.2813587486743927,
                    0.6741442680358887,
                    -0.6072144508361816
                ]
            ]
        ]
    },
    "struct_id": "target1_2mpc_5f1a714739",
    "input_ref": null,