{
    "properties": {
        "lattice_vector_a": [
            5.284081,
            0.0,
            0.0
        ],
        "lattice_vector_b": [
            0.0,
            4.01644,
            0.0
        ],
        "lattice_vector_c": [
            14.547199,
            0.0,
            9.142996
        ],
        "unit_cell_volume": 194.04358051568727,
        "cell_vol": 194.04358051568727,
        "spg": 3,
        "molecule_harris_info": [
            [
                55.04965507264155,
                -11.989495964128961,
                -75.90214931594473,
                6.97899684500187,
                3.901729725776835,
                2.753222411419166,
                false
            ],
            [
                124.9478204918152,
                -168.01071636358586,
                104.09525590086969,
                12.852284492330348,
                3.901729725776835,
                6.389764258003932,
                false
            ]
        ],
        "harris_energy": -16714.427353925,
        "rcd": [
            [
                [
                    1.1500114513526891,
                    -2.9427652561805506,
                    1.8945207747473887
                ],
                [
                    -0.1894664317369461,
                    -0.3325546085834503,
                    -0.4779788553714752
                ]
            ],
            [
                [
                    2.5568878457553272,
                    2.320247232462705,
                    2.05196651855518
                ],
                [
                    1.0,
                    1.0,
                    0.9999998807907104
                ]
            ],
            [
                [
                    -2.556887807003349,
                    -2.320247197297232,
                    -2.051966487455747
                ],
                [
                    1.0,
                    1.0,
                    0.9999998807907104
                ]
            ],
            [
                [
                    -3.942105152731345,
                    1.5508563833432802,
                    3.1585068509140592
                ],
                [
                    1.0,
                    1.0,
                    0.9999998807907104
                ]
            ],
            [
                [
                    3.942105156279253,
                    -1.5508563847390562,
                    -3.158506853756726
                ],
                [
                    1.0,
                    1.0,
                    0.9999998807907104
                ]
            ],
            [
                [
                    3.7068992971080164,
                    -0.6225180237178458,
                    3.9464872933025683
                ],
                [
                    -0.1894664317369461,
                    -0.3325546085834503,
                    -0.47797891497612
                ]
            ],
            [
                [
                    -1.40687635565066,
                    -5.263012453477783,
                    -0.15744571270835817
                ],
                [
                    -0.1894664317369461,
                    -0.3325546085834503,
                    -0.4779788553714752
                ]
            ],
            [
                [
                    0.33742234227894574,
                    3.638131908955804,
                    -4.534244213712771
                ],
                [
                    -0.1894664466381073,
                    -0.33255454897880554,
                    -0.4779788553714752
                ]
            ],
            [
                [
                    -2.79209370315261,
                    -1.3919088721393824,
                    5.053027627082781
                ],
                [
                    -0.1894664317369461,
                    -0.3325546085834503,
                    -0.4779788553714752
                ]
            ],
            [
                [
                    -3.604682874787784,
                    5.188988317609151,
                    -1.3757373112516973
                ],
                [
                    -0.1894664317369461,
                    -0.3325546085834503,
                    -0.4779788553714752
                ]
            ],
            [
                [
                    -6.498992959734695,
                    -0.7693908139539518,
                    1.1065403634583122
                ],
                [
                    1.0,
                    1.0,
                    0.9999998807907104
                ]
            ],
            [
                [
                    -1.3852173069760179,
                    3.871103615805985,
                    5.21047336946924
                ],
                [
                    1.0,
                    1.0,
                    0.9999998807907104
                ]
            ],
            [
                [
                    6.49899300203458,
                    0.7693908477236486,
                    -1.106540335201546
                ],
                [
                    1.0,
                    1.0,
                    0.9999998807907104
                ]
            ],
            [
                [
                    1.3852173492759037,
                    -3.8711035820362882,
                    -5.210473341212473
                ],
                [
                    1.0,
                    1.0,
                    0.9999998807907104
                ]
            ],
            [
                [
                    5.092116753687455,
                    -4.493621698379039,
                    -1.2639861960324308
                ],
                [
                    -0.18946650624275208,
                    -0.33255451917648315,
                    -0.47797876596450806
                ]
            ],
            [
                [
                    2.8943101880342734,
                    5.958379141418509,
                    -2.4822776951575913
                ],
                [
                    -0.1894664466381073,
                    -0.33255448937416077,
                    -0.4779788851737976
                ]
            ]
        ]
    },
    "struct_id": "target1_2mpc_d5610d0868",
    "input_ref": null,