{
    "properties": {
        "Z": 2,
        "number_of_atoms_in_molecule": 12,
        "unit_cell_volume": 246.723053,
        "attempted_spg": 3,
        "attempted_wyckoff_position": "2e",
        "site_symmetry_group": "1",
        "spg": 3,
        "lattice_vector_a": [
            3.369056,
            0.0,
            0.0
        ],
        "lattice_vector_b": [
            4.2618220941081123e-16,
            6.960083669961589,
            0.0
        ],
        "lattice_vector_c": [
            6.442710778136453e-16,
            -0.020353408493832603,
            10.521725494140814
        ],
        "cell_vol": 246.7230115048883,
        "a": 3.369056,
        "b": 6.96008366996159,
        "c": 10.521745180115797,
        "alpha": 90.1108338125216,
        "beta": 90,
        "gamma": 90,
        "RSF": [
            1.5764131546020508,
            3.0110092163085938,
            4.915247440338135,
            6.911606311798096,
            8.66661262512207,
            10.768637657165527,
            13.410683631896973,
            15.115863800048828,
            14.372379302978516,
            11.612210273742676,
            8.289063453674316,
            5.261847019195557,
            1.2866789102554321,
            2.6869471073150635,
            5.132430553436279,
            8.266583442687988,
            10.77927017211914,
            12.212501525878906,
            13.11951732635498,
            13.461115837097168,
            12.753172874450684,
            10.968451499938965,
            8.467426300048828,
            5.691688537597656,
            1.2866789102554321,
            2.6869471073150635,
            5.132430553436279,
            8.266583442687988,
            10.77927017211914,
            12.212501525878906,
            13.119518280029297,
            13.461115837097168,
            12.753173828125,
            10.968451499938965,
            8.467426300048828,
            5.6916890144348145,
            0.9031262993812561,
            2.5556716918945312,
            5.068896293640137,
            7.845197677612305,
            10.19263744354248,
            11.85394287109375,
            13.28616714477539,
            14.079952239990234,
            13.176936149597168,
            10.959181785583496,
            8.33101749420166,
            5.60072135925293
        ],
        "file_path": "benzene_2mpc_with_energies/geometry_97c4667d6b.json",
        "replica": "init_pool",
        "AP_cluster": 1,
        "energy": -12628.308292561
    },
    "struct_id": "geometry_97c4667d6b",
    "input_ref": null,
    "geometry": [
        [
            1.4320969581604004,
            6.254335880279541,
            8.611577033996582,
            "C",
            NaN,
            NaN,
            false
        ],
        [
            1.9490950107574463,
            5.0940961837768555,
            9.197044372558594,
            "C",
            NaN,
            NaN,
            false
        ],
        [
            2.2119300365448,
            3.9699432849884033,
            8.407583236694336,
            "C",
            NaN,
            NaN,
            false
        ],
        [
            1.9577510356903076,
            4.006099700927734,
            7.032700061798096,
            "C",
            NaN,
            NaN,
            false
        ],
        [
            1.4407529830932617,
            5.1663384437561035,
            6.447232723236084,
            "C",
            NaN,
            NaN,
            false
        ],
        [
            1.1779179573059082,
            6.290492057800293,
            7.236693859100342,
            "C",
            NaN,
            NaN,
            false
        ],
        [
            1.226989984512329,
            7.131584644317627,
            9.227643013000488,
            "H",
            NaN,
            NaN,
            false
        ],
        [
            2.1473679542541504,
            5.066088676452637,
            10.269929885864258,
            "H",
            NaN,
            NaN,
            false
        ],
        [
            2.615360975265503,
            3.0644731521606445,
            8.864248275756836,
            "H",
            NaN,
            NaN,
            false
        ],
        [
            2.162858009338379,
            3.1288516521453857,
            6.416632652282715,
            "H",
            NaN,
            NaN,
            false
        ],
        [
            1.2424789667129517,
            5.194344520568848,
            5.374348163604736,
            "H",
            NaN,
            NaN,
            false
        ],
        [
            0.7744870185852051,
            7.195962905883789,
            6.780029773712158,
            "H",
            NaN,
            NaN,
            false
        ],
        [
            1.4320969581604004,
            0.6853941679000854,
            1.910148024559021,
            "C",
            NaN,
            NaN,
            false
        ],
        [
            1.9490950107574463,
            1.845633625984192,
            1.324680209159851,
            "C",
            NaN,
            NaN,
            false
        ],
        [
            2.2119300365448,
            2.969787120819092,
            2.114142417907715,
            "C",
            NaN,
            NaN,
            false
        ],
        [
            1.9577510356903076,
            2.9336318969726562,
            3.489025592803955,
            "C",
            NaN,
            NaN,
            false
        ],
        [
            1.4407529830932617,
            1.7733919620513916,
            4.074492454528809,
            "C",
            NaN,
            NaN,
            false
        ],
        [
            1.1779179573059082,
            0.6492385268211365,
            3.2850303649902344,
            "C",
            NaN,
            NaN,
            false
        ],
        [
            1.226989984512329,
            -0.19185395538806915,
            1.2940807342529297,
            "H",
            NaN,
            NaN,
            false
        ],
        [
            2.1473679542541504,
            1.8736408948898315,
            0.2517949938774109,
            "H",
            NaN,
            NaN,
            false
        ],
        [
            2.615360975265503,
            3.8752572536468506,
            1.6574774980545044,
            "H",
            NaN,
            NaN,
            false
        ],
        [
            2.162858009338379,
            3.8108787536621094,
            4.105092525482178,
            "H",
            NaN,
            NaN,
            false
        ],
        [
            1.2424789667129517,
            1.745384693145752,
            5.147377967834473,
            "H",
            NaN,
            NaN,
            false
        ],
        [
            0.7744870185852051,
            -0.25623244047164917,
            3.7416958808898926,
            "H",
            NaN,
            NaN,
            false
        ]
    ]
}