{
    "properties": {
        "Z": 2,
        "number_of_atoms_in_molecule": 12,
        "unit_cell_volume": 263.020691,
        "attempted_spg": 4,
        "attempted_wyckoff_position": "2a",
        "site_symmetry_group": "1",
        "spg": 4,
        "lattice_vector_a": [
            4.757595319173858,
            0.0,
            0.0
        ],
        "lattice_vector_b": [
            -0.987840743041821,
            4.885312592068248,
            0.0
        ],
        "lattice_vector_c": [
            6.929325298135334e-16,
            8.470719955172418e-16,
            11.316447
        ],
        "cell_vol": 263.02071239544756,
        "a": 4.757595319173858,
        "b": 4.984185836807653,
        "c": 11.316447,
        "alpha": 90.0,
        "beta": 90.0,
        "gamma": 101.4314277220395
    },
    "struct_id": "geometry_e7607a77e7",
    "input_ref": null,
    "geometry": [
        [
            0.5386886839883733,
            4.795665076303065,
            10.693327,
            "C",
            NaN,
            NaN,
            false
        ],
        [
            -0.18079077917441544,
            3.698235227476278,
            10.209375,
            "C",
            NaN,
            NaN,
            false
        ],
        [
            -0.2005273400440577,
            3.424829360836516,
            8.837913,
            "C",
            NaN,
            NaN,
            false
        ],
        [
            0.4992191840735274,
            4.248869494877545,
            7.950485,
            "C",
            NaN,
            NaN,
            false
        ],
        [
            1.2186998690636497,
            5.3463009270987785,
            8.434437,
            "C",
            NaN,
            NaN,
            false
        ],
        [
            1.2384358190196252,
            5.619706002041317,
            9.8059,
            "C",
            NaN,
            NaN,
            false
        ],
        [
            0.5540904065917418,
            5.009021738891438,
            11.763568,
            "H",
            NaN,
            NaN,
            false
        ],
        [
            -0.7267595782338201,
            3.055332631987948,
            10.902032,
            "H",
            NaN,
            NaN,
            false
        ],
        [
            -0.761900380077815,
            2.5685177323692523,
            8.460064,
            "H",
            NaN,
            NaN,
            false
        ],
        [
            0.4838180723838257,
            4.035513623986395,
            6.880245,
            "H",
            NaN,
            NaN,
            false
        ],
        [
            1.7646680572093885,
            5.989202730889885,
            7.74178,
            "H",
            NaN,
            NaN,
            false
        ],
        [
            1.7998088590533825,
            6.476017630508581,
            10.183748,
            "H",
            NaN,
            NaN,
            false
        ],
        [
            3.2310658921436644,
            0.0896475157651836,
            5.035103,
            "C",
            NaN,
            NaN,
            false
        ],
        [
            3.9505467579173423,
            1.1870775453755273,
            4.551151,
            "C",
            NaN,
            NaN,
            false
        ],
        [
            3.9702819161760954,
            1.4604832312317324,
            3.179688,
            "C",
            NaN,
            NaN,
            false
        ],
        [
            3.2705361837557323,
            0.6364424862770364,
            2.292262,
            "C",
            NaN,
            NaN,
            false
        ],
        [
            2.5510547070683884,
            -0.46098833503052994,
            2.776214,
            "C",
            NaN,
            NaN,
            false
        ],
        [
            2.531319548809635,
            -0.7343940208867352,
            4.147676,
            "C",
            NaN,
            NaN,
            false
        ],
        [
            3.215664169540296,
            -0.12370914682318945,
            6.105343,
            "H",
            NaN,
            NaN,
            false
        ],
        [
            4.496515556976748,
            1.829980140863857,
            5.243807,
            "H",
            NaN,
            NaN,
            false
        ],
        [
            4.531654956209852,
            2.3167948596989967,
            2.80184,
            "H",
            NaN,
            NaN,
            false
        ],
        [
            3.2859365037482116,
            0.8497989680818535,
            1.22202,
            "H",
            NaN,
            NaN,
            false
        ],
        [
            2.005086518922649,
            -1.1038901388216371,
            2.083557,
            "H",
            NaN,
            NaN,
            false
        ],
        [
            1.9699457170786556,
            -1.5907050384403325,
            4.525525,
            "H",
            NaN,
            NaN,
            false
        ]
    ]
}