{
    "properties": {
        "Z": 2,
        "number_of_atoms_in_molecule": 12,
        "unit_cell_volume": 240.246765,
        "attempted_spg": 118,
        "attempted_wyckoff_position": "2d",
        "site_symmetry_group": "222",
        "spg": 136,
        "lattice_vector_a": [
            5.793591,
            0.0,
            0.0
        ],
        "lattice_vector_b": [
            3.943081024490673e-16,
            6.439539999999999,
            0.0
        ],
        "lattice_vector_c": [
            3.943081024490673e-16,
            3.943081024490673e-16,
            6.439539999999999
        ],
        "cell_vol": 240.246751055567,
        "a": 5.793591,
        "b": 6.43954,
        "c": 6.43954,
        "alpha": 90.0,
        "beta": 90.0,
        "gamma": 90.0
    },
    "struct_id": "geometry_e5d70e2b80",
    "input_ref": null,
    "geometry": [
        [
            4.345192,
            -0.36196399999999984,
            1.8688129999999998,
            "C",
            NaN,
            NaN,
            false
        ],
        [
            4.345192,
            -1.3509579999999997,
            2.8578059999999996,
            "C",
            NaN,
            NaN,
            false
        ],
        [
            4.345192,
            -0.9890089999999997,
            4.208777999999999,
            "C",
            NaN,
            NaN,
            false
        ],
        [
            4.345192,
            0.36196400000000023,
            4.570726999999999,
            "C",
            NaN,
            NaN,
            false
        ],
        [
            4.345192,
            1.350957,
            3.5817339999999995,
            "C",
            NaN,
            NaN,
            false
        ],
        [
            4.345192,
            0.989008,
            2.2307619999999995,
            "C",
            NaN,
            NaN,
            false
        ],
        [
            4.345192,
            -0.6445159999999999,
            0.8146119999999999,
            "H",
            NaN,
            NaN,
            false
        ],
        [
            4.345192,
            -2.4051579999999997,
            2.5752539999999997,
            "H",
            NaN,
            NaN,
            false
        ],
        [
            4.345192,
            -1.7607519999999997,
            4.980521999999999,
            "H",
            NaN,
            NaN,
            false
        ],
        [
            4.345192,
            0.6445160000000002,
            5.624927999999999,
            "H",
            NaN,
            NaN,
            false
        ],
        [
            4.345192,
            2.405158,
            3.8642859999999994,
            "H",
            NaN,
            NaN,
            false
        ],
        [
            4.345192,
            1.7607519999999999,
            1.4590179999999997,
            "H",
            NaN,
            NaN,
            false
        ],
        [
            1.448397,
            1.8688129999999998,
            0.3619640000000004,
            "C",
            NaN,
            NaN,
            false
        ],
        [
            1.4483970000000002,
            2.8578059999999996,
            1.3509580000000003,
            "C",
            NaN,
            NaN,
            false
        ],
        [
            1.4483970000000002,
            4.208778,
            0.9890080000000001,
            "C",
            NaN,
            NaN,
            false
        ],
        [
            1.4483970000000002,
            4.570726999999999,
            -0.3619640000000004,
            "C",
            NaN,
            NaN,
            false
        ],
        [
            1.448397,
            3.5817339999999995,
            -1.3509570000000002,
            "C",
            NaN,
            NaN,
            false
        ],
        [
            1.448397,
            2.2307619999999995,
            -0.9890090000000002,
            "C",
            NaN,
            NaN,
            false
        ],
        [
            1.448397,
            0.8146119999999999,
            0.6445160000000003,
            "H",
            NaN,
            NaN,
            false
        ],
        [
            1.4483970000000002,
            2.5752539999999997,
            2.4051579999999984,
            "H",
            NaN,
            NaN,
            false
        ],
        [
            1.4483970000000004,
            4.980522,
            1.7607519999999983,
            "H",
            NaN,
            NaN,
            false
        ],
        [
            1.4483970000000002,
            5.624927999999999,
            -0.6445160000000003,
            "H",
            NaN,
            NaN,
            false
        ],
        [
            1.448397,
            3.8642859999999994,
            -2.405158,
            "H",
            NaN,
            NaN,
            false
        ],
        [
            1.448397,
            1.4590179999999995,
            -1.760751,
            "H",
            NaN,
            NaN,
            false
        ]
    ]
}