{
    "properties": {
        "Z": 2,
        "number_of_atoms_in_molecule": 12,
        "unit_cell_volume": 266.71521,
        "attempted_spg": 77,
        "attempted_wyckoff_position": "2c",
        "site_symmetry_group": "2",
        "spg": 84,
        "lattice_vector_a": [
            4.695949,
            0.0,
            0.0
        ],
        "lattice_vector_b": [
            0.0,
            4.695949,
            0.0
        ],
        "lattice_vector_c": [
            0.0,
            0.0,
            12.094868
        ],
        "cell_vol": 266.71526728753355
    },
    "struct_id": "geometry_52ac07e0b0",
    "input_ref": null,
    "geometry": [
        [
            -0.893364,
            3.165869,
            5.473048,
            "C",
            NaN,
            NaN,
            false
        ],
        [
            -0.893364,
            3.165869,
            4.0744,
            "C",
            NaN,
            NaN,
            false
        ],
        [
            -0.0,
            2.347975,
            3.375056,
            "C",
            NaN,
            NaN,
            false
        ],
        [
            0.893364,
            1.53008,
            4.0744,
            "C",
            NaN,
            NaN,
            false
        ],
        [
            0.893364,
            1.530081,
            5.473048,
            "C",
            NaN,
            NaN,
            false
        ],
        [
            -0.0,
            2.347975,
            6.172393,
            "C",
            NaN,
            NaN,
            false
        ],
        [
            -1.59054,
            3.804149,
            6.018686,
            "H",
            NaN,
            NaN,
            false
        ],
        [
            -1.59054,
            3.804148,
            3.528763,
            "H",
            NaN,
            NaN,
            false
        ],
        [
            -0.0,
            2.347975,
            2.283644,
            "H",
            NaN,
            NaN,
            false
        ],
        [
            1.59054,
            0.891801,
            3.528763,
            "H",
            NaN,
            NaN,
            false
        ],
        [
            1.590539,
            0.891801,
            6.018686,
            "H",
            NaN,
            NaN,
            false
        ],
        [
            -0.0,
            2.347975,
            7.263804,
            "H",
            NaN,
            NaN,
            false
        ],
        [
            1.53008,
            -0.893364,
            11.520482,
            "C",
            NaN,
            NaN,
            false
        ],
        [
            1.530079,
            -0.893364,
            10.121833,
            "C",
            NaN,
            NaN,
            false
        ],
        [
            2.347974,
            -0.0,
            9.422488,
            "C",
            NaN,
            NaN,
            false
        ],
        [
            3.165868,
            0.893364,
            10.121833,
            "C",
            NaN,
            NaN,
            false
        ],
        [
            3.165868,
            0.893364,
            11.520482,
            "C",
            NaN,
            NaN,
            false
        ],
        [
            2.347974,
            -0.0,
            12.219826,
            "C",
            NaN,
            NaN,
            false
        ],
        [
            0.8918,
            -1.59054,
            12.066119,
            "H",
            NaN,
            NaN,
            false
        ],
        [
            0.8918,
            -1.59054,
            9.576196,
            "H",
            NaN,
            NaN,
            false
        ],
        [
            2.347974,
            -0.0,
            8.331078,
            "H",
            NaN,
            NaN,
            false
        ],
        [
            3.804147,
            1.59054,
            9.576196,
            "H",
            NaN,
            NaN,
            false
        ],
        [
            3.804148,
            1.590539,
            12.066119,
            "H",
            NaN,
            NaN,
            false
        ],
        [
            2.347974,
            -0.0,
            13.311238,
            "H",
            NaN,
            NaN,
            false
        ]
    ]
}