{
    "properties": {
        "Z": 2,
        "number_of_atoms_in_molecule": 12,
        "unit_cell_volume": 215.371445,
        "attempted_spg": 177,
        "attempted_wyckoff_position": "2e",
        "site_symmetry_group": "6",
        "spg": 177,
        "lattice_vector_a": [
            6.138514,
            0.0,
            0.0
        ],
        "lattice_vector_b": [
            -3.069257,
            5.316109,
            0.0
        ],
        "lattice_vector_c": [
            0.0,
            0.0,
            6.599804
        ],
        "cell_vol": 215.3714667755053
    },
    "struct_id": "geometry_95aa4db973",
    "input_ref": null,
    "geometry": [
        [
            0.261721,
            1.373923,
            4.808432,
            "C",
            NaN,
            NaN,
            false
        ],
        [
            1.320712,
            0.460304,
            4.808432,
            "C",
            NaN,
            NaN,
            false
        ],
        [
            1.058991,
            -0.913618,
            4.808432,
            "C",
            NaN,
            NaN,
            false
        ],
        [
            -0.261721,
            -1.373922,
            4.808432,
            "C",
            NaN,
            NaN,
            false
        ],
        [
            -1.320712,
            -0.460304,
            4.808432,
            "C",
            NaN,
            NaN,
            false
        ],
        [
            -1.058991,
            0.913618,
            4.808432,
            "C",
            NaN,
            NaN,
            false
        ],
        [
            0.465953,
            2.446054,
            4.808432,
            "H",
            NaN,
            NaN,
            false
        ],
        [
            2.351321,
            0.819499,
            4.808432,
            "H",
            NaN,
            NaN,
            false
        ],
        [
            1.885368,
            -1.626554,
            4.808432,
            "H",
            NaN,
            NaN,
            false
        ],
        [
            -0.465953,
            -2.446053,
            4.808432,
            "H",
            NaN,
            NaN,
            false
        ],
        [
            -2.351321,
            -0.819499,
            4.808432,
            "H",
            NaN,
            NaN,
            false
        ],
        [
            -1.885368,
            1.626554,
            4.808432,
            "H",
            NaN,
            NaN,
            false
        ],
        [
            -1.058991,
            -0.913618,
            1.791372,
            "C",
            NaN,
            NaN,
            false
        ],
        [
            0.261721,
            -1.373922,
            1.791372,
            "C",
            NaN,
            NaN,
            false
        ],
        [
            1.320712,
            -0.460304,
            1.791372,
            "C",
            NaN,
            NaN,
            false
        ],
        [
            1.058991,
            0.913618,
            1.791372,
            "C",
            NaN,
            NaN,
            false
        ],
        [
            -0.261721,
            1.373923,
            1.791372,
            "C",
            NaN,
            NaN,
            false
        ],
        [
            -1.320712,
            0.460304,
            1.791372,
            "C",
            NaN,
            NaN,
            false
        ],
        [
            -1.885368,
            -1.626554,
            1.791372,
            "H",
            NaN,
            NaN,
            false
        ],
        [
            0.465953,
            -2.446053,
            1.791372,
            "H",
            NaN,
            NaN,
            false
        ],
        [
            2.351321,
            -0.819499,
            1.791372,
            "H",
            NaN,
            NaN,
            false
        ],
        [
            1.885368,
            1.626554,
            1.791372,
            "H",
            NaN,
            NaN,
            false
        ],
        [
            -0.465953,
            2.446053,
            1.791372,
            "H",
            NaN,
            NaN,
            false
        ],
        [
            -2.351321,
            0.819499,
            1.791372,
            "H",
            NaN,
            NaN,
            false
        ]
    ]
}