{
    "properties": {
        "Z": 2,
        "number_of_atoms_in_molecule": 12,
        "unit_cell_volume": 222.53891,
        "attempted_spg": 26,
        "attempted_wyckoff_position": "2a",
        "site_symmetry_group": "m",
        "spg": 26,
        "lattice_vector_a": [
            2.943529,
            0.0,
            0.0
        ],
        "lattice_vector_b": [
            0.0,
            6.699999,
            0.0
        ],
        "lattice_vector_c": [
            0.0,
            0.0,
            11.283996
        ],
        "cell_vol": 222.53892217985322
    },
    "struct_id": "geometry_e575636a4d",
    "input_ref": null,
    "geometry": [
        [
            0.0,
            0.490521,
            6.004758,
            "C",
            NaN,
            NaN,
            false
        ],
        [
            0.0,
            0.523078,
            7.403027,
            "C",
            NaN,
            NaN,
            false
        ],
        [
            0.0,
            1.750281,
            8.073865,
            "C",
            NaN,
            NaN,
            false
        ],
        [
            0.0,
            2.944852,
            7.346393,
            "C",
            NaN,
            NaN,
            false
        ],
        [
            0.0,
            2.912295,
            5.948124,
            "C",
            NaN,
            NaN,
            false
        ],
        [
            0.0,
            1.685092,
            5.277286,
            "C",
            NaN,
            NaN,
            false
        ],
        [
            0.0,
            -0.467144,
            5.48126,
            "H",
            NaN,
            NaN,
            false
        ],
        [
            0.0,
            -0.409199,
            7.97051,
            "H",
            NaN,
            NaN,
            false
        ],
        [
            0.0,
            1.775905,
            9.164975,
            "H",
            NaN,
            NaN,
            false
        ],
        [
            0.0,
            3.902517,
            7.86989,
            "H",
            NaN,
            NaN,
            false
        ],
        [
            0.0,
            3.844572,
            5.380641,
            "H",
            NaN,
            NaN,
            false
        ],
        [
            0.0,
            1.659468,
            4.186176,
            "H",
            NaN,
            NaN,
            false
        ],
        [
            0.0,
            6.209477,
            0.362761,
            "C",
            NaN,
            NaN,
            false
        ],
        [
            0.0,
            6.17692,
            1.761027,
            "C",
            NaN,
            NaN,
            false
        ],
        [
            0.0,
            4.949717,
            2.431866,
            "C",
            NaN,
            NaN,
            false
        ],
        [
            0.0,
            3.755147,
            1.704396,
            "C",
            NaN,
            NaN,
            false
        ],
        [
            0.0,
            3.787703,
            0.306128,
            "C",
            NaN,
            NaN,
            false
        ],
        [
            0.0,
            5.014906,
            -0.364711,
            "C",
            NaN,
            NaN,
            false
        ],
        [
            0.0,
            7.167142,
            -0.160738,
            "H",
            NaN,
            NaN,
            false
        ],
        [
            0.0,
            7.109198,
            2.328512,
            "H",
            NaN,
            NaN,
            false
        ],
        [
            0.0,
            4.924093,
            3.522975,
            "H",
            NaN,
            NaN,
            false
        ],
        [
            0.0,
            2.797481,
            2.227893,
            "H",
            NaN,
            NaN,
            false
        ],
        [
            0.0,
            2.855426,
            -0.261357,
            "H",
            NaN,
            NaN,
            false
        ],
        [
            0.0,
            5.04053,
            -1.455821,
            "H",
            NaN,
            NaN,
            false
        ]
    ]
}