{
    "properties": {
        "Z": 2,
        "number_of_atoms_in_molecule": 12,
        "unit_cell_volume": 240.110641,
        "attempted_spg": 17,
        "attempted_wyckoff_position": "2c",
        "site_symmetry_group": "2",
        "spg": 17,
        "lattice_vector_a": [
            2.904681,
            0.0,
            0.0
        ],
        "lattice_vector_b": [
            3.9329238039385463e-16,
            6.422952,
            0.0
        ],
        "lattice_vector_c": [
            7.880596641602622e-16,
            7.880596641602622e-16,
            12.869991
        ],
        "cell_vol": 240.11061692543564,
        "a": 2.904681,
        "b": 6.422952,
        "c": 12.869991,
        "alpha": 90.0,
        "beta": 90.0,
        "gamma": 90.0
    },
    "struct_id": "geometry_9e66a12c8c",
    "input_ref": null,
    "geometry": [
        [
            1.000000000877041e-06,
            4.817215000000001,
            8.7838,
            "C",
            NaN,
            NaN,
            false
        ],
        [
            0.3279370000000011,
            3.6511450000000014,
            9.483051,
            "C",
            NaN,
            NaN,
            false
        ],
        [
            0.3279370000000011,
            3.6511450000000014,
            10.881641,
            "C",
            NaN,
            NaN,
            false
        ],
        [
            1.0000000013211302e-06,
            4.817215000000002,
            11.580893,
            "C",
            NaN,
            NaN,
            false
        ],
        [
            -0.32793699999999876,
            5.983284000000001,
            10.881641,
            "C",
            NaN,
            NaN,
            false
        ],
        [
            -0.32793699999999876,
            5.983284000000001,
            9.483051,
            "C",
            NaN,
            NaN,
            false
        ],
        [
            1.000000000877041e-06,
            4.817215000000001,
            7.692392000000001,
            "H",
            NaN,
            NaN,
            false
        ],
        [
            0.5838080000000002,
            2.741328000000001,
            8.937213,
            "H",
            NaN,
            NaN,
            false
        ],
        [
            0.5838080000000007,
            2.7413280000000015,
            11.427480000000001,
            "H",
            NaN,
            NaN,
            false
        ],
        [
            1.0000000013211302e-06,
            4.817215000000002,
            12.672301000000001,
            "H",
            NaN,
            NaN,
            false
        ],
        [
            -0.5838069999999985,
            6.8931010000000015,
            11.427480000000001,
            "H",
            NaN,
            NaN,
            false
        ],
        [
            -0.583806999999999,
            6.8931010000000015,
            8.937213,
            "H",
            NaN,
            NaN,
            false
        ],
        [
            3.485303152382197e-16,
            1.6057400000000008,
            4.0861920000000005,
            "C",
            NaN,
            NaN,
            false
        ],
        [
            -0.32793699999999976,
            0.43967000000000034,
            3.386941,
            "C",
            NaN,
            NaN,
            false
        ],
        [
            -0.32793699999999987,
            0.43967000000000034,
            1.9883509999999998,
            "C",
            NaN,
            NaN,
            false
        ],
        [
            1.772577045375065e-16,
            1.6057400000000008,
            1.289098000000001,
            "C",
            NaN,
            NaN,
            false
        ],
        [
            0.32793700000000026,
            2.7718080000000005,
            1.9883509999999998,
            "C",
            NaN,
            NaN,
            false
        ],
        [
            0.32793700000000037,
            2.771808000000001,
            3.386941,
            "C",
            NaN,
            NaN,
            false
        ],
        [
            4.1535978092641044e-16,
            1.6057400000000008,
            5.177600000000001,
            "H",
            NaN,
            NaN,
            false
        ],
        [
            -0.5838079999999998,
            -0.4701489999999994,
            3.932779,
            "H",
            NaN,
            NaN,
            false
        ],
        [
            -0.5838079999999999,
            -0.4701489999999994,
            1.4425120000000007,
            "H",
            NaN,
            NaN,
            false
        ],
        [
            1.104283000816556e-16,
            1.6057400000000008,
            0.19769100000000073,
            "H",
            NaN,
            NaN,
            false
        ],
        [
            0.5838070000000003,
            3.6816260000000005,
            1.4425120000000007,
            "H",
            NaN,
            NaN,
            false
        ],
        [
            0.5838070000000004,
            3.681626000000001,
            3.932779,
            "H",
            NaN,
            NaN,
            false
        ]
    ]
}