{
    "properties": {
        "Z": 2,
        "number_of_atoms_in_molecule": 12,
        "unit_cell_volume": 264.597351,
        "attempted_spg": 127,
        "attempted_wyckoff_position": "2d",
        "site_symmetry_group": "mmm",
        "spg": 127,
        "lattice_vector_a": [
            3.34091,
            0.0,
            0.0
        ],
        "lattice_vector_b": [
            5.449305963578782e-16,
            8.899392,
            0.0
        ],
        "lattice_vector_c": [
            5.449305963578782e-16,
            5.449305963578781e-16,
            8.899392
        ],
        "cell_vol": 264.59732567063025,
        "a": 3.34091,
        "b": 8.899392,
        "c": 8.899392,
        "alpha": 90.0,
        "beta": 90.0,
        "gamma": 90.0
    },
    "struct_id": "geometry_64e0a813e3",
    "input_ref": null,
    "geometry": [
        [
            2.7246517571425907e-16,
            -0.9889230000000007,
            5.438617,
            "C",
            NaN,
            NaN,
            false
        ],
        [
            3.77358807051848e-16,
            0.36204399999999914,
            5.800693,
            "C",
            NaN,
            NaN,
            false
        ],
        [
            3.7735892951652794e-16,
            1.3509969999999996,
            4.811742,
            "C",
            NaN,
            NaN,
            false
        ],
        [
            2.724651144819191e-16,
            0.9889189999999992,
            3.460774,
            "C",
            NaN,
            NaN,
            false
        ],
        [
            1.6757148314433016e-16,
            -0.36204700000000045,
            3.098697,
            "C",
            NaN,
            NaN,
            false
        ],
        [
            1.6757148314433016e-16,
            -1.3509990000000007,
            4.087649,
            "C",
            NaN,
            NaN,
            false
        ],
        [
            2.7246523694659903e-16,
            -1.7606640000000002,
            6.210359,
            "H",
            NaN,
            NaN,
            false
        ],
        [
            4.59201462780146e-16,
            0.6443739999999991,
            6.854955,
            "H",
            NaN,
            NaN,
            false
        ],
        [
            4.592015852448259e-16,
            2.405258999999999,
            5.094072,
            "H",
            NaN,
            NaN,
            false
        ],
        [
            2.7246523694659903e-16,
            1.7606629999999992,
            2.689032,
            "H",
            NaN,
            NaN,
            false
        ],
        [
            8.57288274160321e-17,
            -0.6443780000000014,
            2.044436,
            "H",
            NaN,
            NaN,
            false
        ],
        [
            8.572888864837215e-17,
            -2.405260000000001,
            3.805319,
            "H",
            NaN,
            NaN,
            false
        ],
        [
            1.5135722075595916e-16,
            3.460774,
            -0.9889230000000007,
            "C",
            NaN,
            NaN,
            false
        ],
        [
            2.1190926941640046e-16,
            3.098697,
            0.36204399999999914,
            "C",
            NaN,
            NaN,
            false
        ],
        [
            3.330210207797777e-16,
            4.087649,
            1.3509969999999996,
            "C",
            NaN,
            NaN,
            false
        ],
        [
            3.93573069440219e-16,
            5.438617,
            0.9889189999999992,
            "C",
            NaN,
            NaN,
            false
        ],
        [
            3.330210207797778e-16,
            5.800693,
            -0.36204700000000045,
            "C",
            NaN,
            NaN,
            false
        ],
        [
            2.1190939188108038e-16,
            4.811742,
            -1.3509990000000007,
            "C",
            NaN,
            NaN,
            false
        ],
        [
            5.684614498154147e-17,
            2.689032,
            -1.7606640000000002,
            "H",
            NaN,
            NaN,
            false
        ],
        [
            1.646420667684297e-16,
            2.044435,
            0.6443739999999991,
            "H",
            NaN,
            NaN,
            false
        ],
        [
            3.802882234277484e-16,
            3.8053190000000003,
            2.405258999999999,
            "H",
            NaN,
            NaN,
            false
        ],
        [
            4.880843289116566e-16,
            6.210359,
            1.7606629999999992,
            "H",
            NaN,
            NaN,
            false
        ],
        [
            3.8028816219540843e-16,
            6.854955,
            -0.6443780000000014,
            "H",
            NaN,
            NaN,
            false
        ],
        [
            1.6464225046544947e-16,
            5.094071999999999,
            -2.405260000000001,
            "H",
            NaN,
            NaN,
            false
        ]
    ]
}