{
    "properties": {
        "Z": 2,
        "number_of_atoms_in_molecule": 12,
        "unit_cell_volume": 263.108368,
        "attempted_spg": 149,
        "attempted_wyckoff_position": "2i",
        "site_symmetry_group": "3",
        "spg": 177,
        "lattice_vector_a": [
            6.252245,
            0.0,
            0.0
        ],
        "lattice_vector_b": [
            -3.126123,
            5.414603,
            0.0
        ],
        "lattice_vector_c": [
            0.0,
            0.0,
            7.771986
        ],
        "cell_vol": 263.10834152824475
    },
    "struct_id": "geometry_0b81f40bf3",
    "input_ref": null,
    "geometry": [
        [
            1.814921,
            1.318133,
            1.938712,
            "C",
            NaN,
            NaN,
            false
        ],
        [
            2.048997,
            2.697034,
            1.938712,
            "C",
            NaN,
            NaN,
            false
        ],
        [
            3.360199,
            3.183768,
            1.938712,
            "C",
            NaN,
            NaN,
            false
        ],
        [
            4.437324,
            2.291602,
            1.938712,
            "C",
            NaN,
            NaN,
            false
        ],
        [
            4.203248,
            0.912701,
            1.938712,
            "C",
            NaN,
            NaN,
            false
        ],
        [
            2.892046,
            0.425966,
            1.938712,
            "C",
            NaN,
            NaN,
            false
        ],
        [
            0.791733,
            0.938313,
            1.938712,
            "H",
            NaN,
            NaN,
            false
        ],
        [
            1.208469,
            3.39323,
            1.938712,
            "H",
            NaN,
            NaN,
            false
        ],
        [
            3.542858,
            4.259785,
            1.938712,
            "H",
            NaN,
            NaN,
            false
        ],
        [
            5.460512,
            2.671422,
            1.938712,
            "H",
            NaN,
            NaN,
            false
        ],
        [
            5.043775,
            0.216505,
            1.938712,
            "H",
            NaN,
            NaN,
            false
        ],
        [
            2.709387,
            -0.65005,
            1.938712,
            "H",
            NaN,
            NaN,
            false
        ],
        [
            2.892046,
            3.183768,
            5.833274,
            "C",
            NaN,
            NaN,
            false
        ],
        [
            1.814921,
            2.291602,
            5.833274,
            "C",
            NaN,
            NaN,
            false
        ],
        [
            2.048997,
            0.912701,
            5.833274,
            "C",
            NaN,
            NaN,
            false
        ],
        [
            3.360199,
            0.425966,
            5.833274,
            "C",
            NaN,
            NaN,
            false
        ],
        [
            4.437324,
            1.318133,
            5.833274,
            "C",
            NaN,
            NaN,
            false
        ],
        [
            4.203248,
            2.697034,
            5.833274,
            "C",
            NaN,
            NaN,
            false
        ],
        [
            2.709386,
            4.259785,
            5.833274,
            "H",
            NaN,
            NaN,
            false
        ],
        [
            0.791733,
            2.671422,
            5.833274,
            "H",
            NaN,
            NaN,
            false
        ],
        [
            1.20847,
            0.216505,
            5.833274,
            "H",
            NaN,
            NaN,
            false
        ],
        [
            3.542859,
            -0.65005,
            5.833274,
            "H",
            NaN,
            NaN,
            false
        ],
        [
            5.460511,
            0.938313,
            5.833274,
            "H",
            NaN,
            NaN,
            false
        ],
        [
            5.043776,
            3.39323,
            5.833274,
            "H",
            NaN,
            NaN,
            false
        ]
    ]
}