{
    "properties": {
        "Z": 2,
        "number_of_atoms_in_molecule": 12,
        "unit_cell_volume": 235.598663,
        "attempted_spg": 14,
        "attempted_wyckoff_position": "2c",
        "site_symmetry_group": "-1",
        "spg": 14,
        "lattice_vector_a": [
            3.420621,
            0.0,
            0.0
        ],
        "lattice_vector_b": [
            3.653191206724106e-16,
            5.966114,
            0.0
        ],
        "lattice_vector_c": [
            7.280123161813362e-16,
            -2.8425770000000004,
            11.544532999999998
        ],
        "cell_vol": 235.5986918412577,
        "a": 3.420621,
        "b": 5.966114,
        "c": 11.889343387631547,
        "alpha": 103.83260881313991,
        "beta": 90.0,
        "gamma": 90.0
    },
    "struct_id": "geometry_1fec874592",
    "input_ref": null,
    "geometry": [
        [
            0.3307220000000003,
            -1.574923,
            4.4220989999999984,
            "C",
            NaN,
            NaN,
            false
        ],
        [
            0.38436400000000026,
            -2.674602,
            5.284679999999999,
            "C",
            NaN,
            NaN,
            false
        ],
        [
            0.05363200000000037,
            -2.520961,
            6.634887999999998,
            "C",
            NaN,
            NaN,
            false
        ],
        [
            -0.3307219999999995,
            -1.267652,
            7.122433999999998,
            "C",
            NaN,
            NaN,
            false
        ],
        [
            -0.3843639999999995,
            -0.16797300000000037,
            6.259853999999999,
            "C",
            NaN,
            NaN,
            false
        ],
        [
            -0.05363199999999963,
            -0.3216129999999997,
            4.909645999999999,
            "C",
            NaN,
            NaN,
            false
        ],
        [
            0.5888130000000001,
            -1.6948180000000006,
            3.3684469999999997,
            "H",
            NaN,
            NaN,
            false
        ],
        [
            0.6843120000000001,
            -3.652515,
            4.904031999999998,
            "H",
            NaN,
            NaN,
            false
        ],
        [
            0.09542600000000034,
            -3.3789500000000006,
            7.308152999999999,
            "H",
            NaN,
            NaN,
            false
        ],
        [
            -0.5888129999999994,
            -1.1477560000000002,
            8.176087999999998,
            "H",
            NaN,
            NaN,
            false
        ],
        [
            -0.6843119999999994,
            0.8099409999999998,
            6.640501999999999,
            "H",
            NaN,
            NaN,
            false
        ],
        [
            -0.09542599999999964,
            0.5363760000000002,
            4.236379999999999,
            "H",
            NaN,
            NaN,
            false
        ],
        [
            2.041033,
            0.15363499999999994,
            1.3501669999999997,
            "C",
            NaN,
            NaN,
            false
        ],
        [
            2.094675,
            1.253314,
            0.48758799999999997,
            "C",
            NaN,
            NaN,
            false
        ],
        [
            1.7639420000000001,
            1.099674,
            -0.8626199999999999,
            "C",
            NaN,
            NaN,
            false
        ],
        [
            1.3795890000000002,
            -0.15363599999999994,
            -1.3501669999999997,
            "C",
            NaN,
            NaN,
            false
        ],
        [
            1.3259480000000003,
            -1.253315,
            -0.48758799999999997,
            "C",
            NaN,
            NaN,
            false
        ],
        [
            1.6566790000000002,
            -1.099674,
            0.8626209999999999,
            "C",
            NaN,
            NaN,
            false
        ],
        [
            2.2991240000000004,
            0.2735309999999999,
            2.4038209999999998,
            "H",
            NaN,
            NaN,
            false
        ],
        [
            2.394623,
            2.231228,
            0.8682359999999999,
            "H",
            NaN,
            NaN,
            false
        ],
        [
            1.8057370000000001,
            1.957663,
            -1.5358859999999999,
            "H",
            NaN,
            NaN,
            false
        ],
        [
            1.1214980000000003,
            -0.2735309999999999,
            -2.4038209999999998,
            "H",
            NaN,
            NaN,
            false
        ],
        [
            1.025998,
            -2.231229,
            -0.8682359999999999,
            "H",
            NaN,
            NaN,
            false
        ],
        [
            1.6148850000000001,
            -1.957664,
            1.5358859999999999,
            "H",
            NaN,
            NaN,
            false
        ]
    ]
}