{
    "properties": {
        "Z": 2,
        "number_of_atoms_in_molecule": 12,
        "unit_cell_volume": 292.47171,
        "attempted_spg": 47,
        "attempted_wyckoff_position": "2p",
        "site_symmetry_group": "mm2",
        "spg": 47,
        "lattice_vector_a": [
            3.011039,
            0.0,
            0.0
        ],
        "lattice_vector_b": [
            3.901687962679493e-16,
            6.37194,
            0.0
        ],
        "lattice_vector_c": [
            9.33419115985057e-16,
            9.33419115985057e-16,
            15.243890999999998
        ],
        "cell_vol": 292.4717293958179,
        "a": 3.011039,
        "b": 6.37194,
        "c": 15.243891,
        "alpha": 90.0,
        "beta": 90.0,
        "gamma": 90.0
    },
    "struct_id": "geometry_66f41f7787",
    "input_ref": null,
    "geometry": [
        [
            1.5055190000000005,
            3.1859690000000005,
            5.188802999999999,
            "C",
            NaN,
            NaN,
            false
        ],
        [
            1.5055190000000005,
            4.397275,
            4.489551999999999,
            "C",
            NaN,
            NaN,
            false
        ],
        [
            1.5055190000000005,
            4.397275,
            3.0909629999999995,
            "C",
            NaN,
            NaN,
            false
        ],
        [
            1.5055190000000005,
            3.185969,
            2.3917119999999996,
            "C",
            NaN,
            NaN,
            false
        ],
        [
            1.5055190000000003,
            1.9746640000000002,
            3.0909629999999995,
            "C",
            NaN,
            NaN,
            false
        ],
        [
            1.5055190000000005,
            1.9746640000000002,
            4.489551999999999,
            "C",
            NaN,
            NaN,
            false
        ],
        [
            1.5055190000000007,
            3.1859690000000005,
            6.280211999999999,
            "H",
            NaN,
            NaN,
            false
        ],
        [
            1.5055190000000007,
            5.342388,
            5.035389999999999,
            "H",
            NaN,
            NaN,
            false
        ],
        [
            1.5055190000000005,
            5.342388,
            2.5451249999999996,
            "H",
            NaN,
            NaN,
            false
        ],
        [
            1.5055190000000003,
            3.185969,
            1.3003039999999997,
            "H",
            NaN,
            NaN,
            false
        ],
        [
            1.5055190000000003,
            1.0295510000000003,
            2.5451249999999996,
            "H",
            NaN,
            NaN,
            false
        ],
        [
            1.5055190000000005,
            1.0295510000000003,
            5.035389999999999,
            "H",
            NaN,
            NaN,
            false
        ],
        [
            1.505519000000001,
            3.1859700000000006,
            10.055084999999998,
            "C",
            NaN,
            NaN,
            false
        ],
        [
            1.505519000000001,
            1.9746640000000006,
            10.754335999999999,
            "C",
            NaN,
            NaN,
            false
        ],
        [
            1.505519000000001,
            1.9746640000000006,
            12.152924999999998,
            "C",
            NaN,
            NaN,
            false
        ],
        [
            1.505519000000001,
            3.185970000000001,
            12.852175999999998,
            "C",
            NaN,
            NaN,
            false
        ],
        [
            1.5055190000000012,
            4.3972750000000005,
            12.152924999999998,
            "C",
            NaN,
            NaN,
            false
        ],
        [
            1.505519000000001,
            4.3972750000000005,
            10.754335999999999,
            "C",
            NaN,
            NaN,
            false
        ],
        [
            1.5055190000000007,
            3.1859700000000006,
            8.963674999999999,
            "H",
            NaN,
            NaN,
            false
        ],
        [
            1.5055190000000007,
            1.0295510000000008,
            10.208497999999999,
            "H",
            NaN,
            NaN,
            false
        ],
        [
            1.505519000000001,
            1.029551000000001,
            12.698763999999999,
            "H",
            NaN,
            NaN,
            false
        ],
        [
            1.5055190000000012,
            3.185970000000001,
            13.943583999999998,
            "H",
            NaN,
            NaN,
            false
        ],
        [
            1.5055190000000012,
            5.342388000000001,
            12.698763999999999,
            "H",
            NaN,
            NaN,
            false
        ],
        [
            1.505519000000001,
            5.342388000000001,
            10.208497999999999,
            "H",
            NaN,
            NaN,
            false
        ]
    ]
}