{
    "properties": {
        "Z": 2,
        "number_of_atoms_in_molecule": 12,
        "unit_cell_volume": 256.809174,
        "attempted_spg": 23,
        "attempted_wyckoff_position": "2b",
        "site_symmetry_group": "222",
        "spg": 71,
        "lattice_vector_a": [
            3.419069,
            0.0,
            0.0
        ],
        "lattice_vector_b": [
            4.0099834791280934e-16,
            6.5488,
            0.0
        ],
        "lattice_vector_c": [
            7.022986897657523e-16,
            7.022986897657523e-16,
            11.469408
        ],
        "cell_vol": 256.80920994773606,
        "a": 3.419069,
        "b": 6.5488,
        "c": 11.469408,
        "alpha": 90.0,
        "beta": 90.0,
        "gamma": 90.0
    },
    "struct_id": "geometry_f56d891029",
    "input_ref": null,
    "geometry": [
        [
            3.1980487745273944e-16,
            -1.2112179999999995,
            6.434028,
            "C",
            NaN,
            NaN,
            false
        ],
        [
            2.3416238763604706e-16,
            -1.2112179999999997,
            5.03538,
            "C",
            NaN,
            NaN,
            false
        ],
        [
            2.6550556918704473e-16,
            2.6550556918704473e-16,
            4.336035,
            "C",
            NaN,
            NaN,
            false
        ],
        [
            3.8249387354535284e-16,
            1.2112180000000001,
            5.035380999999999,
            "C",
            NaN,
            NaN,
            false
        ],
        [
            4.681363021297053e-16,
            1.2112180000000003,
            6.434028,
            "C",
            NaN,
            NaN,
            false
        ],
        [
            4.367931818110476e-16,
            4.367931818110476e-16,
            7.133374,
            "C",
            NaN,
            NaN,
            false
        ],
        [
            2.9533710796151485e-16,
            -2.1564449999999997,
            6.979666,
            "H",
            NaN,
            NaN,
            false
        ],
        [
            1.428732351255061e-16,
            -2.1564449999999997,
            4.489742,
            "H",
            NaN,
            NaN,
            false
        ],
        [
            1.98675981034174e-16,
            1.98675981034174e-16,
            3.244624999999999,
            "H",
            NaN,
            NaN,
            false
        ],
        [
            4.069615818042375e-16,
            2.1564450000000006,
            4.489742,
            "H",
            NaN,
            NaN,
            false
        ],
        [
            5.594255158725862e-16,
            2.1564450000000006,
            6.979666999999999,
            "H",
            NaN,
            NaN,
            false
        ],
        [
            5.036227699639183e-16,
            5.036227699639183e-16,
            8.224784,
            "H",
            NaN,
            NaN,
            false
        ],
        [
            1.709535,
            2.0631829999999995,
            0.699324,
            "C",
            NaN,
            NaN,
            false
        ],
        [
            1.709535,
            2.0631829999999995,
            -0.699323,
            "C",
            NaN,
            NaN,
            false
        ],
        [
            1.709535,
            3.274401,
            -1.398668,
            "C",
            NaN,
            NaN,
            false
        ],
        [
            1.709535,
            4.485619,
            -0.699323,
            "C",
            NaN,
            NaN,
            false
        ],
        [
            1.7095350000000002,
            4.485619,
            0.699324,
            "C",
            NaN,
            NaN,
            false
        ],
        [
            1.709535,
            3.274401,
            1.398669,
            "C",
            NaN,
            NaN,
            false
        ],
        [
            1.709535,
            1.1179550000000003,
            1.244962,
            "H",
            NaN,
            NaN,
            false
        ],
        [
            1.7095349999999998,
            1.1179550000000003,
            -1.244962,
            "H",
            NaN,
            NaN,
            false
        ],
        [
            1.7095349999999998,
            3.2744,
            -2.490079,
            "H",
            NaN,
            NaN,
            false
        ],
        [
            1.709535,
            5.430846,
            -1.244962,
            "H",
            NaN,
            NaN,
            false
        ],
        [
            1.7095350000000002,
            5.430846,
            1.244962,
            "H",
            NaN,
            NaN,
            false
        ],
        [
            1.7095350000000002,
            3.2744,
            2.49008,
            "H",
            NaN,
            NaN,
            false
        ]
    ]
}