{
    "properties": {
        "Z": 2,
        "number_of_atoms_in_molecule": 12,
        "unit_cell_volume": 217.556808,
        "attempted_spg": 190,
        "attempted_wyckoff_position": "2d",
        "site_symmetry_group": "-6",
        "spg": 190,
        "lattice_vector_a": [
            5.03708,
            0.0,
            0.0
        ],
        "lattice_vector_b": [
            4.3242664241634773e-16,
            7.062063,
            0.0
        ],
        "lattice_vector_c": [
            4.3242665978586594e-16,
            -3.531032,
            6.115926
        ],
        "cell_vol": 217.5567978855347,
        "a": 5.03708,
        "b": 7.062063,
        "c": 7.062063283665759,
        "alpha": 120.00000335541407,
        "beta": 90.0,
        "gamma": 90.0
    },
    "struct_id": "geometry_9410d53205",
    "input_ref": null,
    "geometry": [
        [
            1.2592700000000003,
            4.155947,
            0.787386,
            "C",
            NaN,
            NaN,
            false
        ],
        [
            1.2592700000000001,
            2.75987,
            0.871821,
            "C",
            NaN,
            NaN,
            false
        ],
        [
            1.2592700000000003,
            2.134954,
            2.123076,
            "C",
            NaN,
            NaN,
            false
        ],
        [
            1.2592700000000003,
            2.906115,
            3.289897,
            "C",
            NaN,
            NaN,
            false
        ],
        [
            1.2592700000000006,
            4.302192,
            3.205462,
            "C",
            NaN,
            NaN,
            false
        ],
        [
            1.2592700000000003,
            4.927108,
            1.954207,
            "C",
            NaN,
            NaN,
            false
        ],
        [
            1.2592700000000001,
            4.643597,
            -0.189022,
            "H",
            NaN,
            NaN,
            false
        ],
        [
            1.2592700000000001,
            2.1581,
            -0.0387,
            "H",
            NaN,
            NaN,
            false
        ],
        [
            1.2592700000000001,
            1.045535,
            2.188964,
            "H",
            NaN,
            NaN,
            false
        ],
        [
            1.2592700000000006,
            2.418466,
            4.266306,
            "H",
            NaN,
            NaN,
            false
        ],
        [
            1.2592700000000006,
            4.903964,
            4.115983,
            "H",
            NaN,
            NaN,
            false
        ],
        [
            1.2592700000000006,
            6.016528,
            1.888319,
            "H",
            NaN,
            NaN,
            false
        ],
        [
            3.7778100000000006,
            -1.3960770000000002,
            3.992849,
            "C",
            NaN,
            NaN,
            false
        ],
        [
            3.7778100000000006,
            -0.6249160000000001,
            2.826028,
            "C",
            NaN,
            NaN,
            false
        ],
        [
            3.7778100000000006,
            0.7711609999999999,
            2.910462,
            "C",
            NaN,
            NaN,
            false
        ],
        [
            3.7778100000000006,
            1.3960779999999997,
            4.161718,
            "C",
            NaN,
            NaN,
            false
        ],
        [
            3.7778100000000006,
            0.6249159999999998,
            5.328539,
            "C",
            NaN,
            NaN,
            false
        ],
        [
            3.7778100000000006,
            -0.7711620000000001,
            5.244104,
            "C",
            NaN,
            NaN,
            false
        ],
        [
            3.7778100000000006,
            -2.485497,
            3.926961,
            "H",
            NaN,
            NaN,
            false
        ],
        [
            3.77781,
            -1.112565,
            1.84962,
            "H",
            NaN,
            NaN,
            false
        ],
        [
            3.7778100000000006,
            1.372931,
            1.999942,
            "H",
            NaN,
            NaN,
            false
        ],
        [
            3.7778100000000006,
            2.485496,
            4.227606,
            "H",
            NaN,
            NaN,
            false
        ],
        [
            3.777810000000001,
            1.1125659999999997,
            6.304947,
            "H",
            NaN,
            NaN,
            false
        ],
        [
            3.7778100000000006,
            -1.3729310000000001,
            6.154624,
            "H",
            NaN,
            NaN,
            false
        ]
    ]
}