{
    "properties": {
        "Z": 2,
        "number_of_atoms_in_molecule": 12,
        "unit_cell_volume": 245.725128,
        "attempted_spg": 4,
        "attempted_wyckoff_position": "2a",
        "site_symmetry_group": "1",
        "spg": 4,
        "lattice_vector_a": [
            4.555921118599948,
            -2.465190328815662e-32,
            -4.440892098500626e-16
        ],
        "lattice_vector_b": [
            3.0039961413217006e-16,
            4.905898,
            0.0
        ],
        "lattice_vector_c": [
            -0.18362876016520868,
            6.845248560148453e-16,
            10.99397706836508
        ],
        "cell_vol": 245.7251094947273,
        "a": 4.555921118599948,
        "b": 4.905898,
        "c": 10.99551050662483,
        "alpha": 90.0,
        "beta": 90.95690346258638,
        "gamma": 90.0
    },
    "struct_id": "geometry_a620de9848",
    "input_ref": null,
    "geometry": [
        [
            1.4930805087104737,
            3.7120880000000005,
            1.7324699088474453,
            "C",
            NaN,
            NaN,
            false
        ],
        [
            0.41128913701008685,
            4.545422,
            2.0349537004075784,
            "C",
            NaN,
            NaN,
            false
        ],
        [
            -0.20482075146501977,
            4.46438,
            3.287907418111146,
            "C",
            NaN,
            NaN,
            false
        ],
        [
            0.26089944586469827,
            3.5500100000000003,
            4.238300655154197,
            "C",
            NaN,
            NaN,
            false
        ],
        [
            1.342691439251003,
            2.7166760000000005,
            3.9358176468606976,
            "C",
            NaN,
            NaN,
            false
        ],
        [
            1.9588007060401926,
            2.7977180000000006,
            2.682863145890495,
            "C",
            NaN,
            NaN,
            false
        ],
        [
            1.9738704612650366,
            3.7753300000000003,
            0.7547104725060807,
            "H",
            NaN,
            NaN,
            false
        ],
        [
            0.04802624993982363,
            5.258866,
            1.2931889507251908,
            "H",
            NaN,
            NaN,
            false
        ],
        [
            -1.0489925925821648,
            5.114568,
            3.5241446550635165,
            "H",
            NaN,
            NaN,
            false
        ],
        [
            -0.21989066827058146,
            3.4867680000000005,
            5.216061496448114,
            "H",
            NaN,
            NaN,
            false
        ],
        [
            1.705954487901983,
            2.0032320000000006,
            4.677580991590535,
            "H",
            NaN,
            NaN,
            false
        ],
        [
            2.8029733304239723,
            2.1475300000000006,
            2.4466252872522087,
            "H",
            NaN,
            NaN,
            false
        ],
        [
            2.879212794571618,
            1.2591380000000005,
            9.261505132879165,
            "C",
            NaN,
            NaN,
            false
        ],
        [
            3.96100400469129,
            2.0924720000000003,
            8.959022746271582,
            "C",
            NaN,
            NaN,
            false
        ],
        [
            4.577113893166397,
            2.0114310000000004,
            7.706069028568013,
            "C",
            NaN,
            NaN,
            false
        ],
        [
            4.111392290884124,
            1.0970610000000005,
            6.755675629944246,
            "C",
            NaN,
            NaN,
            false
        ],
        [
            3.029601702450373,
            0.26372700000000043,
            7.0581587998184645,
            "C",
            NaN,
            NaN,
            false
        ],
        [
            2.4134910307086326,
            0.34476900000000055,
            8.311113139207949,
            "C",
            NaN,
            NaN,
            false
        ],
        [
            2.398421897169703,
            1.3223810000000007,
            10.239266595858997,
            "H",
            NaN,
            NaN,
            false
        ],
        [
            4.3242662700756345,
            2.8059170000000004,
            9.700786712687337,
            "H",
            NaN,
            NaN,
            false
        ],
        [
            5.421285112597623,
            2.6616190000000004,
            7.469831008349011,
            "H",
            NaN,
            NaN,
            false
        ],
        [
            4.5921838099719565,
            1.0338190000000005,
            5.7779149502310485,
            "H",
            NaN,
            NaN,
            false
        ],
        [
            2.666338653799393,
            -0.4497169999999996,
            6.316395455088626,
            "H",
            NaN,
            NaN,
            false
        ],
        [
            1.5693199728581195,
            -0.3054189999999995,
            8.547349754474402,
            "H",
            NaN,
            NaN,
            false
        ]
    ]
}