{
    "properties": {
        "Z": 2,
        "number_of_atoms_in_molecule": 12,
        "unit_cell_volume": 252.398727,
        "attempted_spg": 6,
        "attempted_wyckoff_position": "2c",
        "site_symmetry_group": "1",
        "spg": 6,
        "lattice_vector_a": [
            3.3783332694032717,
            -2.220446049250313e-16,
            0.0
        ],
        "lattice_vector_b": [
            -0.47236277205738153,
            5.113188418838021,
            0.0
        ],
        "lattice_vector_c": [
            8.946921714879602e-16,
            9.811546319064334e-16,
            14.611431999999999
        ],
        "cell_vol": 252.39867339367854,
        "a": 3.378333269403272,
        "b": 5.134960797802161,
        "c": 14.611432,
        "alpha": 90.0,
        "beta": 90.0,
        "gamma": 95.27807524965908
    },
    "struct_id": "geometry_0737fba373",
    "input_ref": null,
    "geometry": [
        [
            0.024985424128066924,
            2.7881729465772276,
            11.875517999999998,
            "C",
            NaN,
            NaN,
            false
        ],
        [
            0.7080167459338602,
            1.6201632486580575,
            12.229684999999998,
            "C",
            NaN,
            NaN,
            false
        ],
        [
            1.1862758983174233,
            0.7609775204046398,
            11.235141999999998,
            "C",
            NaN,
            NaN,
            false
        ],
        [
            0.9814756948945647,
            1.0698553797243973,
            9.886486999999999,
            "C",
            NaN,
            NaN,
            false
        ],
        [
            0.29844486719455343,
            2.2378659470453597,
            9.532316999999999,
            "C",
            NaN,
            NaN,
            false
        ],
        [
            -0.17981428518901055,
            3.0970516752987782,
            10.526861999999998,
            "C",
            NaN,
            NaN,
            false
        ],
        [
            -0.3482297520684803,
            3.4586509480258805,
            12.651623999999998,
            "H",
            NaN,
            NaN,
            false
        ],
        [
            0.8677233086725034,
            1.3793184082250358,
            13.282144999999998,
            "H",
            NaN,
            NaN,
            false
        ],
        [
            1.7192919155897703,
            -0.15050932329148492,
            11.511299999999999,
            "H",
            NaN,
            NaN,
            false
        ],
        [
            1.3546922345986863,
            0.3993777535717553,
            9.110380999999999,
            "H",
            NaN,
            NaN,
            false
        ],
        [
            0.1387383044559094,
            2.4787107874783816,
            8.479861999999999,
            "H",
            NaN,
            NaN,
            false
        ],
        [
            -0.7128303024613585,
            4.008538518994902,
            10.250703999999999,
            "H",
            NaN,
            NaN,
            false
        ],
        [
            0.024985424128066036,
            2.7881729465772267,
            2.7359149999999994,
            "C",
            NaN,
            NaN,
            false
        ],
        [
            0.7080167459338593,
            1.6201632486580566,
            2.3817469999999994,
            "C",
            NaN,
            NaN,
            false
        ],
        [
            1.1862758983174224,
            0.7609775204046394,
            3.3762919999999994,
            "C",
            NaN,
            NaN,
            false
        ],
        [
            0.9814756948945638,
            1.0698553797243973,
            4.724944999999999,
            "C",
            NaN,
            NaN,
            false
        ],
        [
            0.29844486719455254,
            2.2378659470453597,
            5.079114999999999,
            "C",
            NaN,
            NaN,
            false
        ],
        [
            -0.17981428518901055,
            3.0970516752987773,
            4.084569999999999,
            "C",
            NaN,
            NaN,
            false
        ],
        [
            -0.34822975206848117,
            3.4586509480258796,
            1.9598079999999998,
            "H",
            NaN,
            NaN,
            false
        ],
        [
            0.8677233086725016,
            1.379318408225035,
            1.3292889999999997,
            "H",
            NaN,
            NaN,
            false
        ],
        [
            1.7192919155897703,
            -0.1505093232914858,
            3.1001329999999996,
            "H",
            NaN,
            NaN,
            false
        ],
        [
            1.3546922345986854,
            0.3993777535717553,
            5.501051999999999,
            "H",
            NaN,
            NaN,
            false
        ],
        [
            0.1387383044559094,
            2.4787107874783816,
            6.131570999999999,
            "H",
            NaN,
            NaN,
            false
        ],
        [
            -0.7128303024613585,
            4.008538518994901,
            4.360727999999999,
            "H",
            NaN,
            NaN,
            false
        ]
    ]
}