{
    "properties": {
        "Z": 2,
        "number_of_atoms_in_molecule": 12,
        "unit_cell_volume": 266.450165,
        "attempted_spg": 77,
        "attempted_wyckoff_position": "2c",
        "site_symmetry_group": "2",
        "spg": 84,
        "lattice_vector_a": [
            5.097125,
            0.0,
            0.0
        ],
        "lattice_vector_b": [
            0.0,
            5.097125,
            0.0
        ],
        "lattice_vector_c": [
            0.0,
            0.0,
            10.255702
        ],
        "cell_vol": 266.4501453286368
    },
    "struct_id": "geometry_14fe96892a",
    "input_ref": null,
    "geometry": [
        [
            -0.672063,
            1.540902,
            9.857839,
            "C",
            NaN,
            NaN,
            false
        ],
        [
            -0.0,
            2.548562,
            10.557184,
            "C",
            NaN,
            NaN,
            false
        ],
        [
            0.672063,
            3.556223,
            9.857839,
            "C",
            NaN,
            NaN,
            false
        ],
        [
            0.672063,
            3.556223,
            8.459191,
            "C",
            NaN,
            NaN,
            false
        ],
        [
            -0.0,
            2.548562,
            7.759847,
            "C",
            NaN,
            NaN,
            false
        ],
        [
            -0.672063,
            1.540902,
            8.459191,
            "C",
            NaN,
            NaN,
            false
        ],
        [
            -1.196537,
            0.75453,
            10.403477,
            "H",
            NaN,
            NaN,
            false
        ],
        [
            -0.0,
            2.548562,
            11.648595,
            "H",
            NaN,
            NaN,
            false
        ],
        [
            1.196536,
            4.342594,
            10.403477,
            "H",
            NaN,
            NaN,
            false
        ],
        [
            1.196536,
            4.342595,
            7.913553,
            "H",
            NaN,
            NaN,
            false
        ],
        [
            -0.0,
            2.548562,
            6.668436,
            "H",
            NaN,
            NaN,
            false
        ],
        [
            -1.196537,
            0.754529,
            7.913553,
            "H",
            NaN,
            NaN,
            false
        ],
        [
            3.556223,
            -0.672063,
            4.729989,
            "C",
            NaN,
            NaN,
            false
        ],
        [
            2.548562,
            -0.0,
            5.429334,
            "C",
            NaN,
            NaN,
            false
        ],
        [
            1.540902,
            0.672063,
            4.729989,
            "C",
            NaN,
            NaN,
            false
        ],
        [
            1.540902,
            0.672063,
            3.331342,
            "C",
            NaN,
            NaN,
            false
        ],
        [
            2.548562,
            -0.0,
            2.631996,
            "C",
            NaN,
            NaN,
            false
        ],
        [
            3.556223,
            -0.672063,
            3.331342,
            "C",
            NaN,
            NaN,
            false
        ],
        [
            4.342594,
            -1.196537,
            5.275626,
            "H",
            NaN,
            NaN,
            false
        ],
        [
            2.548562,
            -0.0,
            6.520745,
            "H",
            NaN,
            NaN,
            false
        ],
        [
            0.75453,
            1.196536,
            5.275626,
            "H",
            NaN,
            NaN,
            false
        ],
        [
            0.754529,
            1.196536,
            2.785703,
            "H",
            NaN,
            NaN,
            false
        ],
        [
            2.548562,
            -0.0,
            1.540584,
            "H",
            NaN,
            NaN,
            false
        ],
        [
            4.342595,
            -1.196537,
            2.785703,
            "H",
            NaN,
            NaN,
            false
        ]
    ]
}