{
    "properties": {
        "Z": 2,
        "number_of_atoms_in_molecule": 12,
        "unit_cell_volume": 234.689606,
        "attempted_spg": 194,
        "attempted_wyckoff_position": "2c",
        "site_symmetry_group": "-6m2",
        "spg": 194,
        "lattice_vector_a": [
            4.533055,
            0.0,
            0.0
        ],
        "lattice_vector_b": [
            4.73442206851691e-16,
            7.731897999999999,
            0.0
        ],
        "lattice_vector_c": [
            4.734422022132604e-16,
            -3.8659489999999996,
            6.696019999999999
        ],
        "cell_vol": 234.68960105903727,
        "a": 4.533055,
        "b": 7.731898,
        "c": 7.731897924248677,
        "alpha": 120.00000032409037,
        "beta": 90.0,
        "gamma": 90.0
    },
    "struct_id": "geometry_6939d3a680",
    "input_ref": null,
    "geometry": [
        [
            1.1332640000000005,
            0.6993139999999998,
            3.2527649999999997,
            "C",
            NaN,
            NaN,
            false
        ],
        [
            1.1332640000000003,
            -0.699314,
            3.2527659999999994,
            "C",
            NaN,
            NaN,
            false
        ],
        [
            1.1332640000000005,
            -1.3986279999999998,
            4.464012999999999,
            "C",
            NaN,
            NaN,
            false
        ],
        [
            1.1332640000000007,
            -0.699314,
            5.675259999999999,
            "C",
            NaN,
            NaN,
            false
        ],
        [
            1.1332640000000007,
            0.6993139999999998,
            5.675259999999999,
            "C",
            NaN,
            NaN,
            false
        ],
        [
            1.1332640000000007,
            1.3986279999999998,
            4.464012999999999,
            "C",
            NaN,
            NaN,
            false
        ],
        [
            1.1332640000000003,
            1.2450189999999999,
            2.3075769999999998,
            "H",
            NaN,
            NaN,
            false
        ],
        [
            1.1332640000000003,
            -1.2450189999999999,
            2.3075769999999998,
            "H",
            NaN,
            NaN,
            false
        ],
        [
            1.1332640000000003,
            -2.4900369999999996,
            4.464012999999999,
            "H",
            NaN,
            NaN,
            false
        ],
        [
            1.1332640000000007,
            -1.245019,
            6.620447999999999,
            "H",
            NaN,
            NaN,
            false
        ],
        [
            1.133264000000001,
            1.2450189999999997,
            6.620447999999999,
            "H",
            NaN,
            NaN,
            false
        ],
        [
            1.1332640000000007,
            2.4900369999999996,
            4.464012999999999,
            "H",
            NaN,
            NaN,
            false
        ],
        [
            3.3997910000000005,
            3.1666349999999994,
            3.4432529999999995,
            "C",
            NaN,
            NaN,
            false
        ],
        [
            3.3997910000000005,
            4.565262999999999,
            3.4432539999999996,
            "C",
            NaN,
            NaN,
            false
        ],
        [
            3.3997910000000005,
            5.264575999999999,
            2.2320059999999997,
            "C",
            NaN,
            NaN,
            false
        ],
        [
            3.3997910000000005,
            4.565261999999999,
            1.0207589999999997,
            "C",
            NaN,
            NaN,
            false
        ],
        [
            3.3997910000000005,
            3.1666349999999994,
            1.0207589999999997,
            "C",
            NaN,
            NaN,
            false
        ],
        [
            3.3997910000000005,
            2.4673199999999995,
            2.2320059999999997,
            "C",
            NaN,
            NaN,
            false
        ],
        [
            3.3997910000000005,
            2.6209289999999994,
            4.3884419999999995,
            "H",
            NaN,
            NaN,
            false
        ],
        [
            3.399791000000001,
            5.110966999999999,
            4.3884419999999995,
            "H",
            NaN,
            NaN,
            false
        ],
        [
            3.3997910000000005,
            6.3559849999999996,
            2.2320059999999997,
            "H",
            NaN,
            NaN,
            false
        ],
        [
            3.3997910000000005,
            5.110967999999999,
            0.07557099999999999,
            "H",
            NaN,
            NaN,
            false
        ],
        [
            3.399791,
            2.6209299999999995,
            0.07557099999999999,
            "H",
            NaN,
            NaN,
            false
        ],
        [
            3.3997910000000005,
            1.3759109999999999,
            2.2320059999999997,
            "H",
            NaN,
            NaN,
            false
        ]
    ]
}