{
    "properties": {
        "Z": 2,
        "number_of_atoms_in_molecule": 12,
        "unit_cell_volume": 235.816818,
        "attempted_spg": 30,
        "attempted_wyckoff_position": "2b",
        "site_symmetry_group": "2",
        "spg": 53,
        "lattice_vector_a": [
            3.240268,
            0.0,
            0.0
        ],
        "lattice_vector_b": [
            0.0,
            6.467066,
            0.0
        ],
        "lattice_vector_c": [
            0.0,
            0.0,
            11.253473
        ],
        "cell_vol": 235.81683071280864
    },
    "struct_id": "geometry_1a8c63da1e",
    "input_ref": null,
    "geometry": [
        [
            1.582894,
            1.2106459999999997,
            3.629968,
            "C",
            NaN,
            NaN,
            false
        ],
        [
            1.620134,
            0.0,
            4.329313,
            "C",
            NaN,
            NaN,
            false
        ],
        [
            1.657373,
            -1.2106459999999997,
            3.629968,
            "C",
            NaN,
            NaN,
            false
        ],
        [
            1.657373,
            -1.2106459999999997,
            2.23132,
            "C",
            NaN,
            NaN,
            false
        ],
        [
            1.620134,
            0.0,
            1.531975,
            "C",
            NaN,
            NaN,
            false
        ],
        [
            1.582894,
            1.2106459999999997,
            2.23132,
            "C",
            NaN,
            NaN,
            false
        ],
        [
            1.553833,
            2.1554259999999994,
            4.175606,
            "H",
            NaN,
            NaN,
            false
        ],
        [
            1.620134,
            0.0,
            5.420725,
            "H",
            NaN,
            NaN,
            false
        ],
        [
            1.686435,
            -2.1554260000000003,
            4.175606,
            "H",
            NaN,
            NaN,
            false
        ],
        [
            1.686435,
            -2.1554260000000003,
            1.685682,
            "H",
            NaN,
            NaN,
            false
        ],
        [
            1.620134,
            0.0,
            0.440564,
            "H",
            NaN,
            NaN,
            false
        ],
        [
            1.553833,
            2.1554259999999994,
            1.685682,
            "H",
            NaN,
            NaN,
            false
        ],
        [
            1.657373,
            4.44418,
            9.256704,
            "C",
            NaN,
            NaN,
            false
        ],
        [
            1.620134,
            3.233534,
            9.956051,
            "C",
            NaN,
            NaN,
            false
        ],
        [
            1.582894,
            2.022887,
            9.256704,
            "C",
            NaN,
            NaN,
            false
        ],
        [
            1.582894,
            2.022887,
            7.858056,
            "C",
            NaN,
            NaN,
            false
        ],
        [
            1.620134,
            3.233534,
            7.158712,
            "C",
            NaN,
            NaN,
            false
        ],
        [
            1.657373,
            4.44418,
            7.858056,
            "C",
            NaN,
            NaN,
            false
        ],
        [
            1.686435,
            5.38896,
            9.802342,
            "H",
            NaN,
            NaN,
            false
        ],
        [
            1.620134,
            3.233534,
            11.047461,
            "H",
            NaN,
            NaN,
            false
        ],
        [
            1.553833,
            1.078107,
            9.802342,
            "H",
            NaN,
            NaN,
            false
        ],
        [
            1.553833,
            1.078107,
            7.312419,
            "H",
            NaN,
            NaN,
            false
        ],
        [
            1.620134,
            3.233534,
            6.067301,
            "H",
            NaN,
            NaN,
            false
        ],
        [
            1.686435,
            5.38896,
            7.312419,
            "H",
            NaN,
            NaN,
            false
        ]
    ]
}