{
    "properties": {
        "Z": 2,
        "number_of_atoms_in_molecule": 12,
        "unit_cell_volume": 244.448792,
        "attempted_spg": 102,
        "attempted_wyckoff_position": "2a",
        "site_symmetry_group": "mm2",
        "spg": 136,
        "lattice_vector_a": [
            4.533115999999999,
            0.0,
            0.0
        ],
        "lattice_vector_b": [
            4.496518507374148e-16,
            7.343371999999999,
            0.0
        ],
        "lattice_vector_c": [
            4.496518507374148e-16,
            4.496518507374148e-16,
            7.343371999999999
        ],
        "cell_vol": 244.44878950666092,
        "a": 4.533116,
        "b": 7.343372,
        "c": 7.343372,
        "alpha": 90.0,
        "beta": 90.0,
        "gamma": 90.0
    },
    "struct_id": "geometry_5a54ef6b54",
    "input_ref": null,
    "geometry": [
        [
            2.5882619999999994,
            1.3509569999999997,
            0.36196399999999995,
            "C",
            NaN,
            NaN,
            false
        ],
        [
            2.5882619999999994,
            0.9890089999999998,
            -0.9890079999999999,
            "C",
            NaN,
            NaN,
            false
        ],
        [
            2.5882619999999994,
            -0.361964,
            -1.3509569999999997,
            "C",
            NaN,
            NaN,
            false
        ],
        [
            2.5882619999999994,
            -1.3509569999999997,
            -0.36196399999999995,
            "C",
            NaN,
            NaN,
            false
        ],
        [
            2.5882619999999994,
            -0.9890079999999998,
            0.9890089999999999,
            "C",
            NaN,
            NaN,
            false
        ],
        [
            2.5882619999999994,
            0.361964,
            1.3509569999999997,
            "C",
            NaN,
            NaN,
            false
        ],
        [
            2.5882619999999994,
            2.4051579999999997,
            0.6445159999999999,
            "H",
            NaN,
            NaN,
            false
        ],
        [
            2.5882619999999994,
            1.7607519999999999,
            -1.7607529999999998,
            "H",
            NaN,
            NaN,
            false
        ],
        [
            2.5882619999999994,
            -0.644516,
            -2.4051579999999997,
            "H",
            NaN,
            NaN,
            false
        ],
        [
            2.5882619999999994,
            -2.4051579999999997,
            -0.6445159999999999,
            "H",
            NaN,
            NaN,
            false
        ],
        [
            2.5882619999999994,
            -1.7607529999999998,
            1.7607529999999998,
            "H",
            NaN,
            NaN,
            false
        ],
        [
            2.5882619999999994,
            0.644516,
            2.4051579999999997,
            "H",
            NaN,
            NaN,
            false
        ],
        [
            0.32170500000000046,
            3.309722,
            5.0226429999999995,
            "C",
            NaN,
            NaN,
            false
        ],
        [
            0.3217050000000005,
            4.6606939999999994,
            4.6606939999999994,
            "C",
            NaN,
            NaN,
            false
        ],
        [
            0.32170500000000046,
            5.0226429999999995,
            3.3097209999999997,
            "C",
            NaN,
            NaN,
            false
        ],
        [
            0.32170500000000035,
            4.033649999999999,
            2.3207289999999996,
            "C",
            NaN,
            NaN,
            false
        ],
        [
            0.3217050000000003,
            2.6826769999999995,
            2.6826779999999997,
            "C",
            NaN,
            NaN,
            false
        ],
        [
            0.32170500000000035,
            2.320729,
            4.033649999999999,
            "C",
            NaN,
            NaN,
            false
        ],
        [
            0.3217050000000005,
            3.02717,
            6.0768439999999995,
            "H",
            NaN,
            NaN,
            false
        ],
        [
            0.32170500000000063,
            5.432437999999999,
            5.432437999999999,
            "H",
            NaN,
            NaN,
            false
        ],
        [
            0.3217050000000005,
            6.0768439999999995,
            3.0271689999999998,
            "H",
            NaN,
            NaN,
            false
        ],
        [
            0.3217050000000003,
            4.3162009999999995,
            1.2665279999999999,
            "H",
            NaN,
            NaN,
            false
        ],
        [
            0.3217050000000002,
            1.910933,
            1.9109329999999998,
            "H",
            NaN,
            NaN,
            false
        ],
        [
            0.3217050000000003,
            1.266528,
            4.316201999999999,
            "H",
            NaN,
            NaN,
            false
        ]
    ]
}