{
    "properties": {
        "Z": 2,
        "number_of_atoms_in_molecule": 12,
        "unit_cell_volume": 278.250793,
        "attempted_spg": 51,
        "attempted_wyckoff_position": "2f",
        "site_symmetry_group": "mm2",
        "spg": 51,
        "lattice_vector_a": [
            2.91406,
            0.0,
            0.0
        ],
        "lattice_vector_b": [
            4.3548574888827773e-16,
            7.112021999999999,
            0.0
        ],
        "lattice_vector_c": [
            8.221017835595608e-16,
            8.221017835595608e-16,
            13.425941
        ],
        "cell_vol": 278.25073187577937,
        "a": 2.91406,
        "b": 7.112022,
        "c": 13.425941,
        "alpha": 90.0,
        "beta": 90.0,
        "gamma": 90.0
    },
    "struct_id": "geometry_db8ada4965",
    "input_ref": null,
    "geometry": [
        [
            0.5919350000000007,
            2.344792000000001,
            9.370132,
            "C",
            NaN,
            NaN,
            false
        ],
        [
            0.5919350000000007,
            3.556011,
            8.670787,
            "C",
            NaN,
            NaN,
            false
        ],
        [
            0.5919350000000007,
            4.76723,
            9.370132,
            "C",
            NaN,
            NaN,
            false
        ],
        [
            0.5919350000000007,
            4.7672300000000005,
            10.76878,
            "C",
            NaN,
            NaN,
            false
        ],
        [
            0.5919350000000007,
            3.5560110000000003,
            11.468125,
            "C",
            NaN,
            NaN,
            false
        ],
        [
            0.5919350000000007,
            2.344792000000001,
            10.76878,
            "C",
            NaN,
            NaN,
            false
        ],
        [
            0.5919350000000007,
            1.3995650000000008,
            8.824494,
            "H",
            NaN,
            NaN,
            false
        ],
        [
            0.5919350000000007,
            3.556011,
            7.579376,
            "H",
            NaN,
            NaN,
            false
        ],
        [
            0.5919350000000007,
            5.7124559999999995,
            8.824494,
            "H",
            NaN,
            NaN,
            false
        ],
        [
            0.5919350000000011,
            5.7124559999999995,
            11.314418,
            "H",
            NaN,
            NaN,
            false
        ],
        [
            0.5919350000000007,
            3.5560110000000003,
            12.559536,
            "H",
            NaN,
            NaN,
            false
        ],
        [
            0.5919350000000007,
            1.3995650000000008,
            11.314418,
            "H",
            NaN,
            NaN,
            false
        ],
        [
            2.3221250000000007,
            4.7672289999999995,
            4.055809999999999,
            "C",
            NaN,
            NaN,
            false
        ],
        [
            2.3221250000000007,
            3.556011,
            4.755155,
            "C",
            NaN,
            NaN,
            false
        ],
        [
            2.3221250000000007,
            2.344792,
            4.055809999999999,
            "C",
            NaN,
            NaN,
            false
        ],
        [
            2.322125,
            2.344792,
            2.6571619999999996,
            "C",
            NaN,
            NaN,
            false
        ],
        [
            2.3221250000000007,
            3.5560109999999994,
            1.9578170000000004,
            "C",
            NaN,
            NaN,
            false
        ],
        [
            2.3221250000000007,
            4.76723,
            2.6571619999999996,
            "C",
            NaN,
            NaN,
            false
        ],
        [
            2.3221250000000007,
            5.7124559999999995,
            4.6014479999999995,
            "H",
            NaN,
            NaN,
            false
        ],
        [
            2.3221250000000007,
            3.556011,
            5.846566,
            "H",
            NaN,
            NaN,
            false
        ],
        [
            2.3221250000000007,
            1.399565,
            4.6014479999999995,
            "H",
            NaN,
            NaN,
            false
        ],
        [
            2.322125,
            1.399565,
            2.1115239999999993,
            "H",
            NaN,
            NaN,
            false
        ],
        [
            2.322125,
            3.5560109999999994,
            0.8664059999999996,
            "H",
            NaN,
            NaN,
            false
        ],
        [
            2.3221250000000007,
            5.712455999999999,
            2.1115250000000003,
            "H",
            NaN,
            NaN,
            false
        ]
    ]
}