{
    "properties": {
        "Z": 2,
        "number_of_atoms_in_molecule": 12,
        "unit_cell_volume": 252.226013,
        "attempted_spg": 27,
        "attempted_wyckoff_position": "2a",
        "site_symmetry_group": "2",
        "spg": 49,
        "lattice_vector_a": [
            5.714776,
            0.0,
            0.0
        ],
        "lattice_vector_b": [
            3.920816333358774e-16,
            6.403178999999999,
            0.0
        ],
        "lattice_vector_c": [
            4.220616605347442e-16,
            4.2206166053474415e-16,
            6.89279
        ],
        "cell_vol": 252.226028733256,
        "a": 5.714776,
        "b": 6.403179,
        "c": 6.89279,
        "alpha": 90.0,
        "beta": 90.0,
        "gamma": 90.0
    },
    "struct_id": "geometry_b31ae82ed2",
    "input_ref": null,
    "geometry": [
        [
            5.238425000000001,
            1.0716999999999999,
            0.898549,
            "C",
            NaN,
            NaN,
            false
        ],
        [
            5.238425,
            1.3141160000000003,
            -0.47893,
            "C",
            NaN,
            NaN,
            false
        ],
        [
            5.238425,
            0.2423820000000001,
            -1.377507,
            "C",
            NaN,
            NaN,
            false
        ],
        [
            5.238425,
            -1.0716999999999999,
            -0.898549,
            "C",
            NaN,
            NaN,
            false
        ],
        [
            5.238425,
            -1.3141169999999995,
            0.47893,
            "C",
            NaN,
            NaN,
            false
        ],
        [
            5.238425000000001,
            -0.24238299999999935,
            1.377507,
            "C",
            NaN,
            NaN,
            false
        ],
        [
            5.238425000000001,
            1.9080409999999999,
            1.599766,
            "H",
            NaN,
            NaN,
            false
        ],
        [
            5.238425000000001,
            2.339612,
            -0.852471,
            "H",
            NaN,
            NaN,
            false
        ],
        [
            5.238425,
            0.4313330000000004,
            -2.452437,
            "H",
            NaN,
            NaN,
            false
        ],
        [
            5.238425,
            -1.908042,
            -1.599766,
            "H",
            NaN,
            NaN,
            false
        ],
        [
            5.238425,
            -2.339614,
            0.852471,
            "H",
            NaN,
            NaN,
            false
        ],
        [
            5.238425000000001,
            -0.4313329999999995,
            2.452437,
            "H",
            NaN,
            NaN,
            false
        ],
        [
            2.381036,
            -1.0716999999999999,
            0.898549,
            "C",
            NaN,
            NaN,
            false
        ],
        [
            2.381036,
            -1.3141159999999998,
            -0.47893,
            "C",
            NaN,
            NaN,
            false
        ],
        [
            2.381036,
            -0.24238300000000004,
            -1.377507,
            "C",
            NaN,
            NaN,
            false
        ],
        [
            2.381036,
            1.0716999999999999,
            -0.898549,
            "C",
            NaN,
            NaN,
            false
        ],
        [
            2.381036,
            1.3141159999999998,
            0.47893,
            "C",
            NaN,
            NaN,
            false
        ],
        [
            2.381036,
            0.24238200000000004,
            1.377507,
            "C",
            NaN,
            NaN,
            false
        ],
        [
            2.381036,
            -1.9080419999999998,
            1.599766,
            "H",
            NaN,
            NaN,
            false
        ],
        [
            2.381036,
            -2.3396139999999996,
            -0.852471,
            "H",
            NaN,
            NaN,
            false
        ],
        [
            2.381036,
            -0.43133300000000013,
            -2.452437,
            "H",
            NaN,
            NaN,
            false
        ],
        [
            2.381036,
            1.9080409999999999,
            -1.599766,
            "H",
            NaN,
            NaN,
            false
        ],
        [
            2.381036,
            2.3396129999999995,
            0.852471,
            "H",
            NaN,
            NaN,
            false
        ],
        [
            2.381036,
            0.43133300000000013,
            2.452437,
            "H",
            NaN,
            NaN,
            false
        ]
    ]
}