{
    "properties": {
        "Z": 2,
        "number_of_atoms_in_molecule": 12,
        "unit_cell_volume": 232.370911,
        "attempted_spg": 175,
        "attempted_wyckoff_position": "2e",
        "site_symmetry_group": "6",
        "spg": 175,
        "lattice_vector_a": [
            6.028261,
            0.0,
            0.0
        ],
        "lattice_vector_b": [
            4.0851725063319437e-16,
            6.671593,
            0.0
        ],
        "lattice_vector_c": [
            4.085172647900029e-16,
            -3.3357970000000017,
            5.777768999999999
        ],
        "cell_vol": 232.37091389311001,
        "a": 6.028261,
        "b": 6.671593,
        "c": 6.671593231198227,
        "alpha": 120.00000381194681,
        "beta": 90.0,
        "gamma": 90.0
    },
    "struct_id": "geometry_0b605690d3",
    "input_ref": null,
    "geometry": [
        [
            4.519182000000001,
            1.3510100000000005,
            0.36183699999999996,
            "C",
            NaN,
            NaN,
            false
        ],
        [
            4.519182,
            0.9888660000000007,
            -0.9890919999999997,
            "C",
            NaN,
            NaN,
            false
        ],
        [
            4.519182,
            -0.36214699999999933,
            -1.3509289999999998,
            "C",
            NaN,
            NaN,
            false
        ],
        [
            4.519182,
            -1.3510139999999993,
            -0.36183699999999996,
            "C",
            NaN,
            NaN,
            false
        ],
        [
            4.519182000000001,
            -0.9888680000000001,
            0.9890929999999998,
            "C",
            NaN,
            NaN,
            false
        ],
        [
            4.519182000000001,
            0.36214499999999994,
            1.3509299999999997,
            "C",
            NaN,
            NaN,
            false
        ],
        [
            4.519182000000001,
            2.405265,
            0.6441939999999999,
            "H",
            NaN,
            NaN,
            false
        ],
        [
            4.519182,
            1.7605190000000004,
            -1.7609239999999995,
            "H",
            NaN,
            NaN,
            false
        ],
        [
            4.519182,
            -0.6447449999999986,
            -2.4051179999999994,
            "H",
            NaN,
            NaN,
            false
        ],
        [
            4.519182,
            -2.4052669999999994,
            -0.6441939999999999,
            "H",
            NaN,
            NaN,
            false
        ],
        [
            4.519182000000001,
            -1.7605220000000008,
            1.7609249999999996,
            "H",
            NaN,
            NaN,
            false
        ],
        [
            4.519182000000001,
            0.644741999999999,
            2.4051189999999996,
            "H",
            NaN,
            NaN,
            false
        ],
        [
            1.5090789999999998,
            -1.3510120000000003,
            -0.36183800000000055,
            "C",
            NaN,
            NaN,
            false
        ],
        [
            1.509079,
            -0.9888650000000001,
            0.9890909999999993,
            "C",
            NaN,
            NaN,
            false
        ],
        [
            1.5090790000000003,
            0.36214699999999933,
            1.3509279999999988,
            "C",
            NaN,
            NaN,
            false
        ],
        [
            1.509079,
            1.3510129999999998,
            0.3618359999999994,
            "C",
            NaN,
            NaN,
            false
        ],
        [
            1.509079,
            0.9888670000000004,
            -0.9890940000000006,
            "C",
            NaN,
            NaN,
            false
        ],
        [
            1.5090789999999998,
            -0.3621449999999995,
            -1.350931,
            "C",
            NaN,
            NaN,
            false
        ],
        [
            1.5090789999999998,
            -2.4052650000000004,
            -0.644196,
            "H",
            NaN,
            NaN,
            false
        ],
        [
            1.509079,
            -1.7605210000000002,
            1.7609229999999991,
            "H",
            NaN,
            NaN,
            false
        ],
        [
            1.5090790000000003,
            0.6447449999999995,
            2.405116999999999,
            "H",
            NaN,
            NaN,
            false
        ],
        [
            1.5090790000000003,
            2.405267,
            0.6441929999999987,
            "H",
            NaN,
            NaN,
            false
        ],
        [
            1.5090789999999998,
            1.7605220000000006,
            -1.7609260000000004,
            "H",
            NaN,
            NaN,
            false
        ],
        [
            1.5090789999999998,
            -0.6447439999999993,
            -2.40512,
            "H",
            NaN,
            NaN,
            false
        ]
    ]
}