{
    "properties": {
        "Z": 2,
        "number_of_atoms_in_molecule": 12,
        "unit_cell_volume": 232.872528,
        "attempted_spg": 175,
        "attempted_wyckoff_position": "2e",
        "site_symmetry_group": "6",
        "spg": 175,
        "lattice_vector_a": [
            6.127139999999999,
            0.0,
            0.0
        ],
        "lattice_vector_b": [
            4.0564465786877435e-16,
            6.62468,
            0.0
        ],
        "lattice_vector_c": [
            4.0564464875086624e-16,
            -3.3123400000000016,
            5.737140999999999
        ],
        "cell_vol": 232.8725142319984,
        "a": 6.12714,
        "b": 6.62468,
        "c": 6.624679851093259,
        "alpha": 120.00000074355222,
        "beta": 90.0,
        "gamma": 90.0
    },
    "struct_id": "geometry_b37e66ad89",
    "input_ref": null,
    "geometry": [
        [
            4.667641999999999,
            -1.1045260000000001,
            0.8580109999999999,
            "C",
            NaN,
            NaN,
            false
        ],
        [
            4.667641999999999,
            0.19079599999999952,
            1.3855529999999998,
            "C",
            NaN,
            NaN,
            false
        ],
        [
            4.667641999999999,
            1.2953219999999999,
            0.5275429999999999,
            "C",
            NaN,
            NaN,
            false
        ],
        [
            4.667641999999999,
            1.1045270000000003,
            -0.8580109999999999,
            "C",
            NaN,
            NaN,
            false
        ],
        [
            4.667641999999999,
            -0.19079499999999952,
            -1.3855529999999998,
            "C",
            NaN,
            NaN,
            false
        ],
        [
            4.667641999999999,
            -1.2953219999999999,
            -0.5275429999999999,
            "C",
            NaN,
            NaN,
            false
        ],
        [
            4.667641999999999,
            -1.9664360000000005,
            1.5275529999999997,
            "H",
            NaN,
            NaN,
            false
        ],
        [
            4.667641999999999,
            0.33968199999999915,
            2.4667599999999994,
            "H",
            NaN,
            NaN,
            false
        ],
        [
            4.667641999999999,
            2.3061179999999997,
            0.9392069999999999,
            "H",
            NaN,
            NaN,
            false
        ],
        [
            4.667641999999999,
            1.9664360000000005,
            -1.5275529999999997,
            "H",
            NaN,
            NaN,
            false
        ],
        [
            4.667641999999999,
            -0.33968199999999915,
            -2.4667599999999994,
            "H",
            NaN,
            NaN,
            false
        ],
        [
            4.667641999999999,
            -2.3061179999999997,
            -0.9392069999999999,
            "H",
            NaN,
            NaN,
            false
        ],
        [
            1.4594969999999998,
            1.104526,
            -0.8580110000000003,
            "C",
            NaN,
            NaN,
            false
        ],
        [
            1.4594969999999996,
            -0.19079699999999944,
            -1.3855530000000007,
            "C",
            NaN,
            NaN,
            false
        ],
        [
            1.4594969999999996,
            -1.2953229999999998,
            -0.5275420000000004,
            "C",
            NaN,
            NaN,
            false
        ],
        [
            1.4594969999999998,
            -1.104527,
            0.8580109999999994,
            "C",
            NaN,
            NaN,
            false
        ],
        [
            1.4594969999999998,
            0.1907949999999996,
            1.3855529999999998,
            "C",
            NaN,
            NaN,
            false
        ],
        [
            1.4594969999999998,
            1.2953220000000005,
            0.5275429999999997,
            "C",
            NaN,
            NaN,
            false
        ],
        [
            1.4594969999999996,
            1.9664350000000006,
            -1.5275530000000002,
            "H",
            NaN,
            NaN,
            false
        ],
        [
            1.4594969999999994,
            -0.33968199999999893,
            -2.46676,
            "H",
            NaN,
            NaN,
            false
        ],
        [
            1.4594969999999996,
            -2.306119,
            -0.9392070000000006,
            "H",
            NaN,
            NaN,
            false
        ],
        [
            1.4594969999999998,
            -1.966438000000001,
            1.5275530000000002,
            "H",
            NaN,
            NaN,
            false
        ],
        [
            1.459497,
            0.3396799999999991,
            2.466760999999998,
            "H",
            NaN,
            NaN,
            false
        ],
        [
            1.459497,
            2.3061170000000004,
            0.9392069999999997,
            "H",
            NaN,
            NaN,
            false
        ]
    ]
}