{
    "properties": {
        "Z": 2,
        "number_of_atoms_in_molecule": 12,
        "unit_cell_volume": 220.477219,
        "attempted_spg": 105,
        "attempted_wyckoff_position": "2c",
        "site_symmetry_group": "mm2",
        "spg": 131,
        "lattice_vector_a": [
            4.211669,
            0.0,
            0.0
        ],
        "lattice_vector_b": [
            4.430325123233435e-16,
            7.23527,
            0.0
        ],
        "lattice_vector_c": [
            4.430325123233435e-16,
            4.430325123233435e-16,
            7.23527
        ],
        "cell_vol": 220.47721630717177,
        "a": 4.211669,
        "b": 7.23527,
        "c": 7.23527,
        "alpha": 90.0,
        "beta": 90.0,
        "gamma": 90.0
    },
    "struct_id": "geometry_61f0fc3edc",
    "input_ref": null,
    "geometry": [
        [
            3.7022950000000003,
            1.2112169999999995,
            2.918311,
            "C",
            NaN,
            NaN,
            false
        ],
        [
            3.702295,
            -1.000000000139778e-06,
            2.218966,
            "C",
            NaN,
            NaN,
            false
        ],
        [
            3.702295,
            -1.2112189999999998,
            2.918311,
            "C",
            NaN,
            NaN,
            false
        ],
        [
            3.702295,
            -1.2112189999999998,
            4.316959,
            "C",
            NaN,
            NaN,
            false
        ],
        [
            3.7022950000000003,
            0.0,
            5.016304,
            "C",
            NaN,
            NaN,
            false
        ],
        [
            3.7022950000000003,
            1.2112169999999995,
            4.316959,
            "C",
            NaN,
            NaN,
            false
        ],
        [
            3.7022950000000003,
            2.1564440000000005,
            2.372673,
            "H",
            NaN,
            NaN,
            false
        ],
        [
            3.702295,
            -1.000000000139778e-06,
            1.127555,
            "H",
            NaN,
            NaN,
            false
        ],
        [
            3.702295,
            -2.156446,
            2.372673,
            "H",
            NaN,
            NaN,
            false
        ],
        [
            3.702295,
            -2.156446,
            4.862597,
            "H",
            NaN,
            NaN,
            false
        ],
        [
            3.7022950000000003,
            -1.000000000139778e-06,
            6.107715,
            "H",
            NaN,
            NaN,
            false
        ],
        [
            3.7022950000000003,
            2.1564440000000005,
            4.862597,
            "H",
            NaN,
            NaN,
            false
        ],
        [
            1.5964600000000004,
            4.316959000000001,
            1.2112169999999995,
            "C",
            NaN,
            NaN,
            false
        ],
        [
            1.5964600000000002,
            5.016304,
            0.0,
            "C",
            NaN,
            NaN,
            false
        ],
        [
            1.5964600000000002,
            4.316958,
            -1.21122,
            "C",
            NaN,
            NaN,
            false
        ],
        [
            1.59646,
            2.918311,
            -1.2112189999999998,
            "C",
            NaN,
            NaN,
            false
        ],
        [
            1.5964600000000002,
            2.218965,
            0.0,
            "C",
            NaN,
            NaN,
            false
        ],
        [
            1.5964600000000002,
            2.918311,
            1.2112169999999995,
            "C",
            NaN,
            NaN,
            false
        ],
        [
            1.5964600000000004,
            4.862597000000001,
            2.1564440000000005,
            "H",
            NaN,
            NaN,
            false
        ],
        [
            1.5964600000000004,
            6.107715,
            -1.000000000139778e-06,
            "H",
            NaN,
            NaN,
            false
        ],
        [
            1.5964600000000002,
            4.862597,
            -2.156446,
            "H",
            NaN,
            NaN,
            false
        ],
        [
            1.59646,
            2.372673,
            -2.156446,
            "H",
            NaN,
            NaN,
            false
        ],
        [
            1.59646,
            1.127555,
            -1.000000000139778e-06,
            "H",
            NaN,
            NaN,
            false
        ],
        [
            1.5964600000000002,
            2.372673,
            2.1564440000000005,
            "H",
            NaN,
            NaN,
            false
        ]
    ]
}