{
    "properties": {
        "Z": 2,
        "number_of_atoms_in_molecule": 12,
        "unit_cell_volume": 244.795929,
        "attempted_spg": 53,
        "attempted_wyckoff_position": "2b",
        "site_symmetry_group": "2/m",
        "spg": 53,
        "lattice_vector_a": [
            3.692154,
            0.0,
            0.0
        ],
        "lattice_vector_b": [
            3.224465018308402e-16,
            5.265951,
            0.0
        ],
        "lattice_vector_c": [
            7.709540425991318e-16,
            7.709540425991316e-16,
            12.590635
        ],
        "cell_vol": 244.79596490583668,
        "a": 3.692154,
        "b": 5.265951,
        "c": 12.590635,
        "alpha": 90.0,
        "beta": 90.0,
        "gamma": 90.0
    },
    "struct_id": "geometry_d4f46fb30f",
    "input_ref": null,
    "geometry": [
        [
            0.6868270000000003,
            -0.9976580000000004,
            6.99464,
            "C",
            NaN,
            NaN,
            false
        ],
        [
            4.711206439145474e-16,
            -1.9999999993913775e-06,
            7.693986,
            "C",
            NaN,
            NaN,
            false
        ],
        [
            -0.6868269999999995,
            0.9976539999999998,
            6.99464,
            "C",
            NaN,
            NaN,
            false
        ],
        [
            -0.6868269999999996,
            0.997655,
            5.595992,
            "C",
            NaN,
            NaN,
            false
        ],
        [
            2.9983303129054457e-16,
            -2.000000000279556e-06,
            4.896647,
            "C",
            NaN,
            NaN,
            false
        ],
        [
            0.6868270000000002,
            -0.9976580000000004,
            5.595992,
            "C",
            NaN,
            NaN,
            false
        ],
        [
            1.2228230000000004,
            -1.7762219999999997,
            7.540279,
            "H",
            NaN,
            NaN,
            false
        ],
        [
            5.37950232067418e-16,
            -1.9999999993913775e-06,
            8.785396,
            "H",
            NaN,
            NaN,
            false
        ],
        [
            -1.2228229999999993,
            1.7762190000000002,
            7.540278,
            "H",
            NaN,
            NaN,
            false
        ],
        [
            -1.2228229999999995,
            1.7762189999999993,
            5.050354,
            "H",
            NaN,
            NaN,
            false
        ],
        [
            2.33003443137674e-16,
            -2.000000000279556e-06,
            3.805237,
            "H",
            NaN,
            NaN,
            false
        ],
        [
            1.2228230000000002,
            -1.7762229999999999,
            5.050354,
            "H",
            NaN,
            NaN,
            false
        ],
        [
            -0.6868279999999998,
            1.635319,
            -0.699323,
            "C",
            NaN,
            NaN,
            false
        ],
        [
            -1.000000000139778e-06,
            2.632975,
            -1.398668,
            "C",
            NaN,
            NaN,
            false
        ],
        [
            0.6868269999999996,
            3.63063,
            -0.699323,
            "C",
            NaN,
            NaN,
            false
        ],
        [
            0.6868269999999996,
            3.63063,
            0.699325,
            "C",
            NaN,
            NaN,
            false
        ],
        [
            -1.000000000139778e-06,
            2.632975,
            1.39867,
            "C",
            NaN,
            NaN,
            false
        ],
        [
            -0.6868279999999998,
            1.635319,
            0.699325,
            "C",
            NaN,
            NaN,
            false
        ],
        [
            -1.2228240000000001,
            0.8567539999999999,
            -1.244961,
            "H",
            NaN,
            NaN,
            false
        ],
        [
            -1.000000000139778e-06,
            2.632975,
            -2.490079,
            "H",
            NaN,
            NaN,
            false
        ],
        [
            1.2228220000000003,
            4.409195,
            -1.244961,
            "H",
            NaN,
            NaN,
            false
        ],
        [
            1.2228220000000003,
            4.409195,
            1.244962,
            "H",
            NaN,
            NaN,
            false
        ],
        [
            -1.000000000139778e-06,
            2.632975,
            2.49008,
            "H",
            NaN,
            NaN,
            false
        ],
        [
            -1.2228240000000001,
            0.8567540000000001,
            1.244962,
            "H",
            NaN,
            NaN,
            false
        ]
    ]
}