{
    "properties": {
        "Z": 2,
        "number_of_atoms_in_molecule": 12,
        "unit_cell_volume": 215.74086,
        "attempted_spg": 187,
        "attempted_wyckoff_position": "2h",
        "site_symmetry_group": "3m",
        "spg": 191,
        "lattice_vector_a": [
            6.111568,
            0.0,
            0.0
        ],
        "lattice_vector_b": [
            3.9093579255825527e-16,
            6.384465999999999,
            0.0
        ],
        "lattice_vector_c": [
            3.9093575302011604e-16,
            -3.192232999999999,
            5.529109
        ],
        "cell_vol": 215.7408464914551,
        "a": 6.111568,
        "b": 6.384466,
        "c": 6.384465354293185,
        "alpha": 120.00000334559101,
        "beta": 90.0,
        "gamma": 90.0
    },
    "struct_id": "geometry_d02e4b9f0b",
    "input_ref": null,
    "geometry": [
        [
            1.4893540000000005,
            3.5750611079272827e-16,
            5.084702,
            "C",
            NaN,
            NaN,
            false
        ],
        [
            1.4893540000000005,
            1.211247,
            4.385387,
            "C",
            NaN,
            NaN,
            false
        ],
        [
            1.4893540000000005,
            1.211248,
            2.986759,
            "C",
            NaN,
            NaN,
            false
        ],
        [
            1.4893540000000003,
            1.60830508473488e-16,
            2.287444,
            "C",
            NaN,
            NaN,
            false
        ],
        [
            1.4893540000000003,
            -1.2112479999999997,
            2.986759,
            "C",
            NaN,
            NaN,
            false
        ],
        [
            1.4893540000000005,
            -1.2112479999999997,
            4.385387,
            "C",
            NaN,
            NaN,
            false
        ],
        [
            1.4893540000000007,
            4.3424330097226907e-16,
            6.176112,
            "H",
            NaN,
            NaN,
            false
        ],
        [
            1.4893540000000007,
            2.156436,
            4.931093,
            "H",
            NaN,
            NaN,
            false
        ],
        [
            1.4893540000000005,
            2.1564359999999994,
            2.441054,
            "H",
            NaN,
            NaN,
            false
        ],
        [
            1.4893540000000003,
            8.409331829394722e-17,
            1.196034,
            "H",
            NaN,
            NaN,
            false
        ],
        [
            1.4893540000000003,
            -2.1564359999999994,
            2.441054,
            "H",
            NaN,
            NaN,
            false
        ],
        [
            1.4893540000000005,
            -2.156435999999999,
            4.931093,
            "H",
            NaN,
            NaN,
            false
        ],
        [
            4.622214,
            1.211248,
            2.986759,
            "C",
            NaN,
            NaN,
            false
        ],
        [
            4.622214,
            1.608305787836283e-16,
            2.287445,
            "C",
            NaN,
            NaN,
            false
        ],
        [
            4.622214,
            -1.2112479999999997,
            2.986759,
            "C",
            NaN,
            NaN,
            false
        ],
        [
            4.622214,
            -1.2112479999999997,
            4.385387,
            "C",
            NaN,
            NaN,
            false
        ],
        [
            4.6222140000000005,
            3.5750611079272827e-16,
            5.084702,
            "C",
            NaN,
            NaN,
            false
        ],
        [
            4.6222140000000005,
            1.211247,
            4.385387,
            "C",
            NaN,
            NaN,
            false
        ],
        [
            4.622214,
            2.1564359999999994,
            2.441054,
            "H",
            NaN,
            NaN,
            false
        ],
        [
            4.622214,
            8.409331829394722e-17,
            1.196034,
            "H",
            NaN,
            NaN,
            false
        ],
        [
            4.622214,
            -2.1564359999999994,
            2.441054,
            "H",
            NaN,
            NaN,
            false
        ],
        [
            4.622214,
            -2.156435999999999,
            4.931092,
            "H",
            NaN,
            NaN,
            false
        ],
        [
            4.6222140000000005,
            4.3424330097226907e-16,
            6.176112,
            "H",
            NaN,
            NaN,
            false
        ],
        [
            4.6222140000000005,
            2.156436,
            4.931093,
            "H",
            NaN,
            NaN,
            false
        ]
    ]
}