{
    "properties": {
        "Z": 2,
        "number_of_atoms_in_molecule": 12,
        "unit_cell_volume": 271.371979,
        "attempted_spg": 38,
        "attempted_wyckoff_position": "2b",
        "site_symmetry_group": "mm2",
        "spg": 65,
        "lattice_vector_a": [
            3.163682,
            0.0,
            0.0
        ],
        "lattice_vector_b": [
            3.9138591148928186e-16,
            6.391817,
            0.0
        ],
        "lattice_vector_c": [
            8.217290623062403e-16,
            8.217290623062403e-16,
            13.419854
        ],
        "cell_vol": 271.37194479165044,
        "a": 3.163682,
        "b": 6.391817,
        "c": 13.419854,
        "alpha": 90.0,
        "beta": 90.0,
        "gamma": 90.0
    },
    "struct_id": "geometry_e9cc3d7ea7",
    "input_ref": null,
    "geometry": [
        [
            1.8744850000000002,
            3.195908,
            1.398546,
            "C",
            NaN,
            NaN,
            false
        ],
        [
            1.8744850000000002,
            4.407213,
            0.699295,
            "C",
            NaN,
            NaN,
            false
        ],
        [
            1.8744850000000002,
            4.407213,
            -0.699294,
            "C",
            NaN,
            NaN,
            false
        ],
        [
            1.874485,
            3.195908,
            -1.398545,
            "C",
            NaN,
            NaN,
            false
        ],
        [
            1.874485,
            1.984603,
            -0.699294,
            "C",
            NaN,
            NaN,
            false
        ],
        [
            1.8744850000000002,
            1.984603,
            0.699295,
            "C",
            NaN,
            NaN,
            false
        ],
        [
            1.8744850000000004,
            3.195908,
            2.489954,
            "H",
            NaN,
            NaN,
            false
        ],
        [
            1.8744850000000004,
            5.352325,
            1.245135,
            "H",
            NaN,
            NaN,
            false
        ],
        [
            1.8744850000000002,
            5.352325,
            -1.245133,
            "H",
            NaN,
            NaN,
            false
        ],
        [
            1.874485,
            3.195908,
            -2.489953,
            "H",
            NaN,
            NaN,
            false
        ],
        [
            1.874485,
            1.03949,
            -1.245133,
            "H",
            NaN,
            NaN,
            false
        ],
        [
            1.8744850000000002,
            1.03949,
            1.245135,
            "H",
            NaN,
            NaN,
            false
        ],
        [
            0.2926440000000007,
            3.1959080000000006,
            8.108471,
            "C",
            NaN,
            NaN,
            false
        ],
        [
            0.29264400000000074,
            4.4072130000000005,
            7.40922,
            "C",
            NaN,
            NaN,
            false
        ],
        [
            0.2926440000000006,
            4.407213,
            6.010631,
            "C",
            NaN,
            NaN,
            false
        ],
        [
            0.2926440000000005,
            3.1959080000000006,
            5.311381,
            "C",
            NaN,
            NaN,
            false
        ],
        [
            0.2926440000000005,
            1.9846030000000003,
            6.010631,
            "C",
            NaN,
            NaN,
            false
        ],
        [
            0.29264400000000057,
            1.9846030000000003,
            7.40922,
            "C",
            NaN,
            NaN,
            false
        ],
        [
            0.2926440000000008,
            3.1959080000000006,
            9.199879,
            "H",
            NaN,
            NaN,
            false
        ],
        [
            0.29264400000000085,
            5.352325000000001,
            7.95506,
            "H",
            NaN,
            NaN,
            false
        ],
        [
            0.2926440000000007,
            5.352325,
            5.464792,
            "H",
            NaN,
            NaN,
            false
        ],
        [
            0.29264400000000046,
            3.1959080000000006,
            4.219972,
            "H",
            NaN,
            NaN,
            false
        ],
        [
            0.2926440000000004,
            1.0394900000000005,
            5.464792,
            "H",
            NaN,
            NaN,
            false
        ],
        [
            0.29264400000000057,
            1.0394900000000005,
            7.95506,
            "H",
            NaN,
            NaN,
            false
        ]
    ]
}