{
    "properties": {
        "Z": 2,
        "number_of_atoms_in_molecule": 12,
        "unit_cell_volume": 228.07579,
        "attempted_spg": 84,
        "attempted_wyckoff_position": "2c",
        "site_symmetry_group": "2/m",
        "spg": 84,
        "lattice_vector_a": [
            4.868492,
            0.0,
            0.0
        ],
        "lattice_vector_b": [
            4.191053631616025e-16,
            6.84451,
            0.0
        ],
        "lattice_vector_c": [
            4.191053631616025e-16,
            4.191053631616025e-16,
            6.84451
        ],
        "cell_vol": 228.07578871803966,
        "a": 4.868492,
        "b": 6.84451,
        "c": 6.84451,
        "alpha": 90.0,
        "beta": 90.0,
        "gamma": 90.0
    },
    "struct_id": "geometry_97a2120806",
    "input_ref": null,
    "geometry": [
        [
            3.0867302174550976e-16,
            0.24116099999999996,
            4.799852,
            "C",
            NaN,
            NaN,
            false
        ],
        [
            3.19384762368292e-16,
            1.313747000000001,
            3.902202,
            "C",
            NaN,
            NaN,
            false
        ],
        [
            2.2026123812190552e-16,
            1.072578,
            2.524561,
            "C",
            NaN,
            NaN,
            false
        ],
        [
            1.1043240264843272e-16,
            -0.24115999999999982,
            2.044658,
            "C",
            NaN,
            NaN,
            false
        ],
        [
            9.97207844903305e-17,
            -1.313745,
            2.942309,
            "C",
            NaN,
            NaN,
            false
        ],
        [
            1.9884418627203696e-16,
            -1.072577,
            4.319949,
            "C",
            NaN,
            NaN,
            false
        ],
        [
            3.8602538752005405e-16,
            0.4293610000000001,
            5.874912,
            "H",
            NaN,
            NaN,
            false
        ],
        [
            4.050957099410565e-16,
            2.3388229999999997,
            4.276892,
            "H",
            NaN,
            NaN,
            false
        ],
        [
            2.286008991270791e-16,
            1.9094090000000001,
            1.823927,
            "H",
            NaN,
            NaN,
            false
        ],
        [
            3.3080098106228383e-17,
            -0.4293589999999998,
            0.969598,
            "H",
            NaN,
            NaN,
            false
        ],
        [
            1.400971445288587e-17,
            -2.3388229999999997,
            2.567619,
            "H",
            NaN,
            NaN,
            false
        ],
        [
            1.9050446403452342e-16,
            -1.9094089999999992,
            5.020583,
            "H",
            NaN,
            NaN,
            false
        ],
        [
            2.434245,
            2.044657,
            0.24116099999999996,
            "C",
            NaN,
            NaN,
            false
        ],
        [
            2.4342450000000007,
            2.942308,
            1.313747000000001,
            "C",
            NaN,
            NaN,
            false
        ],
        [
            2.4342450000000007,
            4.319948000000001,
            1.072578,
            "C",
            NaN,
            NaN,
            false
        ],
        [
            2.4342450000000007,
            4.799852,
            -0.24115999999999982,
            "C",
            NaN,
            NaN,
            false
        ],
        [
            2.434245,
            3.902201,
            -1.313745,
            "C",
            NaN,
            NaN,
            false
        ],
        [
            2.434245,
            2.524561,
            -1.072577,
            "C",
            NaN,
            NaN,
            false
        ],
        [
            2.434245,
            0.969597,
            0.4293610000000001,
            "H",
            NaN,
            NaN,
            false
        ],
        [
            2.4342450000000007,
            2.567618,
            2.3388229999999997,
            "H",
            NaN,
            NaN,
            false
        ],
        [
            2.4342450000000007,
            5.020582000000001,
            1.9094090000000001,
            "H",
            NaN,
            NaN,
            false
        ],
        [
            2.4342450000000007,
            5.874912,
            -0.4293589999999998,
            "H",
            NaN,
            NaN,
            false
        ],
        [
            2.434245,
            4.276891,
            -2.3388229999999997,
            "H",
            NaN,
            NaN,
            false
        ],
        [
            2.434245,
            1.8239269999999999,
            -1.9094089999999992,
            "H",
            NaN,
            NaN,
            false
        ]
    ]
}