{
    "properties": {
        "Z": 2,
        "number_of_atoms_in_molecule": 12,
        "unit_cell_volume": 259.18985,
        "attempted_spg": 5,
        "attempted_wyckoff_position": "2b",
        "site_symmetry_group": "2",
        "spg": 12,
        "lattice_vector_a": [
            4.613621,
            0.0,
            0.0
        ],
        "lattice_vector_b": [
            -1.7987190000000008,
            5.041446,
            0.0
        ],
        "lattice_vector_c": [
            6.823415393651472e-16,
            9.679209333640387e-16,
            11.143483
        ],
        "cell_vol": 259.1898496701778,
        "a": 4.613621,
        "b": 5.352715928561593,
        "c": 11.143483,
        "alpha": 90.0,
        "beta": 90.0,
        "gamma": 109.63570515156691
    },
    "struct_id": "geometry_617f89c230",
    "input_ref": null,
    "geometry": [
        [
            1.4074510000000005,
            2.5207230000000007,
            11.727439,
            "C",
            NaN,
            NaN,
            false
        ],
        [
            2.357373000000001,
            1.769117000000001,
            11.028187,
            "C",
            NaN,
            NaN,
            false
        ],
        [
            2.3573730000000004,
            1.769117000000001,
            9.629598,
            "C",
            NaN,
            NaN,
            false
        ],
        [
            1.4074510000000002,
            2.5207230000000007,
            8.930345,
            "C",
            NaN,
            NaN,
            false
        ],
        [
            0.45752900000000024,
            3.272328000000001,
            9.629598,
            "C",
            NaN,
            NaN,
            false
        ],
        [
            0.4575290000000003,
            3.272328000000001,
            11.028187,
            "C",
            NaN,
            NaN,
            false
        ],
        [
            1.4074510000000007,
            2.520723000000001,
            12.818846,
            "H",
            NaN,
            NaN,
            false
        ],
        [
            3.0985430000000007,
            1.182683000000001,
            11.574024,
            "H",
            NaN,
            NaN,
            false
        ],
        [
            3.0985430000000003,
            1.1826830000000008,
            9.083757,
            "H",
            NaN,
            NaN,
            false
        ],
        [
            1.4074510000000002,
            2.5207230000000007,
            7.838937,
            "H",
            NaN,
            NaN,
            false
        ],
        [
            -0.28364099999999987,
            3.858763000000001,
            9.083757,
            "H",
            NaN,
            NaN,
            false
        ],
        [
            -0.2836409999999997,
            3.858763000000001,
            11.574024,
            "H",
            NaN,
            NaN,
            false
        ],
        [
            -0.899359,
            2.5207230000000003,
            6.155696,
            "C",
            NaN,
            NaN,
            false
        ],
        [
            0.050563000000000136,
            1.7691170000000005,
            5.456446,
            "C",
            NaN,
            NaN,
            false
        ],
        [
            0.05056300000000005,
            1.7691170000000005,
            4.057857,
            "C",
            NaN,
            NaN,
            false
        ],
        [
            -0.8993590000000001,
            2.5207230000000003,
            3.358604,
            "C",
            NaN,
            NaN,
            false
        ],
        [
            -1.8492820000000003,
            3.2723280000000003,
            4.057857,
            "C",
            NaN,
            NaN,
            false
        ],
        [
            -1.849282,
            3.2723280000000003,
            5.456446,
            "C",
            NaN,
            NaN,
            false
        ],
        [
            -0.8993589999999999,
            2.5207230000000003,
            7.247105,
            "H",
            NaN,
            NaN,
            false
        ],
        [
            0.7917320000000002,
            1.1826830000000004,
            6.002283,
            "H",
            NaN,
            NaN,
            false
        ],
        [
            0.7917320000000001,
            1.1826830000000002,
            3.512017,
            "H",
            NaN,
            NaN,
            false
        ],
        [
            -0.8993590000000002,
            2.520723,
            2.267197,
            "H",
            NaN,
            NaN,
            false
        ],
        [
            -2.5904510000000003,
            3.8587630000000006,
            3.512017,
            "H",
            NaN,
            NaN,
            false
        ],
        [
            -2.590451,
            3.8587630000000006,
            6.002283,
            "H",
            NaN,
            NaN,
            false
        ]
    ]
}