{
    "properties": {
        "lattice_vector_a": [
            31.154654,
            0.0,
            0.0
        ],
        "lattice_vector_b": [
            0.0,
            3.658669,
            0.0
        ],
        "lattice_vector_c": [
            -4.067139,
            0.0,
            2.657113
        ],
        "unit_cell_volume": 302.8698742317604,
        "cell_vol": 302.8698742317604,
        "spg": 3,
        "molecule_harris_info": [
            [
                -34.75465207313109,
                -25.341489048327862,
                17.37951359252636,
                6.508567525985392,
                2.266046795439213,
                1.7468041978538669,
                false
            ],
            [
                -145.24496384840748,
                -154.65896152483865,
                -162.62006590512559,
                20.57894907606409,
                2.266046795439213,
                0.9102998935082491,
                false
            ]
        ],
        "harris_energy": -16713.20926506
    },
    "struct_id": "target1_2mpc_7d4c16a329",
    "input_ref": null,
    "geometry": [
        [
            7.773508071899414,
            3.5300021171569824,
            1.290300965309143,
            "O",
            NaN,
            NaN,
            false
        ],
        [
            7.029629230499268,
            2.7759509086608887,
            0.40082600712776184,
            "C",
            NaN,
            NaN,
            false
        ],
        [
            7.234691143035889,
            2.9725840091705322,
            -0.6437230110168457,
            "H",
            NaN,
            NaN,
            false
        ],
        [
            6.213234901428223,
            1.962715983390808,
            1.1212340593338013,
            "C",
            NaN,
            NaN,
            false
        ],
        [
            5.156898021697998,
            0.9081839919090271,
            1.4172860383987427,
            "C",
            NaN,
            NaN,
            false
        ],
        [
            5.403624057769775,
            -0.11078900098800659,
            1.092242956161499,
            "H",
            NaN,
            NaN,
            false
        ],
        [
            4.14107608795166,
            1.148725986480713,
            1.0780110359191895,
            "H",
            NaN,
            NaN,
            false
        ],
        [
            5.425806999206543,
            1.1941529512405396,
            2.95442795753479,
            "C",
            NaN,
            NaN,
            false
        ],
        [
            5.825305938720703,
            0.3396030068397522,
            3.5158069133758545,
            "H",
            NaN,
            NaN,
            false
        ],
        [
            4.565454006195068,
            1.6022629737854004,
            3.500391960144043,
            "H",
            NaN,
            NaN,
            false
        ],
        [
            6.455358982086182,
            2.2180190086364746,
            2.4988489151000977,
            "C",
            NaN,
            NaN,
            false
        ],
        [
            7.412463188171387,
            3.1795170307159424,
            2.5784590244293213,
            "C",
            NaN,
            NaN,
            false
        ],
        [
            7.938291072845459,
            3.7136690616607666,
            3.359484910964966,
            "H",
            NaN,
            NaN,
            false
        ],
        [
            19.314008712768555,
            3.5300021171569824,
            1.366811990737915,
            "O",
            NaN,
            NaN,
            false
        ],
        [
            20.057884216308594,
            2.7759509086608887,
            2.256287097930908,
            "C",
            NaN,
            NaN,
            false
        ],
        [
            19.85282325744629,
            2.9725840091705322,
            3.3008370399475098,
            "H",
            NaN,
            NaN,
            false
        ],
        [
            20.87428092956543,
            1.962715983390808,
            1.5358790159225464,
            "C",
            NaN,
            NaN,
            false
        ],
        [
            21.93061637878418,
            0.9081839919090271,
            1.239827036857605,
            "C",
            NaN,
            NaN,
            false
        ],
        [
            21.68389129638672,
            -0.11078900098800659,
            1.564869999885559,
            "H",
            NaN,
            NaN,
            false
        ],
        [
            22.946439743041992,
            1.148725986480713,
            1.5791020393371582,
            "H",
            NaN,
            NaN,
            false
        ],
        [
            21.661706924438477,
            1.1941529512405396,
            -0.29731500148773193,
            "C",
            NaN,
            NaN,
            false
        ],
        [
            21.262208938598633,
            0.3396030068397522,
            -0.8586940169334412,
            "H",
            NaN,
            NaN,
            false
        ],
        [
            22.52206039428711,
            1.6022629737854004,
            -0.8432790040969849,
            "H",
            NaN,
            NaN,
            false
        ],
        [
            20.63215446472168,
            2.2180190086364746,
            0.15826399624347687,
            "C",
            NaN,
            NaN,
            false
        ],
        [
            19.675052642822266,
            3.1795170307159424,
            0.07865399867296219,
            "C",
            NaN,
            NaN,
            false
        ],
        [
            19.14922332763672,
            3.7136690616607666,
            -0.7023720145225525,
            "H",
            NaN,
            NaN,
            false
        ]
    ]
}