{
    "properties": {
        "Z": 2,
        "number_of_atoms_in_molecule": 12,
        "unit_cell_volume": 259.503174,
        "attempted_spg": 27,
        "attempted_wyckoff_position": "2c",
        "site_symmetry_group": "2",
        "spg": 49,
        "lattice_vector_a": [
            2.943402,
            0.0,
            0.0
        ],
        "lattice_vector_b": [
            0.0,
            6.44851,
            0.0
        ],
        "lattice_vector_c": [
            0.0,
            0.0,
            13.672054
        ],
        "cell_vol": 259.5032034125958
    },
    "struct_id": "geometry_329f7207fa",
    "input_ref": null,
    "geometry": [
        [
            1.10639,
            -1.349993,
            3.661569,
            "C",
            NaN,
            NaN,
            false
        ],
        [
            1.28904,
            -0.675017,
            4.872876,
            "C",
            NaN,
            NaN,
            false
        ],
        [
            1.654361,
            0.675017,
            4.872876,
            "C",
            NaN,
            NaN,
            false
        ],
        [
            1.83701,
            1.349993,
            3.661569,
            "C",
            NaN,
            NaN,
            false
        ],
        [
            1.654361,
            0.675017,
            2.450264,
            "C",
            NaN,
            NaN,
            false
        ],
        [
            1.28904,
            -0.675017,
            2.450264,
            "C",
            NaN,
            NaN,
            false
        ],
        [
            0.821307,
            -2.403511,
            3.661569,
            "H",
            NaN,
            NaN,
            false
        ],
        [
            1.146463,
            -1.201906,
            5.817987,
            "H",
            NaN,
            NaN,
            false
        ],
        [
            1.796938,
            1.201906,
            5.817987,
            "H",
            NaN,
            NaN,
            false
        ],
        [
            2.122093,
            2.403511,
            3.661569,
            "H",
            NaN,
            NaN,
            false
        ],
        [
            1.796938,
            1.201906,
            1.505151,
            "H",
            NaN,
            NaN,
            false
        ],
        [
            1.146463,
            -1.201906,
            1.505151,
            "H",
            NaN,
            NaN,
            false
        ],
        [
            1.837011,
            -1.349993,
            10.497595,
            "C",
            NaN,
            NaN,
            false
        ],
        [
            1.654362,
            -0.675017,
            11.708902,
            "C",
            NaN,
            NaN,
            false
        ],
        [
            1.289041,
            0.675017,
            11.708902,
            "C",
            NaN,
            NaN,
            false
        ],
        [
            1.106392,
            1.349993,
            10.497595,
            "C",
            NaN,
            NaN,
            false
        ],
        [
            1.289041,
            0.675017,
            9.28629,
            "C",
            NaN,
            NaN,
            false
        ],
        [
            1.654362,
            -0.675017,
            9.28629,
            "C",
            NaN,
            NaN,
            false
        ],
        [
            2.122094,
            -2.403511,
            10.497595,
            "H",
            NaN,
            NaN,
            false
        ],
        [
            1.796939,
            -1.201906,
            12.654014,
            "H",
            NaN,
            NaN,
            false
        ],
        [
            1.146464,
            1.201906,
            12.654014,
            "H",
            NaN,
            NaN,
            false
        ],
        [
            0.821308,
            2.403511,
            10.497595,
            "H",
            NaN,
            NaN,
            false
        ],
        [
            1.146464,
            1.201906,
            8.341176,
            "H",
            NaN,
            NaN,
            false
        ],
        [
            1.796939,
            -1.201906,
            8.341176,
            "H",
            NaN,
            NaN,
            false
        ]
    ]
}