{
    "properties": {
        "Z": 2,
        "number_of_atoms_in_molecule": 12,
        "unit_cell_volume": 210.224457,
        "attempted_spg": 8,
        "attempted_wyckoff_position": "2a",
        "site_symmetry_group": "m",
        "spg": 12,
        "lattice_vector_a": [
            2.9042214583509294,
            -1.232595164407831e-32,
            -1.1102230246251565e-16
        ],
        "lattice_vector_b": [
            4.2695767597305545e-16,
            6.972748,
            0.0
        ],
        "lattice_vector_c": [
            -0.16028640412406236,
            6.455584272119639e-16,
            10.381245450043748
        ],
        "cell_vol": 210.2244181785419,
        "a": 2.9042214583509294,
        "b": 6.972748,
        "c": 10.38248278714687,
        "alpha": 90.0,
        "beta": 90.88457640629478,
        "gamma": 90.0
    },
    "struct_id": "geometry_30c2fd114a",
    "input_ref": null,
    "geometry": [
        [
            1.8046491147830688,
            1.2112180000000001,
            2.2325673354292555,
            "C",
            NaN,
            NaN,
            false
        ],
        [
            1.6366977744279971,
            9.661617627930962e-17,
            1.5536877811849585,
            "C",
            NaN,
            NaN,
            false
        ],
        [
            1.8046491147830683,
            -1.2112179999999997,
            2.2325673354292555,
            "C",
            NaN,
            NaN,
            false
        ],
        [
            2.1405426963338057,
            -1.2112179999999997,
            3.590283094116256,
            "C",
            NaN,
            NaN,
            false
        ],
        [
            2.3084940366888773,
            2.6547815847818975e-16,
            4.2691626483605525,
            "C",
            NaN,
            NaN,
            false
        ],
        [
            2.1405426963338057,
            1.2112180000000001,
            3.590283094116256,
            "C",
            NaN,
            NaN,
            false
        ],
        [
            1.6736119905755749,
            2.156444,
            1.7028978219537017,
            "H",
            NaN,
            NaN,
            false
        ],
        [
            1.3745899077881598,
            3.073303612719332e-17,
            0.49421892428754444,
            "H",
            NaN,
            NaN,
            false
        ],
        [
            1.6736119905755746,
            -2.156444,
            1.7028978219537017,
            "H",
            NaN,
            NaN,
            false
        ],
        [
            2.2715804965076565,
            -2.1564439999999996,
            4.11995384979529,
            "H",
            NaN,
            NaN,
            false
        ],
        [
            2.570602296176511,
            3.3136143551756904e-16,
            5.328633706546365,
            "H",
            NaN,
            NaN,
            false
        ],
        [
            2.271580496507657,
            2.1564450000000006,
            4.11995384979529,
            "H",
            NaN,
            NaN,
            false
        ],
        [
            0.27239504198629305,
            4.697592000000001,
            7.423190539993588,
            "C",
            NaN,
            NaN,
            false
        ],
        [
            0.10444370163122052,
            3.4863740000000005,
            6.7443109857492916,
            "C",
            NaN,
            NaN,
            false
        ],
        [
            0.2723950419862926,
            2.2751550000000003,
            7.423190539993588,
            "C",
            NaN,
            NaN,
            false
        ],
        [
            0.6082880572999079,
            2.2751560000000004,
            8.780908216850426,
            "C",
            NaN,
            NaN,
            false
        ],
        [
            0.7762399638921007,
            3.4863740000000005,
            9.459785852924886,
            "C",
            NaN,
            NaN,
            false
        ],
        [
            0.6082880572999079,
            4.697592000000001,
            8.780908216850426,
            "C",
            NaN,
            NaN,
            false
        ],
        [
            0.1413582008973595,
            5.642818,
            6.8935200674331165,
            "H",
            NaN,
            NaN,
            false
        ],
        [
            -0.15766359877149405,
            3.4863740000000005,
            5.684840210682041,
            "H",
            NaN,
            NaN,
            false
        ],
        [
            0.14135820089735907,
            1.3299290000000004,
            6.8935200674331165,
            "H",
            NaN,
            NaN,
            false
        ],
        [
            0.7393267068294413,
            1.3299290000000006,
            9.310576095274703,
            "H",
            NaN,
            NaN,
            false
        ],
        [
            1.0383485064982956,
            3.4863740000000005,
            10.519255952025778,
            "H",
            NaN,
            NaN,
            false
        ],
        [
            0.7393267068294422,
            5.642818000000001,
            9.310576095274703,
            "H",
            NaN,
            NaN,
            false
        ]
    ]
}