{
    "properties": {
        "Z": 2,
        "number_of_atoms_in_molecule": 12,
        "unit_cell_volume": 238.110489,
        "attempted_spg": 11,
        "attempted_wyckoff_position": "2e",
        "site_symmetry_group": "m",
        "spg": 11,
        "lattice_vector_a": [
            3.107691,
            0.0,
            0.0
        ],
        "lattice_vector_b": [
            4.2948086848411006e-16,
            7.013954860832224,
            -4.440892098500626e-16
        ],
        "lattice_vector_c": [
            6.908952582875673e-16,
            -2.8246139055541746,
            10.923901002831496
        ],
        "cell_vol": 238.11050295399212,
        "a": 3.107691,
        "b": 7.013954860832225,
        "c": 11.283175831082,
        "alpha": 104.4975468783324,
        "beta": 90.0,
        "gamma": 90.0
    },
    "struct_id": "geometry_dafcc0a06b",
    "input_ref": null,
    "geometry": [
        [
            0.7769230000000005,
            3.3991745095056283,
            4.196895108743149,
            "C",
            NaN,
            NaN,
            false
        ],
        [
            0.7769230000000004,
            2.3921216677851875,
            3.2262998319465934,
            "C",
            NaN,
            NaN,
            false
        ],
        [
            0.7769230000000004,
            2.7292233067551654,
            1.8689427193326162,
            "C",
            NaN,
            NaN,
            false
        ],
        [
            0.7769230000000005,
            4.07335808783606,
            1.4822681814268797,
            "C",
            NaN,
            NaN,
            false
        ],
        [
            0.7769230000000006,
            5.0804126448102,
            2.4528644867684064,
            "C",
            NaN,
            NaN,
            false
        ],
        [
            0.7769230000000006,
            4.743309804859009,
            3.810219713210564,
            "C",
            NaN,
            NaN,
            false
        ],
        [
            0.7769230000000007,
            3.1361119695848805,
            5.256126376685822,
            "H",
            NaN,
            NaN,
            false
        ],
        [
            0.7769230000000005,
            1.343308724460491,
            3.5282450908969354,
            "H",
            NaN,
            NaN,
            false
        ],
        [
            0.7769230000000003,
            1.9435368045865262,
            1.1113965303408113,
            "H",
            NaN,
            NaN,
            false
        ],
        [
            0.7769230000000003,
            4.336419426775598,
            0.4230350273123862,
            "H",
            NaN,
            NaN,
            false
        ],
        [
            0.7769230000000005,
            6.129224387153683,
            2.150917341646244,
            "H",
            NaN,
            NaN,
            false
        ],
        [
            0.7769230000000007,
            5.528994935128314,
            4.567766245556731,
            "H",
            NaN,
            NaN,
            false
        ],
        [
            2.3307680000000004,
            0.7901652447912095,
            6.727004007916529,
            "C",
            NaN,
            NaN,
            false
        ],
        [
            2.330768000000001,
            1.7972198017653476,
            7.6976003132580555,
            "C",
            NaN,
            NaN,
            false
        ],
        [
            2.330768000000001,
            1.4601190204222174,
            9.054957940144519,
            "C",
            NaN,
            NaN,
            false
        ],
        [
            2.330768000000001,
            0.1159845826956829,
            9.44163384994959,
            "C",
            NaN,
            NaN,
            false
        ],
        [
            2.3307680000000004,
            -0.8910677447522719,
            8.471037715526187,
            "C",
            NaN,
            NaN,
            false
        ],
        [
            2.3307680000000004,
            -0.5539674776816259,
            7.11368094626657,
            "C",
            NaN,
            NaN,
            false
        ],
        [
            2.3307680000000004,
            1.0532272704394732,
            5.667773597600703,
            "H",
            NaN,
            NaN,
            false
        ],
        [
            2.330768000000001,
            2.8460318874632,
            7.3956545400352285,
            "H",
            NaN,
            NaN,
            false
        ],
        [
            2.330768000000001,
            2.245804664964007,
            9.81250361486384,
            "H",
            NaN,
            NaN,
            false
        ],
        [
            2.330768000000001,
            -0.14707967247876041,
            10.500864089347292,
            "H",
            NaN,
            NaN,
            false
        ],
        [
            2.3307680000000004,
            -1.9398846328568453,
            8.772981775013434,
            "H",
            NaN,
            NaN,
            false
        ],
        [
            2.3307680000000004,
            -1.3396539798502634,
            6.356134757274766,
            "H",
            NaN,
            NaN,
            false
        ]
    ]
}