{
    "properties": {
        "Z": 2,
        "number_of_atoms_in_molecule": 12,
        "unit_cell_volume": 206.480545,
        "attempted_spg": 185,
        "attempted_wyckoff_position": "2a",
        "site_symmetry_group": "3m",
        "spg": 191,
        "lattice_vector_a": [
            5.838369,
            0.0,
            0.0
        ],
        "lattice_vector_b": [
            3.91299573889942e-16,
            6.390407,
            0.0
        ],
        "lattice_vector_c": [
            3.9129954664128734e-16,
            -3.195204,
            5.534254
        ],
        "cell_vol": 206.48054916104485,
        "a": 5.838369,
        "b": 6.390407,
        "c": 6.390406554995699,
        "alpha": 120.00000748001851,
        "beta": 90.0,
        "gamma": 90.0
    },
    "struct_id": "geometry_eaf6d60ef3",
    "input_ref": null,
    "geometry": [
        [
            1.555219,
            1.2112470000000006,
            0.6993150000000004,
            "C",
            NaN,
            NaN,
            false
        ],
        [
            1.555219,
            1.2112479999999999,
            -0.6993140000000002,
            "C",
            NaN,
            NaN,
            false
        ],
        [
            1.5552189999999997,
            0.0,
            -1.3986279999999995,
            "C",
            NaN,
            NaN,
            false
        ],
        [
            1.5552189999999997,
            -1.2112469999999997,
            -0.6993140000000002,
            "C",
            NaN,
            NaN,
            false
        ],
        [
            1.555219,
            -1.2112479999999999,
            0.6993150000000004,
            "C",
            NaN,
            NaN,
            false
        ],
        [
            1.555219,
            0.0,
            1.3986290000000006,
            "C",
            NaN,
            NaN,
            false
        ],
        [
            1.5552190000000001,
            2.156436,
            1.2450200000000002,
            "H",
            NaN,
            NaN,
            false
        ],
        [
            1.555219,
            2.156437,
            -1.245019,
            "H",
            NaN,
            NaN,
            false
        ],
        [
            1.5552189999999995,
            0.0,
            -2.490039,
            "H",
            NaN,
            NaN,
            false
        ],
        [
            1.5552189999999995,
            -2.156436,
            -1.245019,
            "H",
            NaN,
            NaN,
            false
        ],
        [
            1.555219,
            -2.156436999999999,
            1.2450200000000002,
            "H",
            NaN,
            NaN,
            false
        ],
        [
            1.5552190000000001,
            -9.999999996956888e-07,
            2.4900390000000003,
            "H",
            NaN,
            NaN,
            false
        ],
        [
            4.474404000000001,
            1.000000000139778e-06,
            1.3986290000000006,
            "C",
            NaN,
            NaN,
            false
        ],
        [
            4.474404000000001,
            1.211248,
            0.6993150000000004,
            "C",
            NaN,
            NaN,
            false
        ],
        [
            4.474404,
            1.2112490000000002,
            -0.6993130000000001,
            "C",
            NaN,
            NaN,
            false
        ],
        [
            4.474404,
            1.000000000139778e-06,
            -1.3986279999999995,
            "C",
            NaN,
            NaN,
            false
        ],
        [
            4.474404,
            -1.2112460000000005,
            -0.6993140000000002,
            "C",
            NaN,
            NaN,
            false
        ],
        [
            4.474404,
            -1.2112460000000005,
            0.6993150000000004,
            "C",
            NaN,
            NaN,
            false
        ],
        [
            4.474404000000001,
            1.000000000139778e-06,
            2.4900390000000003,
            "H",
            NaN,
            NaN,
            false
        ],
        [
            4.474404000000001,
            2.156438,
            1.2450200000000002,
            "H",
            NaN,
            NaN,
            false
        ],
        [
            4.474404,
            2.156438,
            -1.245019,
            "H",
            NaN,
            NaN,
            false
        ],
        [
            4.474404,
            1.000000000139778e-06,
            -2.490039,
            "H",
            NaN,
            NaN,
            false
        ],
        [
            4.474404,
            -2.1564349999999997,
            -1.245018,
            "H",
            NaN,
            NaN,
            false
        ],
        [
            4.474404,
            -2.1564349999999997,
            1.2450200000000002,
            "H",
            NaN,
            NaN,
            false
        ]
    ]
}