{
    "properties": {
        "Z": 2,
        "number_of_atoms_in_molecule": 12,
        "unit_cell_volume": 250.160858,
        "attempted_spg": 77,
        "attempted_wyckoff_position": "2c",
        "site_symmetry_group": "2",
        "spg": 84,
        "lattice_vector_a": [
            5.320562,
            0.0,
            0.0
        ],
        "lattice_vector_b": [
            0.0,
            5.320562,
            0.0
        ],
        "lattice_vector_c": [
            0.0,
            0.0,
            8.83699
        ],
        "cell_vol": 250.1608709394734
    },
    "struct_id": "geometry_285545dda3",
    "input_ref": null,
    "geometry": [
        [
            -0.4984,
            2.169718,
            7.291145,
            "C",
            NaN,
            NaN,
            false
        ],
        [
            0.498401,
            3.150842,
            7.291145,
            "C",
            NaN,
            NaN,
            false
        ],
        [
            0.996816,
            3.641419,
            6.079926,
            "C",
            NaN,
            NaN,
            false
        ],
        [
            0.498401,
            3.150842,
            4.868708,
            "C",
            NaN,
            NaN,
            false
        ],
        [
            -0.4984,
            2.169718,
            4.868708,
            "C",
            NaN,
            NaN,
            false
        ],
        [
            -0.996815,
            1.679141,
            6.079926,
            "C",
            NaN,
            NaN,
            false
        ],
        [
            -0.88727,
            1.786963,
            8.236371,
            "H",
            NaN,
            NaN,
            false
        ],
        [
            0.887271,
            3.533597,
            8.236371,
            "H",
            NaN,
            NaN,
            false
        ],
        [
            1.774652,
            4.407023,
            6.079926,
            "H",
            NaN,
            NaN,
            false
        ],
        [
            0.88727,
            3.533597,
            3.923482,
            "H",
            NaN,
            NaN,
            false
        ],
        [
            -0.88727,
            1.786963,
            3.923482,
            "H",
            NaN,
            NaN,
            false
        ],
        [
            -1.774651,
            0.913537,
            6.079926,
            "H",
            NaN,
            NaN,
            false
        ],
        [
            3.150844,
            -0.4984,
            2.87265,
            "C",
            NaN,
            NaN,
            false
        ],
        [
            2.16972,
            0.498401,
            2.87265,
            "C",
            NaN,
            NaN,
            false
        ],
        [
            1.679143,
            0.996816,
            1.661432,
            "C",
            NaN,
            NaN,
            false
        ],
        [
            2.16972,
            0.498401,
            0.450215,
            "C",
            NaN,
            NaN,
            false
        ],
        [
            3.150844,
            -0.4984,
            0.450215,
            "C",
            NaN,
            NaN,
            false
        ],
        [
            3.641421,
            -0.996815,
            1.661432,
            "C",
            NaN,
            NaN,
            false
        ],
        [
            3.533598,
            -0.88727,
            3.817877,
            "H",
            NaN,
            NaN,
            false
        ],
        [
            1.786965,
            0.887271,
            3.817877,
            "H",
            NaN,
            NaN,
            false
        ],
        [
            0.913539,
            1.774652,
            1.661431,
            "H",
            NaN,
            NaN,
            false
        ],
        [
            1.786965,
            0.88727,
            -0.495013,
            "H",
            NaN,
            NaN,
            false
        ],
        [
            3.533598,
            -0.88727,
            -0.495013,
            "H",
            NaN,
            NaN,
            false
        ],
        [
            4.407024,
            -1.774651,
            1.661431,
            "H",
            NaN,
            NaN,
            false
        ]
    ]
}