{
    "properties": {
        "Z": 2,
        "number_of_atoms_in_molecule": 12,
        "unit_cell_volume": 238.568344,
        "attempted_spg": 117,
        "attempted_wyckoff_position": "2c",
        "site_symmetry_group": "222",
        "spg": 127,
        "lattice_vector_a": [
            3.0194309999999995,
            0.0,
            0.0
        ],
        "lattice_vector_b": [
            5.442829418981488e-16,
            8.888815,
            0.0
        ],
        "lattice_vector_c": [
            5.442829418981488e-16,
            5.442829418981488e-16,
            8.888815
        ],
        "cell_vol": 238.56835967749208,
        "a": 3.019431,
        "b": 8.888815,
        "c": 8.888815,
        "alpha": 90.0,
        "beta": 90.0,
        "gamma": 90.0
    },
    "struct_id": "geometry_456698c667",
    "input_ref": null,
    "geometry": [
        [
            3.7702772378969854e-16,
            1.3509580000000003,
            4.806372,
            "C",
            NaN,
            NaN,
            false
        ],
        [
            2.7214150156524444e-16,
            0.9890090000000002,
            3.455399,
            "C",
            NaN,
            NaN,
            false
        ],
        [
            1.6725527934079032e-16,
            -0.36196399999999984,
            3.09345,
            "C",
            NaN,
            NaN,
            false
        ],
        [
            1.672552793407903e-16,
            -1.3509569999999997,
            4.082443,
            "C",
            NaN,
            NaN,
            false
        ],
        [
            2.7214150156524444e-16,
            -0.9890079999999997,
            5.433416,
            "C",
            NaN,
            NaN,
            false
        ],
        [
            3.7702766255735863e-16,
            0.36196400000000034,
            5.795365,
            "C",
            NaN,
            NaN,
            false
        ],
        [
            4.588801766923897e-16,
            2.4051590000000003,
            5.088923,
            "H",
            NaN,
            NaN,
            false
        ],
        [
            2.721414403329045e-16,
            1.7607520000000003,
            2.683655,
            "H",
            NaN,
            NaN,
            false
        ],
        [
            8.540276520575924e-17,
            -0.6445159999999999,
            2.039249,
            "H",
            NaN,
            NaN,
            false
        ],
        [
            8.540276520575924e-17,
            -2.4051579999999997,
            3.799891,
            "H",
            NaN,
            NaN,
            false
        ],
        [
            2.7214150156524444e-16,
            -1.7607519999999997,
            6.20516,
            "H",
            NaN,
            NaN,
            false
        ],
        [
            4.588802379247296e-16,
            0.6445170000000005,
            6.849566,
            "H",
            NaN,
            NaN,
            false
        ],
        [
            2.115830847414476e-16,
            4.806372,
            -1.3509579999999994,
            "C",
            NaN,
            NaN,
            false
        ],
        [
            1.5102283094745214e-16,
            3.455399,
            -0.9890089999999994,
            "C",
            NaN,
            NaN,
            false
        ],
        [
            2.1158302350910764e-16,
            3.09345,
            0.36196300000000114,
            "C",
            NaN,
            NaN,
            false
        ],
        [
            3.326997346920214e-16,
            4.082443,
            1.350956,
            "C",
            NaN,
            NaN,
            false
        ],
        [
            3.9326004971835703e-16,
            5.433416,
            0.9890080000000001,
            "C",
            NaN,
            NaN,
            false
        ],
        [
            3.3269979592436137e-16,
            5.795365,
            -0.36196499999999965,
            "C",
            NaN,
            NaN,
            false
        ],
        [
            1.6433314961334493e-16,
            5.088922999999999,
            -2.4051589999999994,
            "H",
            NaN,
            NaN,
            false
        ],
        [
            5.651144901133457e-17,
            2.683655,
            -1.7607529999999993,
            "H",
            NaN,
            NaN,
            false
        ],
        [
            1.6433321084568489e-16,
            2.039249,
            0.6445160000000012,
            "H",
            NaN,
            NaN,
            false
        ],
        [
            3.799496698201243e-16,
            3.7998910000000006,
            2.405158,
            "H",
            NaN,
            NaN,
            false
        ],
        [
            4.877714316544745e-16,
            6.20516,
            1.760752,
            "H",
            NaN,
            NaN,
            false
        ],
        [
            3.799496698201243e-16,
            6.849566,
            -0.6445169999999987,
            "H",
            NaN,
            NaN,
            false
        ]
    ]
}