{
    "properties": {
        "Z": 2,
        "number_of_atoms_in_molecule": 12,
        "unit_cell_volume": 226.212524,
        "attempted_spg": 149,
        "attempted_wyckoff_position": "2h",
        "site_symmetry_group": "3",
        "spg": 177,
        "lattice_vector_a": [
            6.022351,
            0.0,
            0.0
        ],
        "lattice_vector_b": [
            4.03265291602711e-16,
            6.585822,
            0.0
        ],
        "lattice_vector_c": [
            4.032652832876718e-16,
            -3.292911,
            5.703489
        ],
        "cell_vol": 226.21253191040276,
        "a": 6.022351,
        "b": 6.585822,
        "c": 6.585821864205105,
        "alpha": 120.00000068208024,
        "beta": 90.0,
        "gamma": 90.0
    },
    "struct_id": "geometry_5cea18d8e0",
    "input_ref": null,
    "geometry": [
        [
            1.5887210000000003,
            -1.043456,
            2.871004,
            "C",
            NaN,
            NaN,
            false
        ],
        [
            1.5887210000000005,
            -1.328277,
            4.240324,
            "C",
            NaN,
            NaN,
            false
        ],
        [
            1.5887210000000005,
            -0.28482199999999996,
            5.171646,
            "C",
            NaN,
            NaN,
            false
        ],
        [
            1.5887210000000007,
            1.043455,
            4.733648,
            "C",
            NaN,
            NaN,
            false
        ],
        [
            1.5887210000000005,
            1.328276,
            3.364328,
            "C",
            NaN,
            NaN,
            false
        ],
        [
            1.5887210000000003,
            0.284821,
            2.433006,
            "C",
            NaN,
            NaN,
            false
        ],
        [
            1.5887210000000003,
            -1.857709,
            2.144253,
            "H",
            NaN,
            NaN,
            false
        ],
        [
            1.5887210000000005,
            -2.364789,
            4.582113,
            "H",
            NaN,
            NaN,
            false
        ],
        [
            1.5887210000000007,
            -0.50708,
            6.240186,
            "H",
            NaN,
            NaN,
            false
        ],
        [
            1.5887210000000007,
            1.857708,
            5.4604,
            "H",
            NaN,
            NaN,
            false
        ],
        [
            1.5887210000000005,
            2.364788,
            3.022539,
            "H",
            NaN,
            NaN,
            false
        ],
        [
            1.5887210000000003,
            0.507079,
            1.364466,
            "H",
            NaN,
            NaN,
            false
        ],
        [
            4.433630000000001,
            0.28482100000000005,
            5.171646,
            "C",
            NaN,
            NaN,
            false
        ],
        [
            4.43363,
            -1.043456,
            4.733648,
            "C",
            NaN,
            NaN,
            false
        ],
        [
            4.43363,
            -1.328277,
            3.364328,
            "C",
            NaN,
            NaN,
            false
        ],
        [
            4.43363,
            -0.284821,
            2.433006,
            "C",
            NaN,
            NaN,
            false
        ],
        [
            4.43363,
            1.043455,
            2.871004,
            "C",
            NaN,
            NaN,
            false
        ],
        [
            4.433630000000001,
            1.328276,
            4.240324,
            "C",
            NaN,
            NaN,
            false
        ],
        [
            4.433630000000001,
            0.507078,
            6.240185,
            "H",
            NaN,
            NaN,
            false
        ],
        [
            4.433630000000001,
            -1.85771,
            5.460399,
            "H",
            NaN,
            NaN,
            false
        ],
        [
            4.43363,
            -2.364788,
            3.022539,
            "H",
            NaN,
            NaN,
            false
        ],
        [
            4.43363,
            -0.507079,
            1.364466,
            "H",
            NaN,
            NaN,
            false
        ],
        [
            4.43363,
            1.857709,
            2.144253,
            "H",
            NaN,
            NaN,
            false
        ],
        [
            4.433630000000001,
            2.364788,
            4.582113,
            "H",
            NaN,
            NaN,
            false
        ]
    ]
}