{
    "properties": {
        "Z": 2,
        "number_of_atoms_in_molecule": 12,
        "unit_cell_volume": 264.577637,
        "attempted_spg": 162,
        "attempted_wyckoff_position": "2e",
        "site_symmetry_group": "3m",
        "spg": 191,
        "lattice_vector_a": [
            6.714282,
            0.0,
            0.0
        ],
        "lattice_vector_b": [
            -3.357141,
            5.814739,
            0.0
        ],
        "lattice_vector_c": [
            0.0,
            0.0,
            6.776779
        ],
        "cell_vol": 264.5776327588253
    },
    "struct_id": "geometry_5b57023c48",
    "input_ref": null,
    "geometry": [
        [
            -1.2112479999999994,
            -0.699314,
            5.296706,
            "C",
            NaN,
            NaN,
            false
        ],
        [
            -1.2112479999999994,
            0.699314,
            5.296706,
            "C",
            NaN,
            NaN,
            false
        ],
        [
            1.000000000139778e-06,
            1.398629,
            5.296706,
            "C",
            NaN,
            NaN,
            false
        ],
        [
            1.2112470000000002,
            0.699315,
            5.296706,
            "C",
            NaN,
            NaN,
            false
        ],
        [
            1.2112470000000002,
            -0.699314,
            5.296706,
            "C",
            NaN,
            NaN,
            false
        ],
        [
            1.000000000139778e-06,
            -1.398628,
            5.296706,
            "C",
            NaN,
            NaN,
            false
        ],
        [
            -2.1564360000000002,
            -1.245019,
            5.296706,
            "H",
            NaN,
            NaN,
            false
        ],
        [
            -2.1564360000000002,
            1.24502,
            5.296706,
            "H",
            NaN,
            NaN,
            false
        ],
        [
            0.0,
            2.490039,
            5.296706,
            "H",
            NaN,
            NaN,
            false
        ],
        [
            2.1564369999999995,
            1.24502,
            5.296706,
            "H",
            NaN,
            NaN,
            false
        ],
        [
            2.156435000000001,
            -1.245019,
            5.296706,
            "H",
            NaN,
            NaN,
            false
        ],
        [
            0.0,
            -2.490038,
            5.296706,
            "H",
            NaN,
            NaN,
            false
        ],
        [
            1.2112469999999997,
            0.6993139999999993,
            1.480074,
            "C",
            NaN,
            NaN,
            false
        ],
        [
            1.2112469999999997,
            -0.6993140000000002,
            1.480074,
            "C",
            NaN,
            NaN,
            false
        ],
        [
            0.0,
            -1.3986280000000004,
            1.480074,
            "C",
            NaN,
            NaN,
            false
        ],
        [
            -1.2112479999999999,
            -0.6993150000000004,
            1.480074,
            "C",
            NaN,
            NaN,
            false
        ],
        [
            -1.2112479999999999,
            0.6993139999999993,
            1.480074,
            "C",
            NaN,
            NaN,
            false
        ],
        [
            0.0,
            1.3986279999999995,
            1.480074,
            "C",
            NaN,
            NaN,
            false
        ],
        [
            2.156437,
            1.245019,
            1.480074,
            "H",
            NaN,
            NaN,
            false
        ],
        [
            2.156437,
            -1.245019,
            1.480074,
            "H",
            NaN,
            NaN,
            false
        ],
        [
            0.0,
            -2.4900390000000003,
            1.480074,
            "H",
            NaN,
            NaN,
            false
        ],
        [
            -2.156437,
            -1.2450200000000002,
            1.480074,
            "H",
            NaN,
            NaN,
            false
        ],
        [
            -2.156436,
            1.2450199999999993,
            1.480074,
            "H",
            NaN,
            NaN,
            false
        ],
        [
            0.0,
            2.490037,
            1.480074,
            "H",
            NaN,
            NaN,
            false
        ]
    ]
}