{
    "properties": {
        "Z": 2,
        "number_of_atoms_in_molecule": 12,
        "unit_cell_volume": 256.104767,
        "attempted_spg": 38,
        "attempted_wyckoff_position": "2b",
        "site_symmetry_group": "mm2",
        "spg": 65,
        "lattice_vector_a": [
            3.118648,
            0.0,
            0.0
        ],
        "lattice_vector_b": [
            0.0,
            6.730907,
            0.0
        ],
        "lattice_vector_c": [
            0.0,
            0.0,
            12.200501
        ],
        "cell_vol": 256.1047384317356
    },
    "struct_id": "geometry_c51d87f110",
    "input_ref": null,
    "geometry": [
        [
            1.559324,
            0.0,
            7.803553,
            "C",
            NaN,
            NaN,
            false
        ],
        [
            1.559324,
            1.211306,
            7.1043,
            "C",
            NaN,
            NaN,
            false
        ],
        [
            1.559324,
            1.211306,
            5.705711,
            "C",
            NaN,
            NaN,
            false
        ],
        [
            1.559324,
            0.0,
            5.00646,
            "C",
            NaN,
            NaN,
            false
        ],
        [
            1.559324,
            -1.211306,
            5.705711,
            "C",
            NaN,
            NaN,
            false
        ],
        [
            1.559324,
            -1.211306,
            7.1043,
            "C",
            NaN,
            NaN,
            false
        ],
        [
            1.559324,
            0.0,
            8.89496,
            "H",
            NaN,
            NaN,
            false
        ],
        [
            1.559324,
            2.156418,
            7.650139,
            "H",
            NaN,
            NaN,
            false
        ],
        [
            1.559324,
            2.156418,
            5.159872,
            "H",
            NaN,
            NaN,
            false
        ],
        [
            1.559324,
            0.0,
            3.915052,
            "H",
            NaN,
            NaN,
            false
        ],
        [
            1.559324,
            -2.156418,
            5.159872,
            "H",
            NaN,
            NaN,
            false
        ],
        [
            1.559324,
            -2.156418,
            7.650139,
            "H",
            NaN,
            NaN,
            false
        ],
        [
            1.559324,
            3.365454,
            1.703301,
            "C",
            NaN,
            NaN,
            false
        ],
        [
            1.559324,
            4.576759,
            1.00405,
            "C",
            NaN,
            NaN,
            false
        ],
        [
            1.559324,
            4.576759,
            -0.39454,
            "C",
            NaN,
            NaN,
            false
        ],
        [
            1.559324,
            3.365454,
            -1.093791,
            "C",
            NaN,
            NaN,
            false
        ],
        [
            1.559324,
            2.154148,
            -0.39454,
            "C",
            NaN,
            NaN,
            false
        ],
        [
            1.559324,
            2.154148,
            1.00405,
            "C",
            NaN,
            NaN,
            false
        ],
        [
            1.559324,
            3.365454,
            2.79471,
            "H",
            NaN,
            NaN,
            false
        ],
        [
            1.559324,
            5.521872,
            1.54989,
            "H",
            NaN,
            NaN,
            false
        ],
        [
            1.559324,
            5.521872,
            -0.940378,
            "H",
            NaN,
            NaN,
            false
        ],
        [
            1.559324,
            3.365454,
            -2.185199,
            "H",
            NaN,
            NaN,
            false
        ],
        [
            1.559324,
            1.209035,
            -0.940378,
            "H",
            NaN,
            NaN,
            false
        ],
        [
            1.559324,
            1.209035,
            1.54989,
            "H",
            NaN,
            NaN,
            false
        ]
    ]
}