{
    "properties": {
        "Z": 2,
        "number_of_atoms_in_molecule": 12,
        "unit_cell_volume": 248.875107,
        "attempted_spg": 27,
        "attempted_wyckoff_position": "2d",
        "site_symmetry_group": "2",
        "spg": 49,
        "lattice_vector_a": [
            5.660363,
            0.0,
            0.0
        ],
        "lattice_vector_b": [
            4.043629425287868e-16,
            6.603748,
            0.0
        ],
        "lattice_vector_c": [
            4.0768761365911204e-16,
            4.0768761365911204e-16,
            6.658044
        ],
        "cell_vol": 248.87509367908584,
        "a": 5.660363,
        "b": 6.603748,
        "c": 6.658044,
        "alpha": 90.0,
        "beta": 90.0,
        "gamma": 90.0
    },
    "struct_id": "geometry_fa54b99081",
    "input_ref": null,
    "geometry": [
        [
            1.4565490000000005,
            3.688285,
            1.984917,
            "C",
            NaN,
            NaN,
            false
        ],
        [
            1.4565490000000003,
            2.330932,
            2.322271,
            "C",
            NaN,
            NaN,
            false
        ],
        [
            1.4565490000000005,
            1.9445100000000002,
            3.666419,
            "C",
            NaN,
            NaN,
            false
        ],
        [
            1.4565490000000005,
            2.9154640000000005,
            4.673128,
            "C",
            NaN,
            NaN,
            false
        ],
        [
            1.4565490000000005,
            4.272817,
            4.335773,
            "C",
            NaN,
            NaN,
            false
        ],
        [
            1.4565490000000005,
            4.659238,
            2.991626,
            "C",
            NaN,
            NaN,
            false
        ],
        [
            1.4565490000000003,
            3.989834,
            0.935993,
            "H",
            NaN,
            NaN,
            false
        ],
        [
            1.4565490000000003,
            1.573422,
            1.536551,
            "H",
            NaN,
            NaN,
            false
        ],
        [
            1.4565490000000003,
            0.8853750000000002,
            3.929881,
            "H",
            NaN,
            NaN,
            false
        ],
        [
            1.4565490000000005,
            2.6139140000000003,
            5.722051,
            "H",
            NaN,
            NaN,
            false
        ],
        [
            1.4565490000000008,
            5.030326,
            5.121493,
            "H",
            NaN,
            NaN,
            false
        ],
        [
            1.4565490000000005,
            5.718373,
            2.728164,
            "H",
            NaN,
            NaN,
            false
        ],
        [
            4.28673,
            2.915464,
            1.984917,
            "C",
            NaN,
            NaN,
            false
        ],
        [
            4.28673,
            4.272817,
            2.322271,
            "C",
            NaN,
            NaN,
            false
        ],
        [
            4.286730000000001,
            4.659238,
            3.666419,
            "C",
            NaN,
            NaN,
            false
        ],
        [
            4.286730000000001,
            3.6882850000000005,
            4.673128,
            "C",
            NaN,
            NaN,
            false
        ],
        [
            4.28673,
            2.3309320000000002,
            4.335773,
            "C",
            NaN,
            NaN,
            false
        ],
        [
            4.28673,
            1.9445100000000002,
            2.991626,
            "C",
            NaN,
            NaN,
            false
        ],
        [
            4.28673,
            2.613914,
            0.935993,
            "H",
            NaN,
            NaN,
            false
        ],
        [
            4.28673,
            5.030326,
            1.536551,
            "H",
            NaN,
            NaN,
            false
        ],
        [
            4.286730000000001,
            5.718373,
            3.929881,
            "H",
            NaN,
            NaN,
            false
        ],
        [
            4.286730000000001,
            3.9898340000000005,
            5.722051,
            "H",
            NaN,
            NaN,
            false
        ],
        [
            4.28673,
            1.5734220000000003,
            5.121493,
            "H",
            NaN,
            NaN,
            false
        ],
        [
            4.28673,
            0.8853750000000002,
            2.728164,
            "H",
            NaN,
            NaN,
            false
        ]
    ]
}