{
    "properties": {
        "Z": 2,
        "number_of_atoms_in_molecule": 12,
        "unit_cell_volume": 271.723145,
        "attempted_spg": 47,
        "attempted_wyckoff_position": "2n",
        "site_symmetry_group": "mm2",
        "spg": 47,
        "lattice_vector_a": [
            2.897014,
            0.0,
            0.0
        ],
        "lattice_vector_b": [
            4.419167366246404e-16,
            7.217048,
            0.0
        ],
        "lattice_vector_c": [
            7.957878590186214e-16,
            7.957878590186214e-16,
            12.996201999999998
        ],
        "cell_vol": 271.72315006795446,
        "a": 2.897014,
        "b": 7.217048,
        "c": 12.996202,
        "alpha": 90.0,
        "beta": 90.0,
        "gamma": 90.0
    },
    "struct_id": "geometry_81a95e4843",
    "input_ref": null,
    "geometry": [
        [
            1.448507,
            -1.3985469999999998,
            3.2224249999999994,
            "C",
            NaN,
            NaN,
            false
        ],
        [
            1.4485070000000002,
            -0.6992950000000002,
            4.433730999999999,
            "C",
            NaN,
            NaN,
            false
        ],
        [
            1.4485070000000002,
            0.6992940000000001,
            4.433730999999999,
            "C",
            NaN,
            NaN,
            false
        ],
        [
            1.4485070000000002,
            1.3985459999999996,
            3.2224249999999994,
            "C",
            NaN,
            NaN,
            false
        ],
        [
            1.4485070000000002,
            0.6992940000000001,
            2.0111189999999994,
            "C",
            NaN,
            NaN,
            false
        ],
        [
            1.448507,
            -0.6992950000000002,
            2.0111189999999994,
            "C",
            NaN,
            NaN,
            false
        ],
        [
            1.448507,
            -2.4899560000000003,
            3.2224249999999994,
            "H",
            NaN,
            NaN,
            false
        ],
        [
            1.4485070000000002,
            -1.2451350000000003,
            5.378843999999999,
            "H",
            NaN,
            NaN,
            false
        ],
        [
            1.4485070000000004,
            1.2451329999999992,
            5.378843999999999,
            "H",
            NaN,
            NaN,
            false
        ],
        [
            1.4485070000000004,
            2.489955,
            3.2224249999999994,
            "H",
            NaN,
            NaN,
            false
        ],
        [
            1.4485070000000002,
            1.2451329999999992,
            1.0660069999999997,
            "H",
            NaN,
            NaN,
            false
        ],
        [
            1.448507,
            -1.245133,
            1.0660069999999997,
            "H",
            NaN,
            NaN,
            false
        ],
        [
            1.4485070000000007,
            1.3985470000000007,
            9.773776999999999,
            "C",
            NaN,
            NaN,
            false
        ],
        [
            1.4485070000000007,
            0.6992950000000006,
            8.562469999999998,
            "C",
            NaN,
            NaN,
            false
        ],
        [
            1.4485070000000004,
            -0.6992939999999994,
            8.562469999999998,
            "C",
            NaN,
            NaN,
            false
        ],
        [
            1.4485070000000004,
            -1.3985459999999994,
            9.773776999999999,
            "C",
            NaN,
            NaN,
            false
        ],
        [
            1.4485070000000007,
            -0.6992939999999993,
            10.985081999999998,
            "C",
            NaN,
            NaN,
            false
        ],
        [
            1.4485070000000007,
            0.6992950000000007,
            10.985081999999998,
            "C",
            NaN,
            NaN,
            false
        ],
        [
            1.4485070000000007,
            2.4899560000000003,
            9.773776999999999,
            "H",
            NaN,
            NaN,
            false
        ],
        [
            1.4485070000000004,
            1.2451340000000004,
            7.617357999999999,
            "H",
            NaN,
            NaN,
            false
        ],
        [
            1.4485070000000004,
            -1.2451329999999996,
            7.617357999999999,
            "H",
            NaN,
            NaN,
            false
        ],
        [
            1.4485070000000004,
            -2.4899539999999996,
            9.773776999999999,
            "H",
            NaN,
            NaN,
            false
        ],
        [
            1.4485070000000007,
            -1.2451329999999994,
            11.930194999999998,
            "H",
            NaN,
            NaN,
            false
        ],
        [
            1.4485070000000009,
            1.2451340000000006,
            11.930194999999998,
            "H",
            NaN,
            NaN,
            false
        ]
    ]
}