{
    "properties": {
        "Z": 2,
        "number_of_atoms_in_molecule": 12,
        "unit_cell_volume": 196.38681,
        "attempted_spg": 159,
        "attempted_wyckoff_position": "2a",
        "site_symmetry_group": "3",
        "spg": 192,
        "lattice_vector_a": [
            5.720999,
            0.0,
            0.0
        ],
        "lattice_vector_b": [
            3.8551011737931277e-16,
            6.295857999999999,
            0.0
        ],
        "lattice_vector_c": [
            3.855101191494401e-16,
            -3.1479290000000004,
            5.452373000000001
        ],
        "cell_vol": 196.38682753711936,
        "a": 5.720999,
        "b": 6.295858,
        "c": 6.295858028908372,
        "alpha": 119.99999984810947,
        "beta": 90.0,
        "gamma": 90.0
    },
    "struct_id": "geometry_5d4b538517",
    "input_ref": null,
    "geometry": [
        [
            1.618522,
            1.337768,
            -0.40809099999999976,
            "C",
            NaN,
            NaN,
            false
        ],
        [
            1.6185219999999998,
            0.3154680000000005,
            -1.3625859999999994,
            "C",
            NaN,
            NaN,
            false
        ],
        [
            1.6185219999999998,
            -1.0222989999999994,
            -0.9544969999999999,
            "C",
            NaN,
            NaN,
            false
        ],
        [
            1.618522,
            -1.3377679999999996,
            0.40808800000000023,
            "C",
            NaN,
            NaN,
            false
        ],
        [
            1.618522,
            -0.31546699999999994,
            1.362584000000001,
            "C",
            NaN,
            NaN,
            false
        ],
        [
            1.618522,
            1.0223010000000001,
            0.9544950000000014,
            "C",
            NaN,
            NaN,
            false
        ],
        [
            1.618522,
            2.381687,
            -0.7265410000000001,
            "H",
            NaN,
            NaN,
            false
        ],
        [
            1.6185219999999998,
            0.5616420000000004,
            -2.4258719999999996,
            "H",
            NaN,
            NaN,
            false
        ],
        [
            1.6185219999999996,
            -1.8200449999999995,
            -1.6993319999999996,
            "H",
            NaN,
            NaN,
            false
        ],
        [
            1.6185219999999998,
            -2.3816859999999993,
            0.7265380000000015,
            "H",
            NaN,
            NaN,
            false
        ],
        [
            1.6185220000000002,
            -0.5616409999999998,
            2.4258690000000014,
            "H",
            NaN,
            NaN,
            false
        ],
        [
            1.6185220000000002,
            1.8200449999999997,
            1.6993290000000014,
            "H",
            NaN,
            NaN,
            false
        ],
        [
            4.479022,
            -1.0223009999999997,
            0.9544960000000002,
            "C",
            NaN,
            NaN,
            false
        ],
        [
            4.479022,
            -1.3377689999999998,
            -0.4080890000000001,
            "C",
            NaN,
            NaN,
            false
        ],
        [
            4.479022,
            -0.3154690000000002,
            -1.3625850000000002,
            "C",
            NaN,
            NaN,
            false
        ],
        [
            4.479022,
            1.0223000000000004,
            -0.9544960000000002,
            "C",
            NaN,
            NaN,
            false
        ],
        [
            4.4790220000000005,
            1.3377670000000004,
            0.4080900000000001,
            "C",
            NaN,
            NaN,
            false
        ],
        [
            4.4790220000000005,
            0.31546699999999994,
            1.3625860000000003,
            "C",
            NaN,
            NaN,
            false
        ],
        [
            4.4790220000000005,
            -1.8200459999999996,
            1.6993310000000004,
            "H",
            NaN,
            NaN,
            false
        ],
        [
            4.479022,
            -2.3816869999999994,
            -0.7265390000000002,
            "H",
            NaN,
            NaN,
            false
        ],
        [
            4.479022,
            -0.5616409999999998,
            -2.4258700000000006,
            "H",
            NaN,
            NaN,
            false
        ],
        [
            4.479022,
            1.8200449999999986,
            -1.6993300000000005,
            "H",
            NaN,
            NaN,
            false
        ],
        [
            4.4790220000000005,
            2.3816869999999994,
            0.7265400000000001,
            "H",
            NaN,
            NaN,
            false
        ],
        [
            4.4790220000000005,
            0.5616399999999997,
            2.4258710000000003,
            "H",
            NaN,
            NaN,
            false
        ]
    ]
}