{
    "properties": {
        "Z": 2,
        "number_of_atoms_in_molecule": 12,
        "unit_cell_volume": 249.612305,
        "attempted_spg": 90,
        "attempted_wyckoff_position": "2a",
        "site_symmetry_group": "222",
        "spg": 127,
        "lattice_vector_a": [
            3.058942,
            0.0,
            0.0
        ],
        "lattice_vector_b": [
            5.531312599513485e-16,
            9.033319,
            0.0
        ],
        "lattice_vector_c": [
            5.531312599513485e-16,
            5.531312599513485e-16,
            9.033319
        ],
        "cell_vol": 249.61227389504774,
        "a": 3.058942,
        "b": 9.033319,
        "c": 9.033319,
        "alpha": 90.0,
        "beta": 90.0,
        "gamma": 90.0
    },
    "struct_id": "geometry_97bc8cbd81",
    "input_ref": null,
    "geometry": [
        [
            6.055841682379675e-17,
            1.350957,
            -0.36196300000000114,
            "C",
            NaN,
            NaN,
            false
        ],
        [
            -6.055829435911703e-17,
            0.3619639999999999,
            -1.350956000000001,
            "C",
            NaN,
            NaN,
            false
        ],
        [
            -1.2111854815311264e-16,
            -0.9890090000000001,
            -0.9890070000000009,
            "C",
            NaN,
            NaN,
            false
        ],
        [
            -6.055835559145699e-17,
            -1.3509579999999999,
            0.36196499999999965,
            "C",
            NaN,
            NaN,
            false
        ],
        [
            6.05584780561368e-17,
            -0.36196399999999995,
            1.3509589999999996,
            "C",
            NaN,
            NaN,
            false
        ],
        [
            1.2111860938545244e-16,
            0.9890080000000001,
            0.9890089999999994,
            "C",
            NaN,
            NaN,
            false
        ],
        [
            1.078082294872196e-16,
            2.405158,
            -0.6445160000000012,
            "H",
            NaN,
            NaN,
            false
        ],
        [
            -1.078082294872197e-16,
            0.6445159999999999,
            -2.405158,
            "H",
            NaN,
            NaN,
            false
        ],
        [
            -2.156299300892301e-16,
            -1.760753,
            -1.7607510000000008,
            "H",
            NaN,
            NaN,
            false
        ],
        [
            -1.0780829071955975e-16,
            -2.405159,
            0.6445159999999994,
            "H",
            NaN,
            NaN,
            false
        ],
        [
            1.0780829071955965e-16,
            -0.6445159999999999,
            2.4051589999999994,
            "H",
            NaN,
            NaN,
            false
        ],
        [
            2.1562999132156992e-16,
            1.7607520000000003,
            1.7607529999999993,
            "H",
            NaN,
            NaN,
            false
        ],
        [
            6.580174821758027e-16,
            4.878624,
            5.867617,
            "C",
            NaN,
            NaN,
            false
        ],
        [
            6.580174821758027e-16,
            5.867617,
            4.878624,
            "C",
            NaN,
            NaN,
            false
        ],
        [
            5.531313211836884e-16,
            5.505668,
            3.527652,
            "C",
            NaN,
            NaN,
            false
        ],
        [
            4.482450989592343e-16,
            4.154696,
            3.165702,
            "C",
            NaN,
            NaN,
            false
        ],
        [
            4.482450989592343e-16,
            3.1657020000000005,
            4.154696,
            "C",
            NaN,
            NaN,
            false
        ],
        [
            5.531313211836884e-16,
            3.5276520000000002,
            5.505668,
            "C",
            NaN,
            NaN,
            false
        ],
        [
            7.398699963108337e-16,
            5.161176,
            6.921818,
            "H",
            NaN,
            NaN,
            false
        ],
        [
            7.398699963108337e-16,
            6.921818,
            5.161176,
            "H",
            NaN,
            NaN,
            false
        ],
        [
            5.531313211836884e-16,
            6.277412,
            2.755908,
            "H",
            NaN,
            NaN,
            false
        ],
        [
            3.663925848242032e-16,
            3.872144,
            2.111501,
            "H",
            NaN,
            NaN,
            false
        ],
        [
            3.663925848242032e-16,
            2.1115010000000005,
            3.872144,
            "H",
            NaN,
            NaN,
            false
        ],
        [
            5.531313211836884e-16,
            2.7559080000000002,
            6.277412,
            "H",
            NaN,
            NaN,
            false
        ]
    ]
}