{
    "properties": {
        "Z": 2,
        "number_of_atoms_in_molecule": 12,
        "unit_cell_volume": 229.523727,
        "attempted_spg": 164,
        "attempted_wyckoff_position": "2d",
        "site_symmetry_group": "3m",
        "spg": 164,
        "lattice_vector_a": [
            6.059441999999999,
            0.0,
            0.0
        ],
        "lattice_vector_b": [
            4.04960793872258e-16,
            6.613511653387858,
            0.0
        ],
        "lattice_vector_c": [
            4.04960824488433e-16,
            -3.3067549800817533,
            5.727470166200303
        ],
        "cell_vol": 229.52372926349364,
        "a": 6.059442,
        "b": 6.613511653387858,
        "c": 6.613512153387941,
        "alpha": 119.99998902984154,
        "beta": 90.0,
        "gamma": 90.0
    },
    "struct_id": "geometry_5a36cf5124",
    "input_ref": null,
    "geometry": [
        [
            4.433491999999999,
            2.0955084431737134,
            1.2098429644514535,
            "C",
            NaN,
            NaN,
            false
        ],
        [
            4.433491999999999,
            2.095508296272331,
            2.608470636709148,
            "C",
            NaN,
            NaN,
            false
        ],
        [
            4.433491999999999,
            3.3067555066548016,
            3.3077842723160082,
            "C",
            NaN,
            NaN,
            false
        ],
        [
            4.433491999999999,
            4.518002863938653,
            2.608470235665173,
            "C",
            NaN,
            NaN,
            false
        ],
        [
            4.433491999999999,
            4.518003010840035,
            1.2098425634074785,
            "C",
            NaN,
            NaN,
            false
        ],
        [
            4.433491999999999,
            3.306755800457565,
            0.5105289278006186,
            "C",
            NaN,
            NaN,
            false
        ],
        [
            4.433491999999999,
            1.150319533689169,
            0.6641378076740811,
            "H",
            NaN,
            NaN,
            false
        ],
        [
            4.433491999999999,
            1.1503195268403106,
            3.1541756653093818,
            "H",
            NaN,
            NaN,
            false
        ],
        [
            4.433491999999999,
            3.3067556467073254,
            4.399194457693614,
            "H",
            NaN,
            NaN,
            false
        ],
        [
            4.433491999999999,
            5.463191773423198,
            3.1541753924425455,
            "H",
            NaN,
            NaN,
            false
        ],
        [
            4.433491999999999,
            5.463191780272056,
            0.664137534807245,
            "H",
            NaN,
            NaN,
            false
        ],
        [
            4.433491999999999,
            3.306755660405041,
            -0.580881257576987,
            "H",
            NaN,
            NaN,
            false
        ],
        [
            1.6259500000000002,
            1.211246864106978,
            4.517626835723487,
            "C",
            NaN,
            NaN,
            false
        ],
        [
            1.6259500000000002,
            1.2112470110083595,
            3.1189991634657916,
            "C",
            NaN,
            NaN,
            false
        ],
        [
            1.62595,
            -1.9937411033232877e-07,
            2.419685527858932,
            "C",
            NaN,
            NaN,
            false
        ],
        [
            1.62595,
            -1.2112475566579624,
            3.1189995645097666,
            "C",
            NaN,
            NaN,
            false
        ],
        [
            1.6259500000000002,
            -1.2112468375339553,
            4.5176267367674345,
            "C",
            NaN,
            NaN,
            false
        ],
        [
            1.6259500000000002,
            3.728485147291849e-07,
            5.216940372374296,
            "C",
            NaN,
            NaN,
            false
        ],
        [
            1.6259500000000005,
            2.156435773591523,
            5.063331992500859,
            "H",
            NaN,
            NaN,
            false
        ],
        [
            1.6259500000000002,
            2.156436646465769,
            2.573293634865532,
            "H",
            NaN,
            NaN,
            false
        ],
        [
            1.62595,
            -3.3942663424380015e-07,
            1.328275342481326,
            "H",
            NaN,
            NaN,
            false
        ],
        [
            1.62595,
            -2.156436466142507,
            2.5732944077323943,
            "H",
            NaN,
            NaN,
            false
        ],
        [
            1.6259500000000002,
            -2.1564364729913645,
            5.063332265367695,
            "H",
            NaN,
            NaN,
            false
        ],
        [
            1.6259500000000005,
            -3.5312435020529165e-07,
            6.308351057751928,
            "H",
            NaN,
            NaN,
            false
        ]
    ]
}