{
    "properties": {
        "Z": 2,
        "number_of_atoms_in_molecule": 12,
        "unit_cell_volume": 213.785004,
        "attempted_spg": 188,
        "attempted_wyckoff_position": "2a",
        "site_symmetry_group": "32",
        "spg": 191,
        "lattice_vector_a": [
            5.798044,
            0.0,
            0.0
        ],
        "lattice_vector_b": [
            3.9954291642436266e-16,
            6.525031,
            0.0
        ],
        "lattice_vector_c": [
            3.995428995715147e-16,
            -3.262515999999999,
            5.650842
        ],
        "cell_vol": 213.7850100373854,
        "a": 5.798044,
        "b": 6.525031,
        "c": 6.525030724772106,
        "alpha": 120.00000646498113,
        "beta": 90.0,
        "gamma": 90.0
    },
    "struct_id": "geometry_98300c3f73",
    "input_ref": null,
    "geometry": [
        [
            -2.839596390442225e-23,
            -1.2112479999999999,
            0.699314,
            "C",
            NaN,
            NaN,
            false
        ],
        [
            1.4833504182543554e-16,
            3.349448362409044e-16,
            1.398628,
            "C",
            NaN,
            NaN,
            false
        ],
        [
            1.4833500898905949e-16,
            1.2112470000000002,
            0.699314,
            "C",
            NaN,
            NaN,
            false
        ],
        [
            -3.283637606500622e-23,
            1.2112469999999997,
            -0.699314,
            "C",
            NaN,
            NaN,
            false
        ],
        [
            -1.4833504182543554e-16,
            -3.349448362409044e-16,
            -1.398628,
            "C",
            NaN,
            NaN,
            false
        ],
        [
            -1.4833507022139944e-16,
            -1.2112480000000003,
            -0.699314,
            "C",
            NaN,
            NaN,
            false
        ],
        [
            2.726998038243045e-23,
            -2.1564359999999994,
            1.245019,
            "H",
            NaN,
            NaN,
            false
        ],
        [
            2.6408740509411056e-16,
            5.963170371882053e-16,
            2.490039,
            "H",
            NaN,
            NaN,
            false
        ],
        [
            2.640873329989325e-16,
            2.1564370000000004,
            1.245019,
            "H",
            NaN,
            NaN,
            false
        ],
        [
            -2.726998038243045e-23,
            2.1564359999999994,
            -1.245019,
            "H",
            NaN,
            NaN,
            false
        ],
        [
            -2.640872990365729e-16,
            -5.963167977072024e-16,
            -2.490038,
            "H",
            NaN,
            NaN,
            false
        ],
        [
            -2.640873329989325e-16,
            -2.1564370000000004,
            -1.245019,
            "H",
            NaN,
            NaN,
            false
        ],
        [
            2.899022,
            1.211249,
            0.6993150000000004,
            "C",
            NaN,
            NaN,
            false
        ],
        [
            2.899022,
            1.2112480000000003,
            -0.6993140000000002,
            "C",
            NaN,
            NaN,
            false
        ],
        [
            2.899022,
            9.999999996956888e-07,
            -1.3986279999999995,
            "C",
            NaN,
            NaN,
            false
        ],
        [
            2.899022,
            -1.2112470000000002,
            -0.6993140000000002,
            "C",
            NaN,
            NaN,
            false
        ],
        [
            2.899022,
            -1.2112469999999993,
            0.6993150000000004,
            "C",
            NaN,
            NaN,
            false
        ],
        [
            2.899022,
            1.0000000005838672e-06,
            1.3986280000000004,
            "C",
            NaN,
            NaN,
            false
        ],
        [
            2.899022,
            2.1564370000000004,
            1.245019,
            "H",
            NaN,
            NaN,
            false
        ],
        [
            2.899022,
            2.156437,
            -1.245019,
            "H",
            NaN,
            NaN,
            false
        ],
        [
            2.8990219999999995,
            9.999999996956888e-07,
            -2.4900379999999998,
            "H",
            NaN,
            NaN,
            false
        ],
        [
            2.8990219999999995,
            -2.156435,
            -1.245019,
            "H",
            NaN,
            NaN,
            false
        ],
        [
            2.899022,
            -2.156434999999999,
            1.245019,
            "H",
            NaN,
            NaN,
            false
        ],
        [
            2.899022,
            1.0000000005838672e-06,
            2.4900390000000003,
            "H",
            NaN,
            NaN,
            false
        ]
    ]
}