{
    "properties": {
        "Z": 2,
        "number_of_atoms_in_molecule": 12,
        "unit_cell_volume": 198.831512,
        "attempted_spg": 182,
        "attempted_wyckoff_position": "2c",
        "site_symmetry_group": "32",
        "spg": 194,
        "lattice_vector_a": [
            5.59088,
            0.0,
            0.0
        ],
        "lattice_vector_b": [
            3.923901218645827e-16,
            6.408217,
            0.0
        ],
        "lattice_vector_c": [
            3.923900992590519e-16,
            -3.2041090000000003,
            5.549677999999999
        ],
        "cell_vol": 198.83148957006,
        "a": 5.59088,
        "b": 6.408217,
        "c": 6.408216630823665,
        "alpha": 120.0000070677995,
        "beta": 90.0,
        "gamma": 90.0
    },
    "struct_id": "geometry_0180d91f91",
    "input_ref": null,
    "geometry": [
        [
            1.3977200000000005,
            1.2112479999999999,
            4.399099999999999,
            "C",
            NaN,
            NaN,
            false
        ],
        [
            1.3977200000000005,
            1.2112479999999999,
            3.000471999999999,
            "C",
            NaN,
            NaN,
            false
        ],
        [
            1.3977200000000003,
            -1.3158271445232465e-16,
            2.3011569999999995,
            "C",
            NaN,
            NaN,
            false
        ],
        [
            1.3977200000000003,
            -1.2112480000000003,
            3.000471999999999,
            "C",
            NaN,
            NaN,
            false
        ],
        [
            1.3977200000000005,
            -1.2112490000000002,
            4.399099999999999,
            "C",
            NaN,
            NaN,
            false
        ],
        [
            1.3977200000000005,
            -2.915329782025887e-16,
            5.098413999999999,
            "C",
            NaN,
            NaN,
            false
        ],
        [
            1.3977200000000007,
            2.1564359999999994,
            4.944805999999999,
            "H",
            NaN,
            NaN,
            false
        ],
        [
            1.3977200000000005,
            2.156437,
            2.4547659999999993,
            "H",
            NaN,
            NaN,
            false
        ],
        [
            1.3977200000000003,
            -6.917467780797067e-17,
            1.2097469999999997,
            "H",
            NaN,
            NaN,
            false
        ],
        [
            1.3977200000000003,
            -2.156437,
            2.4547659999999993,
            "H",
            NaN,
            NaN,
            false
        ],
        [
            1.3977200000000005,
            -2.1564380000000005,
            4.944804999999999,
            "H",
            NaN,
            NaN,
            false
        ],
        [
            1.3977200000000007,
            -1.000000000353941e-06,
            6.189824999999998,
            "H",
            NaN,
            NaN,
            false
        ],
        [
            4.193161000000001,
            3.204108,
            3.248521999999999,
            "C",
            NaN,
            NaN,
            false
        ],
        [
            4.193161000000001,
            4.415357,
            2.5492069999999996,
            "C",
            NaN,
            NaN,
            false
        ],
        [
            4.193161,
            4.415356,
            1.1505789999999998,
            "C",
            NaN,
            NaN,
            false
        ],
        [
            4.193161,
            3.204108,
            0.4512639999999999,
            "C",
            NaN,
            NaN,
            false
        ],
        [
            4.193161,
            1.99286,
            1.1505779999999999,
            "C",
            NaN,
            NaN,
            false
        ],
        [
            4.193161,
            1.9928599999999999,
            2.5492069999999996,
            "C",
            NaN,
            NaN,
            false
        ],
        [
            4.193161000000001,
            3.2041079999999997,
            4.339931999999999,
            "H",
            NaN,
            NaN,
            false
        ],
        [
            4.193161000000001,
            5.360546,
            3.094912999999999,
            "H",
            NaN,
            NaN,
            false
        ],
        [
            4.193161,
            5.360546,
            0.6048739999999999,
            "H",
            NaN,
            NaN,
            false
        ],
        [
            4.193161,
            3.204108,
            -0.6401459999999999,
            "H",
            NaN,
            NaN,
            false
        ],
        [
            4.193161,
            1.047672,
            0.6048739999999999,
            "H",
            NaN,
            NaN,
            false
        ],
        [
            4.193161,
            1.0476709999999998,
            3.094912999999999,
            "H",
            NaN,
            NaN,
            false
        ]
    ]
}