{
    "properties": {
        "Z": 2,
        "number_of_atoms_in_molecule": 12,
        "unit_cell_volume": 238.644913,
        "attempted_spg": 83,
        "attempted_wyckoff_position": "2e",
        "site_symmetry_group": "2/m",
        "spg": 83,
        "lattice_vector_a": [
            2.946831,
            0.0,
            0.0
        ],
        "lattice_vector_b": [
            5.510352157222679e-16,
            8.999088,
            0.0
        ],
        "lattice_vector_c": [
            5.510352157222679e-16,
            5.510352157222679e-16,
            8.999088
        ],
        "cell_vol": 238.64493827331307,
        "a": 2.946831,
        "b": 8.999088,
        "c": 8.999088,
        "alpha": 90.0,
        "beta": 90.0,
        "gamma": 90.0
    },
    "struct_id": "geometry_c573902423",
    "input_ref": null,
    "geometry": [
        [
            3.8041583162421978e-16,
            1.3507999999999996,
            4.861862,
            "C",
            NaN,
            NaN,
            false
        ],
        [
            2.755446725553951e-16,
            0.9892289999999999,
            3.510757,
            "C",
            NaN,
            NaN,
            false
        ],
        [
            1.7064332594297143e-16,
            -0.36161200000000093,
            3.148429,
            "C",
            NaN,
            NaN,
            false
        ],
        [
            1.7061950656272802e-16,
            -1.3507990000000003,
            4.137227,
            "C",
            NaN,
            NaN,
            false
        ],
        [
            2.7549060439921276e-16,
            -0.9892289999999999,
            5.488332,
            "C",
            NaN,
            NaN,
            false
        ],
        [
            3.803919510116361e-16,
            0.36161199999999916,
            5.85066,
            "C",
            NaN,
            NaN,
            false
        ],
        [
            4.622771019838645e-16,
            2.4049490000000002,
            5.144609,
            "H",
            NaN,
            NaN,
            false
        ],
        [
            2.7558226921212884e-16,
            1.7612799999999993,
            2.73932,
            "H",
            NaN,
            NaN,
            false
        ],
        [
            8.879956803255424e-17,
            -0.643968000000001,
            2.094175,
            "H",
            NaN,
            NaN,
            false
        ],
        [
            8.875829743542296e-17,
            -2.404947000000001,
            3.85448,
            "H",
            NaN,
            NaN,
            false
        ],
        [
            2.7545294651013894e-16,
            -1.7612810000000003,
            6.259769,
            "H",
            NaN,
            NaN,
            false
        ],
        [
            4.622356476897135e-16,
            0.643967,
            6.904914,
            "H",
            NaN,
            NaN,
            false
        ],
        [
            3.3604467372687255e-16,
            4.137226,
            1.3507999999999996,
            "C",
            NaN,
            NaN,
            false
        ],
        [
            3.9663615601424653e-16,
            5.488331,
            0.9892289999999999,
            "C",
            NaN,
            NaN,
            false
        ],
        [
            3.36107253178309e-16,
            5.85066,
            -0.36161200000000093,
            "C",
            NaN,
            NaN,
            false
        ],
        [
            2.149906032277351e-16,
            4.861862,
            -1.3507990000000003,
            "C",
            NaN,
            NaN,
            false
        ],
        [
            1.543989984756814e-16,
            3.510756,
            -0.9892289999999999,
            "C",
            NaN,
            NaN,
            false
        ],
        [
            2.1492796254395868e-16,
            3.148428,
            0.36161199999999916,
            "C",
            NaN,
            NaN,
            false
        ],
        [
            3.8327942323466586e-16,
            3.8544790000000004,
            2.4049490000000002,
            "H",
            NaN,
            NaN,
            false
        ],
        [
            4.911475991827038e-16,
            6.259769,
            1.7612799999999993,
            "H",
            NaN,
            NaN,
            false
        ],
        [
            3.833723126943812e-16,
            6.904913,
            -0.643968000000001,
            "H",
            NaN,
            NaN,
            false
        ],
        [
            1.6775585371994178e-16,
            5.144607999999999,
            -2.404947000000001,
            "H",
            NaN,
            NaN,
            false
        ],
        [
            5.988761653956383e-17,
            2.73932,
            -1.7612810000000003,
            "H",
            NaN,
            NaN,
            false
        ],
        [
            1.676627805632066e-16,
            2.094174,
            0.643967,
            "H",
            NaN,
            NaN,
            false
        ]
    ]
}