{
    "properties": {
        "Z": 2,
        "number_of_atoms_in_molecule": 12,
        "unit_cell_volume": 225.781189,
        "attempted_spg": 21,
        "attempted_wyckoff_position": "2a",
        "site_symmetry_group": "222",
        "spg": 65,
        "lattice_vector_a": [
            2.966029,
            0.0,
            0.0
        ],
        "lattice_vector_b": [
            4.540415971889585e-16,
            7.415061999999999,
            0.0
        ],
        "lattice_vector_c": [
            6.286058135564202e-16,
            6.286058135564202e-16,
            10.265912
        ],
        "cell_vol": 225.78116873361466,
        "a": 2.966029,
        "b": 7.415062,
        "c": 10.265912,
        "alpha": 90.0,
        "beta": 90.0,
        "gamma": 90.0
    },
    "struct_id": "geometry_4e02dfb78a",
    "input_ref": null,
    "geometry": [
        [
            -3.134440619779686e-17,
            -1.2112169999999995,
            0.699324,
            "C",
            NaN,
            NaN,
            false
        ],
        [
            -1.1698689601448915e-16,
            -1.2112169999999995,
            -0.699324,
            "C",
            NaN,
            NaN,
            false
        ],
        [
            -8.564371446349153e-17,
            1.000000000139778e-06,
            -1.398669,
            "C",
            NaN,
            NaN,
            false
        ],
        [
            3.134446743013672e-17,
            1.2112179999999997,
            -0.699324,
            "C",
            NaN,
            NaN,
            false
        ],
        [
            1.169869572468291e-16,
            1.2112179999999997,
            0.699324,
            "C",
            NaN,
            NaN,
            false
        ],
        [
            8.564383692817144e-17,
            1.000000000139778e-06,
            1.398669,
            "C",
            NaN,
            NaN,
            false
        ],
        [
            -5.581223692136146e-17,
            -2.1564449999999997,
            1.244962,
            "H",
            NaN,
            NaN,
            false
        ],
        [
            -2.0827610975737007e-16,
            -2.1564449999999997,
            -1.244962,
            "H",
            NaN,
            NaN,
            false
        ],
        [
            -1.524734250810421e-16,
            0.0,
            -2.49008,
            "H",
            NaN,
            NaN,
            false
        ],
        [
            5.581229815370132e-17,
            2.156446,
            -1.244962,
            "H",
            NaN,
            NaN,
            false
        ],
        [
            2.0827617098971002e-16,
            2.156446,
            1.244962,
            "H",
            NaN,
            NaN,
            false
        ],
        [
            1.5247342508104206e-16,
            0.0,
            2.49008,
            "H",
            NaN,
            NaN,
            false
        ],
        [
            5.099792991748925e-16,
            2.4963140000000004,
            5.83228,
            "C",
            NaN,
            NaN,
            false
        ],
        [
            4.243368093582002e-16,
            2.4963140000000004,
            4.433632,
            "C",
            NaN,
            NaN,
            false
        ],
        [
            4.556799909091978e-16,
            3.707531999999999,
            3.734287,
            "C",
            NaN,
            NaN,
            false
        ],
        [
            5.726681728028262e-16,
            4.918749,
            4.433632,
            "C",
            NaN,
            NaN,
            false
        ],
        [
            6.583106626195185e-16,
            4.918749,
            5.83228,
            "C",
            NaN,
            NaN,
            false
        ],
        [
            6.269675423008608e-16,
            3.707531999999999,
            6.531625,
            "C",
            NaN,
            NaN,
            false
        ],
        [
            4.85511529683668e-16,
            1.5510870000000005,
            6.377918,
            "H",
            NaN,
            NaN,
            false
        ],
        [
            3.330475956153193e-16,
            1.5510860000000004,
            3.887994,
            "H",
            NaN,
            NaN,
            false
        ],
        [
            3.888503415239873e-16,
            3.707531999999999,
            2.6428760000000002,
            "H",
            NaN,
            NaN,
            false
        ],
        [
            5.971359422940507e-16,
            5.863976,
            3.887994,
            "H",
            NaN,
            NaN,
            false
        ],
        [
            7.495998151300594e-16,
            5.863976,
            6.377918,
            "H",
            NaN,
            NaN,
            false
        ],
        [
            6.937971916860714e-16,
            3.7075319999999996,
            7.623036000000001,
            "H",
            NaN,
            NaN,
            false
        ]
    ]
}