{
    "properties": {
        "Z": 2,
        "number_of_atoms_in_molecule": 12,
        "unit_cell_volume": 244.217621,
        "attempted_spg": 193,
        "attempted_wyckoff_position": "2a",
        "site_symmetry_group": "-6m2",
        "spg": 191,
        "lattice_vector_a": [
            6.40638,
            0.0,
            0.0
        ],
        "lattice_vector_b": [
            4.062540421160301e-16,
            6.634632,
            0.0
        ],
        "lattice_vector_c": [
            4.062540497118086e-16,
            -3.317316000000001,
            5.74576
        ],
        "cell_vol": 244.2176322262108,
        "a": 6.40638,
        "b": 6.634632,
        "c": 6.634632124048476,
        "alpha": 119.99999938150444,
        "beta": 90.0,
        "gamma": 90.0
    },
    "struct_id": "geometry_9628f5d686",
    "input_ref": null,
    "geometry": [
        [
            1.601595,
            -1.211248,
            0.699314,
            "C",
            NaN,
            NaN,
            false
        ],
        [
            1.6015950000000003,
            -1.816225628463439e-16,
            1.398628,
            "C",
            NaN,
            NaN,
            false
        ],
        [
            1.6015950000000003,
            1.211247,
            0.699314,
            "C",
            NaN,
            NaN,
            false
        ],
        [
            1.601595,
            1.211247,
            -0.699314,
            "C",
            NaN,
            NaN,
            false
        ],
        [
            1.6015949999999999,
            1.816225628463439e-16,
            -1.398628,
            "C",
            NaN,
            NaN,
            false
        ],
        [
            1.6015949999999999,
            -1.211248,
            -0.699314,
            "C",
            NaN,
            NaN,
            false
        ],
        [
            1.601595,
            -2.156437,
            1.245019,
            "H",
            NaN,
            NaN,
            false
        ],
        [
            1.6015950000000003,
            -3.23350644179401e-16,
            2.490039,
            "H",
            NaN,
            NaN,
            false
        ],
        [
            1.6015950000000003,
            2.156436,
            1.245019,
            "H",
            NaN,
            NaN,
            false
        ],
        [
            1.601595,
            2.156436,
            -1.245019,
            "H",
            NaN,
            NaN,
            false
        ],
        [
            1.6015949999999999,
            3.233505143217385e-16,
            -2.490038,
            "H",
            NaN,
            NaN,
            false
        ],
        [
            1.6015949999999999,
            -2.156436,
            -1.245019,
            "H",
            NaN,
            NaN,
            false
        ],
        [
            4.804785,
            1.2112470000000002,
            -0.6993139999999993,
            "C",
            NaN,
            NaN,
            false
        ],
        [
            4.804785,
            4.440892098500626e-16,
            -1.3986279999999995,
            "C",
            NaN,
            NaN,
            false
        ],
        [
            4.804785,
            -1.2112470000000002,
            -0.6993139999999993,
            "C",
            NaN,
            NaN,
            false
        ],
        [
            4.804785,
            -1.2112470000000002,
            0.6993140000000002,
            "C",
            NaN,
            NaN,
            false
        ],
        [
            4.804785000000001,
            0.0,
            1.3986280000000004,
            "C",
            NaN,
            NaN,
            false
        ],
        [
            4.804785000000001,
            1.2112469999999997,
            0.6993140000000002,
            "C",
            NaN,
            NaN,
            false
        ],
        [
            4.804785,
            2.1564360000000002,
            -1.245019,
            "H",
            NaN,
            NaN,
            false
        ],
        [
            4.804785,
            4.440892098500626e-16,
            -2.4900379999999998,
            "H",
            NaN,
            NaN,
            false
        ],
        [
            4.804785,
            -2.1564370000000004,
            -1.245019,
            "H",
            NaN,
            NaN,
            false
        ],
        [
            4.804785,
            -2.1564379999999996,
            1.245018,
            "H",
            NaN,
            NaN,
            false
        ],
        [
            4.804785000000001,
            -1.000000000139778e-06,
            2.4900390000000003,
            "H",
            NaN,
            NaN,
            false
        ],
        [
            4.804785000000001,
            2.1564360000000002,
            1.245019,
            "H",
            NaN,
            NaN,
            false
        ]
    ]
}