{
    "properties": {
        "Z": 2,
        "number_of_atoms_in_molecule": 12,
        "unit_cell_volume": 202.913666,
        "attempted_spg": 176,
        "attempted_wyckoff_position": "2c",
        "site_symmetry_group": "-6",
        "spg": 176,
        "lattice_vector_a": [
            5.081404,
            0.0,
            0.0
        ],
        "lattice_vector_b": [
            4.1579508163116726e-16,
            6.790449,
            0.0
        ],
        "lattice_vector_c": [
            4.157950790631183e-16,
            -3.3952250000000004,
            5.880700999999998
        ],
        "cell_vol": 202.91367451244048,
        "a": 5.081404,
        "b": 6.790449,
        "c": 6.790448958060578,
        "alpha": 120.00000507581748,
        "beta": 90.0,
        "gamma": 90.0
    },
    "struct_id": "geometry_5c56527d3c",
    "input_ref": null,
    "geometry": [
        [
            1.2703510000000005,
            -0.33633600000000047,
            5.278052999999998,
            "C",
            NaN,
            NaN,
            false
        ],
        [
            1.2703510000000007,
            1.0075359999999995,
            4.890534999999998,
            "C",
            NaN,
            NaN,
            false
        ],
        [
            1.2703510000000005,
            1.3438709999999998,
            3.5329489999999986,
            "C",
            NaN,
            NaN,
            false
        ],
        [
            1.2703510000000002,
            0.3363349999999998,
            2.562880999999999,
            "C",
            NaN,
            NaN,
            false
        ],
        [
            1.2703510000000002,
            -1.0075360000000002,
            2.950398999999999,
            "C",
            NaN,
            NaN,
            false
        ],
        [
            1.2703510000000005,
            -1.3438720000000004,
            4.307984999999999,
            "C",
            NaN,
            NaN,
            false
        ],
        [
            1.2703510000000007,
            -0.5987940000000006,
            6.337436999999999,
            "H",
            NaN,
            NaN,
            false
        ],
        [
            1.2703510000000007,
            1.7937599999999996,
            5.647521999999999,
            "H",
            NaN,
            NaN,
            false
        ],
        [
            1.2703510000000005,
            2.3925529999999995,
            3.230552999999999,
            "H",
            NaN,
            NaN,
            false
        ],
        [
            1.2703510000000002,
            0.5987929999999999,
            1.5034979999999996,
            "H",
            NaN,
            NaN,
            false
        ],
        [
            1.2703510000000002,
            -1.7937600000000002,
            2.193412999999999,
            "H",
            NaN,
            NaN,
            false
        ],
        [
            1.2703510000000005,
            -2.3925530000000004,
            4.610381999999999,
            "H",
            NaN,
            NaN,
            false
        ],
        [
            3.8110540000000004,
            3.73156,
            0.6026479999999997,
            "C",
            NaN,
            NaN,
            false
        ],
        [
            3.8110540000000004,
            2.387688,
            0.9901659999999997,
            "C",
            NaN,
            NaN,
            false
        ],
        [
            3.8110540000000004,
            2.051353,
            2.3477509999999993,
            "C",
            NaN,
            NaN,
            false
        ],
        [
            3.8110540000000004,
            3.0588879999999996,
            3.3178199999999993,
            "C",
            NaN,
            NaN,
            false
        ],
        [
            3.8110540000000004,
            4.40276,
            2.9303019999999993,
            "C",
            NaN,
            NaN,
            false
        ],
        [
            3.8110540000000004,
            4.739096,
            1.5727159999999996,
            "C",
            NaN,
            NaN,
            false
        ],
        [
            3.811054,
            3.994017,
            -0.45673499999999984,
            "H",
            NaN,
            NaN,
            false
        ],
        [
            3.811054,
            1.601464,
            0.23317899999999991,
            "H",
            NaN,
            NaN,
            false
        ],
        [
            3.8110540000000004,
            1.0026709999999999,
            2.6501479999999993,
            "H",
            NaN,
            NaN,
            false
        ],
        [
            3.8110540000000004,
            2.7964309999999997,
            4.377202999999998,
            "H",
            NaN,
            NaN,
            false
        ],
        [
            3.811054000000001,
            5.188983,
            3.6872889999999985,
            "H",
            NaN,
            NaN,
            false
        ],
        [
            3.8110540000000004,
            5.787777,
            1.2703189999999995,
            "H",
            NaN,
            NaN,
            false
        ]
    ]
}