{
    "properties": {
        "Z": 2,
        "number_of_atoms_in_molecule": 12,
        "unit_cell_volume": 246.082489,
        "attempted_spg": 113,
        "attempted_wyckoff_position": "2c",
        "site_symmetry_group": "mm2",
        "spg": 113,
        "lattice_vector_a": [
            2.9941719999999994,
            0.0,
            0.0
        ],
        "lattice_vector_b": [
            5.551148203719275e-16,
            9.065713,
            0.0
        ],
        "lattice_vector_c": [
            5.551148203719275e-16,
            5.551148203719275e-16,
            9.065713
        ],
        "cell_vol": 246.0824698720949,
        "a": 2.994172,
        "b": 9.065713,
        "c": 9.065713,
        "alpha": 90.0,
        "beta": 90.0,
        "gamma": 90.0
    },
    "struct_id": "geometry_6e2bf50880",
    "input_ref": null,
    "geometry": [
        [
            0.6586250000000001,
            -1.3509570000000002,
            4.170892,
            "C",
            NaN,
            NaN,
            false
        ],
        [
            0.6586250000000002,
            -0.9890090000000011,
            5.521864,
            "C",
            NaN,
            NaN,
            false
        ],
        [
            0.6586250000000002,
            0.3619639999999986,
            5.883813,
            "C",
            NaN,
            NaN,
            false
        ],
        [
            0.6586250000000002,
            1.3509569999999993,
            4.89482,
            "C",
            NaN,
            NaN,
            false
        ],
        [
            0.6586250000000002,
            0.9890080000000001,
            3.543848,
            "C",
            NaN,
            NaN,
            false
        ],
        [
            0.6586250000000001,
            -0.3619650000000014,
            3.181899,
            "C",
            NaN,
            NaN,
            false
        ],
        [
            0.658625,
            -2.4051590000000003,
            3.88834,
            "H",
            NaN,
            NaN,
            false
        ],
        [
            0.6586250000000002,
            -1.7607530000000002,
            6.293609,
            "H",
            NaN,
            NaN,
            false
        ],
        [
            0.6586250000000003,
            0.6445150000000002,
            6.938014,
            "H",
            NaN,
            NaN,
            false
        ],
        [
            0.6586250000000003,
            2.405158,
            5.177372,
            "H",
            NaN,
            NaN,
            false
        ],
        [
            0.6586250000000002,
            1.760752,
            2.772104,
            "H",
            NaN,
            NaN,
            false
        ],
        [
            0.658625,
            -0.6445170000000005,
            2.127698,
            "H",
            NaN,
            NaN,
            false
        ],
        [
            2.335547,
            4.170892,
            1.350957,
            "C",
            NaN,
            NaN,
            false
        ],
        [
            2.335547,
            5.521864,
            0.989009,
            "C",
            NaN,
            NaN,
            false
        ],
        [
            2.335547,
            5.883813,
            -0.361964,
            "C",
            NaN,
            NaN,
            false
        ],
        [
            2.3355469999999996,
            4.89482,
            -1.350957,
            "C",
            NaN,
            NaN,
            false
        ],
        [
            2.3355469999999996,
            3.543848,
            -0.989008,
            "C",
            NaN,
            NaN,
            false
        ],
        [
            2.3355469999999996,
            3.181899,
            0.361965,
            "C",
            NaN,
            NaN,
            false
        ],
        [
            2.335547,
            3.88834,
            2.405158,
            "H",
            NaN,
            NaN,
            false
        ],
        [
            2.335547,
            6.293609,
            1.760752,
            "H",
            NaN,
            NaN,
            false
        ],
        [
            2.335547,
            6.938014,
            -0.644516,
            "H",
            NaN,
            NaN,
            false
        ],
        [
            2.3355469999999996,
            5.177372,
            -2.405158,
            "H",
            NaN,
            NaN,
            false
        ],
        [
            2.3355469999999996,
            2.772104,
            -1.760752,
            "H",
            NaN,
            NaN,
            false
        ],
        [
            2.3355469999999996,
            2.127698,
            0.644516,
            "H",
            NaN,
            NaN,
            false
        ]
    ]
}