{
    "properties": {
        "Z": 2,
        "number_of_atoms_in_molecule": 12,
        "unit_cell_volume": 228.470123,
        "attempted_spg": 90,
        "attempted_wyckoff_position": "2a",
        "site_symmetry_group": "222",
        "spg": 127,
        "lattice_vector_a": [
            2.892147,
            0.0,
            0.0
        ],
        "lattice_vector_b": [
            5.442336498644832e-16,
            8.88801,
            0.0
        ],
        "lattice_vector_c": [
            5.442336498644832e-16,
            5.442336498644832e-16,
            8.88801
        ],
        "cell_vol": 228.4701318483078,
        "a": 2.892147,
        "b": 8.88801,
        "c": 8.88801,
        "alpha": 90.0,
        "beta": 90.0,
        "gamma": 90.0
    },
    "struct_id": "geometry_1b170c4fcb",
    "input_ref": null,
    "geometry": [
        [
            -1.211079549582998e-16,
            -0.9889209999999995,
            -0.988922,
            "C",
            NaN,
            NaN,
            false
        ],
        [
            -6.055578383317869e-17,
            -1.3509979999999997,
            0.362047,
            "C",
            NaN,
            NaN,
            false
        ],
        [
            6.055596753019856e-17,
            -0.36204500000000017,
            1.350999,
            "C",
            NaN,
            NaN,
            false
        ],
        [
            1.2110813865531988e-16,
            0.9889240000000008,
            0.988922,
            "C",
            NaN,
            NaN,
            false
        ],
        [
            6.055596753019866e-17,
            1.3510010000000001,
            -0.362047,
            "C",
            NaN,
            NaN,
            false
        ],
        [
            -6.055578383317869e-17,
            0.3620479999999997,
            -1.350999,
            "C",
            NaN,
            NaN,
            false
        ],
        [
            -2.1561909196505745e-16,
            -1.7606629999999992,
            -1.760664,
            "H",
            NaN,
            NaN,
            false
        ],
        [
            -1.0782304771348932e-16,
            -2.4052599999999993,
            0.644376,
            "H",
            NaN,
            NaN,
            false
        ],
        [
            1.0782317017816933e-16,
            -0.6443750000000001,
            2.405261,
            "H",
            NaN,
            NaN,
            false
        ],
        [
            2.1561927566207752e-16,
            1.7606660000000005,
            1.760664,
            "H",
            NaN,
            NaN,
            false
        ],
        [
            1.0782323141050919e-16,
            2.4052629999999997,
            -0.644376,
            "H",
            NaN,
            NaN,
            false
        ],
        [
            -1.0782298648114936e-16,
            0.6443779999999997,
            -2.405261,
            "H",
            NaN,
            NaN,
            false
        ],
        [
            5.442336498644833e-16,
            5.432927,
            3.455083,
            "C",
            NaN,
            NaN,
            false
        ],
        [
            4.3933983482987444e-16,
            4.081958,
            3.093006,
            "C",
            NaN,
            NaN,
            false
        ],
        [
            4.3933983482987444e-16,
            3.0930060000000004,
            4.081958,
            "C",
            NaN,
            NaN,
            false
        ],
        [
            5.442336498644833e-16,
            3.4550830000000006,
            5.432927,
            "C",
            NaN,
            NaN,
            false
        ],
        [
            6.491274648990921e-16,
            4.806052,
            5.795004,
            "C",
            NaN,
            NaN,
            false
        ],
        [
            6.491274648990921e-16,
            5.795004,
            4.806052,
            "C",
            NaN,
            NaN,
            false
        ],
        [
            5.442336498644833e-16,
            6.204669,
            2.683341,
            "H",
            NaN,
            NaN,
            false
        ],
        [
            3.574973015662564e-16,
            3.79963,
            2.038744,
            "H",
            NaN,
            NaN,
            false
        ],
        [
            3.574973015662564e-16,
            2.0387440000000003,
            3.79963,
            "H",
            NaN,
            NaN,
            false
        ],
        [
            5.442336498644833e-16,
            2.6833410000000004,
            6.204669,
            "H",
            NaN,
            NaN,
            false
        ],
        [
            7.309701206273901e-16,
            5.088381,
            6.849267,
            "H",
            NaN,
            NaN,
            false
        ],
        [
            7.309701206273901e-16,
            6.849267,
            5.088381,
            "H",
            NaN,
            NaN,
            false
        ]
    ]
}