{
    "properties": {
        "Z": 2,
        "number_of_atoms_in_molecule": 12,
        "unit_cell_volume": 263.078278,
        "attempted_spg": 6,
        "attempted_wyckoff_position": "2c",
        "site_symmetry_group": "1",
        "spg": 6,
        "lattice_vector_a": [
            3.153430464745496,
            0.0,
            0.0
        ],
        "lattice_vector_b": [
            -1.5226164884725029,
            5.469467745252152,
            0.0
        ],
        "lattice_vector_c": [
            9.339798817543869e-16,
            1.2295012149748877e-15,
            15.253048999999999
        ],
        "cell_vol": 263.0782776511363,
        "a": 3.1534304647454965,
        "b": 5.677449989856537,
        "c": 15.253049,
        "alpha": 90.0,
        "beta": 90.0,
        "gamma": 105.55639245611988
    },
    "struct_id": "geometry_686b1b1c0c",
    "input_ref": null,
    "geometry": [
        [
            1.5819717468428833,
            1.6459325359761487,
            2.6819589999999995,
            "C",
            NaN,
            NaN,
            false
        ],
        [
            1.7467866206685367,
            1.8764548624780173,
            4.0515989999999995,
            "C",
            NaN,
            NaN,
            false
        ],
        [
            1.8114841754818993,
            0.7977213619232362,
            4.939404999999999,
            "C",
            NaN,
            NaN,
            false
        ],
        [
            1.7113628167315709,
            -0.5114675197787083,
            4.457517999999999,
            "C",
            NaN,
            NaN,
            false
        ],
        [
            1.5465479429059177,
            -0.741989846280577,
            3.0878779999999995,
            "C",
            NaN,
            NaN,
            false
        ],
        [
            1.4818503880925549,
            0.3367436542742043,
            2.2000719999999996,
            "C",
            NaN,
            NaN,
            false
        ],
        [
            1.5314837726830186,
            2.4877379466520555,
            1.9891469999999998,
            "H",
            NaN,
            NaN,
            false
        ],
        [
            1.824893435557787,
            2.8981343706760905,
            4.427426999999999,
            "H",
            NaN,
            NaN,
            false
        ],
        [
            1.9400912859471469,
            0.977388302059088,
            6.008215999999999,
            "H",
            NaN,
            NaN,
            false
        ],
        [
            1.7618507908914356,
            -1.3532729304546156,
            5.150329999999999,
            "H",
            NaN,
            NaN,
            false
        ],
        [
            1.4684411280166674,
            -1.7636693544786501,
            2.7120499999999996,
            "H",
            NaN,
            NaN,
            false
        ],
        [
            1.3532432776273078,
            0.15707671413835245,
            1.1312599999999997,
            "H",
            NaN,
            NaN,
            false
        ],
        [
            1.581971746842884,
            1.6459325359761496,
            12.571091999999998,
            "C",
            NaN,
            NaN,
            false
        ],
        [
            1.7467866206685372,
            1.8764548624780177,
            11.201450999999999,
            "C",
            NaN,
            NaN,
            false
        ],
        [
            1.8114841754818998,
            0.7977213619232366,
            10.313643999999998,
            "C",
            NaN,
            NaN,
            false
        ],
        [
            1.7113628167315713,
            -0.5114675197787079,
            10.795532999999999,
            "C",
            NaN,
            NaN,
            false
        ],
        [
            1.5465479429059183,
            -0.7419898462805761,
            12.165171999999998,
            "C",
            NaN,
            NaN,
            false
        ],
        [
            1.4818503880925555,
            0.33674365427420505,
            13.052977999999998,
            "C",
            NaN,
            NaN,
            false
        ],
        [
            1.5314837726830195,
            2.4877379466520564,
            13.263903999999998,
            "H",
            NaN,
            NaN,
            false
        ],
        [
            1.8248934355577875,
            2.898134370676091,
            10.825623999999998,
            "H",
            NaN,
            NaN,
            false
        ],
        [
            1.940091285947147,
            0.9773883020590882,
            9.244832999999998,
            "H",
            NaN,
            NaN,
            false
        ],
        [
            1.761850790891436,
            -1.3532729304546154,
            10.102719999999998,
            "H",
            NaN,
            NaN,
            false
        ],
        [
            1.468441128016668,
            -1.7636693544786493,
            12.540999999999999,
            "H",
            NaN,
            NaN,
            false
        ],
        [
            1.3532432776273084,
            0.15707671413835345,
            14.121789999999999,
            "H",
            NaN,
            NaN,
            false
        ]
    ]
}