{
    "properties": {
        "Z": 2,
        "number_of_atoms_in_molecule": 12,
        "unit_cell_volume": 262.213226,
        "attempted_spg": 75,
        "attempted_wyckoff_position": "2c",
        "site_symmetry_group": "2",
        "spg": 83,
        "lattice_vector_a": [
            3.003316,
            0.0,
            0.0
        ],
        "lattice_vector_b": [
            5.72147024357449e-16,
            9.34387,
            0.0
        ],
        "lattice_vector_c": [
            5.72147024357449e-16,
            5.721470243574489e-16,
            9.34387
        ],
        "cell_vol": 262.21323274890904,
        "a": 3.003316,
        "b": 9.34387,
        "c": 9.34387,
        "alpha": 90.0,
        "beta": 90.0,
        "gamma": 90.0
    },
    "struct_id": "geometry_bac3846dde",
    "input_ref": null,
    "geometry": [
        [
            0.9391960000000004,
            1.3468660000000001,
            4.295257,
            "C",
            NaN,
            NaN,
            false
        ],
        [
            0.9391960000000003,
            0.34720600000000024,
            3.317046,
            "C",
            NaN,
            NaN,
            false
        ],
        [
            0.9391960000000001,
            -0.9997009999999997,
            3.693736,
            "C",
            NaN,
            NaN,
            false
        ],
        [
            0.9391960000000003,
            -1.3468649999999998,
            5.048614,
            "C",
            NaN,
            NaN,
            false
        ],
        [
            0.9391960000000004,
            -0.3472049999999996,
            6.026824,
            "C",
            NaN,
            NaN,
            false
        ],
        [
            0.9391960000000005,
            0.9997010000000003,
            5.650136,
            "C",
            NaN,
            NaN,
            false
        ],
        [
            0.9391960000000005,
            2.3979430000000006,
            4.001303,
            "H",
            NaN,
            NaN,
            false
        ],
        [
            0.9391960000000003,
            0.6183220000000001,
            2.259845,
            "H",
            NaN,
            NaN,
            false
        ],
        [
            0.9391960000000001,
            -1.7799209999999999,
            2.930562,
            "H",
            NaN,
            NaN,
            false
        ],
        [
            0.9391960000000003,
            -2.3979429999999997,
            5.342567,
            "H",
            NaN,
            NaN,
            false
        ],
        [
            0.9391960000000005,
            -0.6183219999999996,
            7.084025,
            "H",
            NaN,
            NaN,
            false
        ],
        [
            0.9391960000000006,
            1.7799220000000004,
            6.413308,
            "H",
            NaN,
            NaN,
            false
        ],
        [
            0.9391960000000005,
            5.048614,
            1.346866,
            "C",
            NaN,
            NaN,
            false
        ],
        [
            0.9391960000000005,
            6.026824,
            0.347206,
            "C",
            NaN,
            NaN,
            false
        ],
        [
            0.9391960000000004,
            5.650135,
            -0.999701,
            "C",
            NaN,
            NaN,
            false
        ],
        [
            0.9391960000000003,
            4.295257,
            -1.346865,
            "C",
            NaN,
            NaN,
            false
        ],
        [
            0.9391960000000003,
            3.317046,
            -0.347205,
            "C",
            NaN,
            NaN,
            false
        ],
        [
            0.9391960000000004,
            3.693735,
            0.999701,
            "C",
            NaN,
            NaN,
            false
        ],
        [
            0.9391960000000005,
            5.342567,
            2.397943,
            "H",
            NaN,
            NaN,
            false
        ],
        [
            0.9391960000000005,
            7.084025,
            0.618322,
            "H",
            NaN,
            NaN,
            false
        ],
        [
            0.9391960000000004,
            6.413308,
            -1.779921,
            "H",
            NaN,
            NaN,
            false
        ],
        [
            0.9391960000000001,
            4.001302,
            -2.397943,
            "H",
            NaN,
            NaN,
            false
        ],
        [
            0.9391960000000001,
            2.259845,
            -0.618322,
            "H",
            NaN,
            NaN,
            false
        ],
        [
            0.9391960000000004,
            2.930562,
            1.779922,
            "H",
            NaN,
            NaN,
            false
        ]
    ]
}