{
    "properties": {
        "Z": 2,
        "number_of_atoms_in_molecule": 12,
        "unit_cell_volume": 236.357178,
        "attempted_spg": 118,
        "attempted_wyckoff_position": "2c",
        "site_symmetry_group": "222",
        "spg": 136,
        "lattice_vector_a": [
            3.341573,
            0.0,
            0.0
        ],
        "lattice_vector_b": [
            5.149793483587912e-16,
            8.410251,
            0.0
        ],
        "lattice_vector_c": [
            5.149793483587912e-16,
            5.149793483587912e-16,
            8.410251
        ],
        "cell_vol": 236.35721703154528,
        "a": 3.341573,
        "b": 8.410251,
        "c": 8.410251,
        "alpha": 90.0,
        "beta": 90.0,
        "gamma": 90.0
    },
    "struct_id": "geometry_c16b1839d9",
    "input_ref": null,
    "geometry": [
        [
            0.8353930000000003,
            0.9889220000000002,
            3.216204,
            "C",
            NaN,
            NaN,
            false
        ],
        [
            0.8353930000000002,
            -0.36204699999999984,
            2.854127,
            "C",
            NaN,
            NaN,
            false
        ],
        [
            0.8353930000000002,
            -1.3509989999999998,
            3.843079,
            "C",
            NaN,
            NaN,
            false
        ],
        [
            0.8353930000000003,
            -0.9889219999999996,
            5.194046,
            "C",
            NaN,
            NaN,
            false
        ],
        [
            0.8353930000000004,
            0.3620460000000003,
            5.556123,
            "C",
            NaN,
            NaN,
            false
        ],
        [
            0.8353930000000004,
            1.3509990000000003,
            4.567172,
            "C",
            NaN,
            NaN,
            false
        ],
        [
            0.8353930000000003,
            1.7606640000000002,
            2.444462,
            "H",
            NaN,
            NaN,
            false
        ],
        [
            0.8353930000000002,
            -0.6443759999999998,
            1.799864,
            "H",
            NaN,
            NaN,
            false
        ],
        [
            0.8353930000000002,
            -2.405261,
            3.56075,
            "H",
            NaN,
            NaN,
            false
        ],
        [
            0.8353930000000003,
            -1.7606639999999996,
            5.965789,
            "H",
            NaN,
            NaN,
            false
        ],
        [
            0.8353930000000005,
            0.6443760000000004,
            6.610386,
            "H",
            NaN,
            NaN,
            false
        ],
        [
            0.8353930000000005,
            2.4052610000000003,
            4.849501,
            "H",
            NaN,
            NaN,
            false
        ],
        [
            2.50618,
            3.216204,
            -0.988922,
            "C",
            NaN,
            NaN,
            false
        ],
        [
            2.50618,
            2.854127,
            0.362046,
            "C",
            NaN,
            NaN,
            false
        ],
        [
            2.5061800000000005,
            3.843079,
            1.350999,
            "C",
            NaN,
            NaN,
            false
        ],
        [
            2.5061800000000005,
            5.194046,
            0.988922,
            "C",
            NaN,
            NaN,
            false
        ],
        [
            2.5061800000000005,
            5.556123,
            -0.362047,
            "C",
            NaN,
            NaN,
            false
        ],
        [
            2.50618,
            4.567172,
            -1.350999,
            "C",
            NaN,
            NaN,
            false
        ],
        [
            2.50618,
            2.444462,
            -1.760664,
            "H",
            NaN,
            NaN,
            false
        ],
        [
            2.50618,
            1.799864,
            0.644376,
            "H",
            NaN,
            NaN,
            false
        ],
        [
            2.5061800000000005,
            3.56075,
            2.405261,
            "H",
            NaN,
            NaN,
            false
        ],
        [
            2.5061800000000005,
            5.965789,
            1.760664,
            "H",
            NaN,
            NaN,
            false
        ],
        [
            2.5061800000000005,
            6.610386,
            -0.644376,
            "H",
            NaN,
            NaN,
            false
        ],
        [
            2.50618,
            4.849501,
            -2.405261,
            "H",
            NaN,
            NaN,
            false
        ]
    ]
}