{
    "properties": {
        "Z": 2,
        "number_of_atoms_in_molecule": 12,
        "unit_cell_volume": 207.802048,
        "attempted_spg": 192,
        "attempted_wyckoff_position": "2b",
        "site_symmetry_group": "6/m",
        "spg": 192,
        "lattice_vector_a": [
            5.735211,
            0.0,
            0.0
        ],
        "lattice_vector_b": [
            3.9606436842372454e-16,
            6.468222,
            0.0
        ],
        "lattice_vector_c": [
            3.960643382335286e-16,
            -3.2341110000000004,
            5.601644
        ],
        "cell_vol": 207.80204744304947,
        "a": 5.735211,
        "b": 6.468222,
        "c": 6.468221506956684,
        "alpha": 120.00000252151875,
        "beta": 90.0,
        "gamma": 90.0
    },
    "struct_id": "geometry_fc66520936",
    "input_ref": null,
    "geometry": [
        [
            -1.6556627387837634e-16,
            -0.9862829999999999,
            -0.991668,
            "C",
            NaN,
            NaN,
            false
        ],
        [
            -4.4781499045111994e-17,
            -1.351952,
            0.358312,
            "C",
            NaN,
            NaN,
            false
        ],
        [
            1.2078477483326435e-16,
            -0.36566900000000013,
            1.34998,
            "C",
            NaN,
            NaN,
            false
        ],
        [
            1.6556621264603638e-16,
            0.9862819999999999,
            0.991668,
            "C",
            NaN,
            NaN,
            false
        ],
        [
            4.4781437812772025e-17,
            1.351951,
            -0.358312,
            "C",
            NaN,
            NaN,
            false
        ],
        [
            -1.2078477483326435e-16,
            0.36566900000000013,
            -1.34998,
            "C",
            NaN,
            NaN,
            false
        ],
        [
            -2.9476484133000104e-16,
            -1.7559219999999998,
            -1.76551,
            "H",
            NaN,
            NaN,
            false
        ],
        [
            -7.972643892054049e-17,
            -2.406938,
            0.637918,
            "H",
            NaN,
            NaN,
            false
        ],
        [
            2.1503840240946054e-16,
            -0.6510160000000003,
            2.403428,
            "H",
            NaN,
            NaN,
            false
        ],
        [
            2.9476484133000104e-16,
            1.7559219999999998,
            1.76551,
            "H",
            NaN,
            NaN,
            false
        ],
        [
            7.972643892054049e-17,
            2.406938,
            -0.637918,
            "H",
            NaN,
            NaN,
            false
        ],
        [
            -2.1503840240946054e-16,
            0.6510160000000003,
            -2.403428,
            "H",
            NaN,
            NaN,
            false
        ],
        [
            2.867605,
            0.365669,
            1.3499799999999995,
            "C",
            NaN,
            NaN,
            false
        ],
        [
            2.867605,
            -0.9862830000000002,
            0.9916679999999998,
            "C",
            NaN,
            NaN,
            false
        ],
        [
            2.867605,
            -1.3519510000000006,
            -0.3583110000000005,
            "C",
            NaN,
            NaN,
            false
        ],
        [
            2.867605,
            -0.365669,
            -1.3499800000000004,
            "C",
            NaN,
            NaN,
            false
        ],
        [
            2.867605,
            0.9862829999999998,
            -0.9916689999999999,
            "C",
            NaN,
            NaN,
            false
        ],
        [
            2.867605,
            1.351951,
            0.35831199999999974,
            "C",
            NaN,
            NaN,
            false
        ],
        [
            2.8676050000000006,
            0.6510159999999994,
            2.403428,
            "H",
            NaN,
            NaN,
            false
        ],
        [
            2.867605,
            -1.7559220000000009,
            1.765511,
            "H",
            NaN,
            NaN,
            false
        ],
        [
            2.8676049999999997,
            -2.406936999999999,
            -0.6379170000000007,
            "H",
            NaN,
            NaN,
            false
        ],
        [
            2.8676049999999997,
            -0.6510160000000003,
            -2.4034290000000005,
            "H",
            NaN,
            NaN,
            false
        ],
        [
            2.867605,
            1.755922,
            -1.7655100000000004,
            "H",
            NaN,
            NaN,
            false
        ],
        [
            2.867605,
            2.406938,
            0.637918,
            "H",
            NaN,
            NaN,
            false
        ]
    ]
}