{
    "properties": {
        "Z": 2,
        "number_of_atoms_in_molecule": 12,
        "unit_cell_volume": 212.592178,
        "attempted_spg": 35,
        "attempted_wyckoff_position": "2b",
        "site_symmetry_group": "mm2",
        "spg": 65,
        "lattice_vector_a": [
            2.89604,
            0.0,
            0.0
        ],
        "lattice_vector_b": [
            3.893735718689229e-16,
            6.358953,
            0.0
        ],
        "lattice_vector_c": [
            7.068674183469914e-16,
            7.068674183469912e-16,
            11.544021
        ],
        "cell_vol": 212.59217698063634,
        "a": 2.89604,
        "b": 6.358953,
        "c": 11.544021,
        "alpha": 90.0,
        "beta": 90.0,
        "gamma": 90.0
    },
    "struct_id": "geometry_ee5373c671",
    "input_ref": null,
    "geometry": [
        [
            0.5530680000000002,
            0.0,
            4.373465,
            "C",
            NaN,
            NaN,
            false
        ],
        [
            0.5530680000000002,
            -1.2113059999999995,
            5.072716,
            "C",
            NaN,
            NaN,
            false
        ],
        [
            0.5530680000000002,
            -1.2113059999999995,
            6.471304,
            "C",
            NaN,
            NaN,
            false
        ],
        [
            0.5530680000000003,
            0.0,
            7.170556,
            "C",
            NaN,
            NaN,
            false
        ],
        [
            0.5530680000000004,
            1.2113070000000006,
            6.471304,
            "C",
            NaN,
            NaN,
            false
        ],
        [
            0.5530680000000003,
            1.2113070000000006,
            5.072716,
            "C",
            NaN,
            NaN,
            false
        ],
        [
            0.5530680000000001,
            0.0,
            3.282056,
            "H",
            NaN,
            NaN,
            false
        ],
        [
            0.5530680000000001,
            -2.1564179999999995,
            4.526877,
            "H",
            NaN,
            NaN,
            false
        ],
        [
            0.5530680000000002,
            -2.1564179999999995,
            7.017143,
            "H",
            NaN,
            NaN,
            false
        ],
        [
            0.5530680000000004,
            8.881784197001252e-16,
            8.261965,
            "H",
            NaN,
            NaN,
            false
        ],
        [
            0.5530680000000006,
            2.1564180000000004,
            7.017143,
            "H",
            NaN,
            NaN,
            false
        ],
        [
            0.5530680000000003,
            2.1564180000000004,
            4.526878,
            "H",
            NaN,
            NaN,
            false
        ],
        [
            0.5530680000000001,
            3.179476,
            -1.398545,
            "C",
            NaN,
            NaN,
            false
        ],
        [
            0.5530680000000001,
            1.968171,
            -0.699295,
            "C",
            NaN,
            NaN,
            false
        ],
        [
            0.5530680000000001,
            1.968171,
            0.699295,
            "C",
            NaN,
            NaN,
            false
        ],
        [
            0.5530680000000003,
            3.179476,
            1.398546,
            "C",
            NaN,
            NaN,
            false
        ],
        [
            0.5530680000000003,
            4.390782,
            0.699295,
            "C",
            NaN,
            NaN,
            false
        ],
        [
            0.5530680000000002,
            4.390782,
            -0.699295,
            "C",
            NaN,
            NaN,
            false
        ],
        [
            0.553068,
            3.179477,
            -2.489954,
            "H",
            NaN,
            NaN,
            false
        ],
        [
            0.553068,
            1.023058,
            -1.245133,
            "H",
            NaN,
            NaN,
            false
        ],
        [
            0.5530680000000001,
            1.023058,
            1.245132,
            "H",
            NaN,
            NaN,
            false
        ],
        [
            0.5530680000000003,
            3.179477,
            2.489954,
            "H",
            NaN,
            NaN,
            false
        ],
        [
            0.5530680000000004,
            5.335895,
            1.245132,
            "H",
            NaN,
            NaN,
            false
        ],
        [
            0.5530680000000002,
            5.335895,
            -1.245133,
            "H",
            NaN,
            NaN,
            false
        ]
    ]
}