{
    "properties": {
        "Z": 2,
        "number_of_atoms_in_molecule": 12,
        "unit_cell_volume": 275.394531,
        "attempted_spg": 55,
        "attempted_wyckoff_position": "2a",
        "site_symmetry_group": "2/m",
        "spg": 55,
        "lattice_vector_a": [
            5.672188,
            0.0,
            0.0
        ],
        "lattice_vector_b": [
            0.0,
            6.506789,
            0.0
        ],
        "lattice_vector_c": [
            0.0,
            0.0,
            7.461703
        ],
        "cell_vol": 275.3945232781316
    },
    "struct_id": "geometry_a8deeef2bb",
    "input_ref": null,
    "geometry": [
        [
            1.139413,
            0.410838,
            0.699324,
            "C",
            NaN,
            NaN,
            false
        ],
        [
            0.0,
            0.0,
            1.398669,
            "C",
            NaN,
            NaN,
            false
        ],
        [
            -1.139413,
            -0.410838,
            0.699324,
            "C",
            NaN,
            NaN,
            false
        ],
        [
            -1.139413,
            -0.410838,
            -0.699324,
            "C",
            NaN,
            NaN,
            false
        ],
        [
            0.0,
            0.0,
            -1.398669,
            "C",
            NaN,
            NaN,
            false
        ],
        [
            1.139413,
            0.410838,
            -0.699324,
            "C",
            NaN,
            NaN,
            false
        ],
        [
            2.028604,
            0.731454,
            1.244962,
            "H",
            NaN,
            NaN,
            false
        ],
        [
            0.0,
            0.0,
            2.490081,
            "H",
            NaN,
            NaN,
            false
        ],
        [
            -2.028603,
            -0.731454,
            1.244962,
            "H",
            NaN,
            NaN,
            false
        ],
        [
            -2.028604,
            -0.731454,
            -1.244962,
            "H",
            NaN,
            NaN,
            false
        ],
        [
            0.0,
            0.0,
            -2.490081,
            "H",
            NaN,
            NaN,
            false
        ],
        [
            2.028603,
            0.731454,
            -1.244962,
            "H",
            NaN,
            NaN,
            false
        ],
        [
            3.975507,
            2.842556,
            -0.6993229999999997,
            "C",
            NaN,
            NaN,
            false
        ],
        [
            2.836094,
            3.253395,
            -1.398669,
            "C",
            NaN,
            NaN,
            false
        ],
        [
            1.696681,
            3.664233,
            -0.6993229999999997,
            "C",
            NaN,
            NaN,
            false
        ],
        [
            1.696681,
            3.664233,
            0.6993229999999997,
            "C",
            NaN,
            NaN,
            false
        ],
        [
            2.836094,
            3.253395,
            1.3986699999999992,
            "C",
            NaN,
            NaN,
            false
        ],
        [
            3.975507,
            2.842556,
            0.6993240000000007,
            "C",
            NaN,
            NaN,
            false
        ],
        [
            4.864697,
            2.521941,
            -1.2449620000000001,
            "H",
            NaN,
            NaN,
            false
        ],
        [
            2.836094,
            3.253395,
            -2.490081,
            "H",
            NaN,
            NaN,
            false
        ],
        [
            0.807491,
            3.984848,
            -1.244961,
            "H",
            NaN,
            NaN,
            false
        ],
        [
            0.807491,
            3.984848,
            1.2449619999999992,
            "H",
            NaN,
            NaN,
            false
        ],
        [
            2.836094,
            3.253395,
            2.4900800000000007,
            "H",
            NaN,
            NaN,
            false
        ],
        [
            4.864698,
            2.521941,
            1.2449619999999992,
            "H",
            NaN,
            NaN,
            false
        ]
    ]
}