{
    "properties": {
        "lattice_vector_a": [
            14.34501,
            0.0,
            0.0
        ],
        "lattice_vector_b": [
            0.0,
            4.877189,
            0.0
        ],
        "lattice_vector_c": [
            2.719009,
            0.0,
            3.124199
        ],
        "unit_cell_volume": 218.57934992947483,
        "cell_vol": 218.57934992947483,
        "spg": 4,
        "molecule_harris_info": [
            [
                64.35216134894291,
                -90.0943126776235,
                -148.77440937306437,
                14.114558838783426,
                0.6716265264660753,
                3.158804946559224,
                false
            ],
            [
                115.64773999629467,
                -89.90536813275052,
                31.225126792391166,
                2.94946108092653,
                3.1102207867389033,
                -0.03461453298780512,
                false
            ]
        ],
        "harris_energy": -16714.397598862
    },
    "struct_id": "target1_2mpc_fb3bc6841e",
    "input_ref": null,
    "geometry": [
        [
            15.91204833984375,
            0.4169670045375824,
            3.4908080101013184,
            "O",
            NaN,
            NaN,
            false
        ],
        [
            15.195305824279785,
            1.5662610530853271,
            3.771013021469116,
            "C",
            NaN,
            NaN,
            false
        ],
        [
            15.772313117980957,
            2.3623719215393066,
            4.223855018615723,
            "H",
            NaN,
            NaN,
            false
        ],
        [
            13.909347534179688,
            1.363821029663086,
            3.380920886993408,
            "C",
            NaN,
            NaN,
            false
        ],
        [
            12.43420696258545,
            1.6490980386734009,
            3.139878034591675,
            "C",
            NaN,
            NaN,
            false
        ],
        [
            12.220142364501953,
            2.4511120319366455,
            2.4216980934143066,
            "H",
            NaN,
            NaN,
            false
        ],
        [
            11.831597328186035,
            1.8155640363693237,
            4.0421061515808105,
            "H",
            NaN,
            NaN,
            false
        ],
        [
            12.33709716796875,
            0.18324799835681915,
            2.5409200191497803,
            "C",
            NaN,
            NaN,
            false
        ],
        [
            12.064922332763672,
            0.1401980072259903,
            1.4783430099487305,
            "H",
            NaN,
            NaN,
            false
        ],
        [
            11.680497169494629,
            -0.49594300985336304,
            3.099860906600952,
            "H",
            NaN,
            NaN,
            false
        ],
        [
            13.822733879089355,
            0.05060800164937973,
            2.842780113220215,
            "C",
            NaN,
            NaN,
            false
        ],
        [
            15.058473587036133,
            -0.5095720291137695,
            2.9203031063079834,
            "C",
            NaN,
            NaN,
            false
        ],
        [
            15.520225524902344,
            -1.453281044960022,
            2.659511089324951,
            "H",
            NaN,
            NaN,
            false
        ],
        [
            1.1519689559936523,
            2.8555610179901123,
            -0.36660799384117126,
            "O",
            NaN,
            NaN,
            false
        ],
        [
            1.8687130212783813,
            4.004855155944824,
            -0.6468139886856079,
            "C",
            NaN,
            NaN,
            false
        ],
        [
            1.2917050123214722,
            4.800967216491699,
            -1.0996559858322144,
            "H",
            NaN,
            NaN,
            false
        ],
        [
            3.154670000076294,
            3.802414894104004,
            -0.25672200322151184,
            "C",
            NaN,
            NaN,
            false
        ],
        [
            4.629811763763428,
            4.087691783905029,
            -0.015677999705076218,
            "C",
            NaN,
            NaN,
            false
        ],
        [
            4.843875885009766,
            4.889706134796143,
            0.7025009989738464,
            "H",
            NaN,
            NaN,
            false
        ],
        [
            5.232420921325684,
            4.254158020019531,
            -0.9179059863090515,
            "H",
            NaN,
            NaN,
            false
        ],
        [
            4.726922035217285,
            2.621843099594116,
            0.583279013633728,
            "C",
            NaN,
            NaN,
            false
        ],
        [
            4.999095916748047,
            2.578792095184326,
            1.6458560228347778,
            "H",
            NaN,
            NaN,
            false
        ],
        [
            5.38352108001709,
            1.9426510334014893,
            0.024337999522686005,
            "H",
            NaN,
            NaN,
            false
        ],
        [
            3.241283893585205,
            2.4892020225524902,
            0.2814190089702606,
            "C",
            NaN,
            NaN,
            false
        ],
        [
            2.005544900894165,
            1.929023027420044,
            0.20389600098133087,
            "C",
            NaN,
            NaN,
            false
        ],
        [
            1.5437920093536377,
            0.9853129982948303,
            0.4646880030632019,
            "H",
            NaN,
            NaN,
            false
        ]
    ]
}