{
    "properties": {
        "lattice_vector_a": [
            12.916627,
            0.0,
            0.0
        ],
        "lattice_vector_b": [
            0.0,
            5.345504,
            0.0
        ],
        "lattice_vector_c": [
            1.830741,
            0.0,
            3.364654
        ],
        "unit_cell_volume": 232.31550068277372,
        "cell_vol": 232.31550068277372,
        "spg": 3,
        "molecule_harris_info": [
            [
                94.11249973932696,
                -124.14181639253431,
                50.56528756750049,
                4.866304113509806,
                0.3559140217431048,
                3.186781111985762,
                false
            ],
            [
                85.88708787716591,
                -55.857921371125,
                -129.43416774416445,
                9.8810654193797,
                0.3559140217431048,
                0.17786395090057494,
                false
            ]
        ],
        "harris_energy": -16713.220337916
    },
    "struct_id": "target1_2mpc_c72b11302f",
    "input_ref": null,
    "geometry": [
        [
            3.2786900997161865,
            1.1956050395965576,
            2.76198410987854,
            "O",
            NaN,
            NaN,
            false
        ],
        [
            4.408658981323242,
            1.8145430088043213,
            3.26517391204834,
            "C",
            NaN,
            NaN,
            false
        ],
        [
            4.31553316116333,
            2.8835220336914062,
            3.4080350399017334,
            "H",
            NaN,
            NaN,
            false
        ],
        [
            5.361722946166992,
            0.8630719780921936,
            3.447413921356201,
            "C",
            NaN,
            NaN,
            false
        ],
        [
            6.701207160949707,
            0.24416999518871307,
            3.8192648887634277,
            "C",
            NaN,
            NaN,
            false
        ],
        [
            6.969123840332031,
            0.3029809892177582,
            4.882089138031006,
            "H",
            NaN,
            NaN,
            false
        ],
        [
            7.558781147003174,
            0.5796219706535339,
            3.221853017807007,
            "H",
            NaN,
            NaN,
            false
        ],
        [
            6.085721969604492,
            -1.1471740007400513,
            3.3695569038391113,
            "C",
            NaN,
            NaN,
            false
        ],
        [
            6.000961780548096,
            -1.8909599781036377,
            4.172427177429199,
            "H",
            NaN,
            NaN,
            false
        ],
        [
            6.587080001831055,
            -1.6122080087661743,
            2.510938882827759,
            "H",
            NaN,
            NaN,
            false
        ],
        [
            4.809535026550293,
            -0.38407498598098755,
            3.045742988586426,
            "C",
            NaN,
            NaN,
            false
        ],
        [
            3.5357139110565186,
            -0.15685099363327026,
            2.630284070968628,
            "C",
            NaN,
            NaN,
            false
        ],
        [
            2.7112650871276855,
            -0.7407699823379517,
            2.2415149211883545,
            "H",
            NaN,
            NaN,
            false
        ],
        [
            11.46867847442627,
            1.1956050395965576,
            0.6026700139045715,
            "O",
            NaN,
            NaN,
            false
        ],
        [
            10.338708877563477,
            1.8145430088043213,
            0.09948000311851501,
            "C",
            NaN,
            NaN,
            false
        ],
        [
            10.43183422088623,
            2.8835220336914062,
            -0.04338100180029869,
            "H",
            NaN,
            NaN,
            false
        ],
        [
            9.38564395904541,
            0.8630719780921936,
            -0.08275999873876572,
            "C",
            NaN,
            NaN,
            false
        ],
        [
            8.046160697937012,
            0.24416999518871307,
            -0.45461100339889526,
            "C",
            NaN,
            NaN,
            false
        ],
        [
            7.7782440185546875,
            0.3029809892177582,
            -1.517434000968933,
            "H",
            NaN,
            NaN,
            false
        ],
        [
            7.188587188720703,
            0.5796219706535339,
            0.14280100166797638,
            "H",
            NaN,
            NaN,
            false
        ],
        [
            8.66164493560791,
            -1.1471740007400513,
            -0.004902999848127365,
            "C",
            NaN,
            NaN,
            false
        ],
        [
            8.746406555175781,
            -1.8909599781036377,
            -0.8077729940414429,
            "H",
            NaN,
            NaN,
            false
        ],
        [
            8.160287857055664,
            -1.6122080087661743,
            0.8537150025367737,
            "H",
            NaN,
            NaN,
            false
        ],
        [
            9.937832832336426,
            -0.38407498598098755,
            0.31891098618507385,
            "C",
            NaN,
            NaN,
            false
        ],
        [
            11.211654663085938,
            -0.15685099363327026,
            0.7343699932098389,
            "C",
            NaN,
            NaN,
            false
        ],
        [
            12.036102294921875,
            -0.7407699823379517,
            1.1231390237808228,
            "H",
            NaN,
            NaN,
            false
        ]
    ]
}