{
    "properties": {
        "lattice_vector_a": [
            6.310201,
            0.0,
            0.0
        ],
        "lattice_vector_b": [
            0.0,
            2.880708,
            0.0
        ],
        "lattice_vector_c": [
            -12.565806,
            0.0,
            11.010557
        ],
        "unit_cell_volume": 200.14821505091294,
        "cell_vol": 200.14821505091294,
        "spg": 3,
        "molecule_harris_info": [
            [
                -37.49724847816594,
                -15.37572603447617,
                -55.75677948356584,
                -2.168294280767441,
                1.8787929311077645,
                2.717391318265111,
                false
            ],
            [
                -142.50319049523532,
                -164.6246157177913,
                124.24285092863946,
                -4.087309956550598,
                1.8787929311077645,
                8.293157039606507,
                false
            ]
        ],
        "harris_energy": -16701.336588054
    },
    "struct_id": "target1_2mpc_b766196751",
    "input_ref": null,
    "geometry": [
        [
            -0.48735299706459045,
            1.1206729412078857,
            2.641650915145874,
            "O",
            NaN,
            NaN,
            false
        ],
        [
            -1.0864670276641846,
            1.855638027191162,
            1.634672999382019,
            "C",
            NaN,
            NaN,
            false
        ],
        [
            -0.48692500591278076,
            1.9752620458602905,
            0.7413439750671387,
            "H",
            NaN,
            NaN,
            false
        ],
        [
            -2.3157958984375,
            2.238262891769409,
            2.069628953933716,
            "C",
            NaN,
            NaN,
            false
        ],
        [
            -3.6893279552459717,
            2.8930630683898926,
            2.0562539100646973,
            "C",
            NaN,
            NaN,
            false
        ],
        [
            -4.395126819610596,
            2.4934821128845215,
            1.3166500329971313,
            "H",
            NaN,
            NaN,
            false
        ],
        [
            -3.6898579597473145,
            3.9884819984436035,
            1.986111044883728,
            "H",
            NaN,
            NaN,
            false
        ],
        [
            -3.879702091217041,
            2.3243579864501953,
            3.5250051021575928,
            "C",
            NaN,
            NaN,
            false
        ],
        [
            -4.696457862854004,
            1.5988550186157227,
            3.6325039863586426,
            "H",
            NaN,
            NaN,
            false
        ],
        [
            -3.9871349334716797,
            3.092405080795288,
            4.30179500579834,
            "H",
            NaN,
            NaN,
            false
        ],
        [
            -2.4869179725646973,
            1.7272850275039673,
            3.3853979110717773,
            "C",
            NaN,
            NaN,
            false
        ],
        [
            -1.3569309711456299,
            1.0478299856185913,
            3.7145309448242188,
            "C",
            NaN,
            NaN,
            false
        ],
        [
            -0.9848889708518982,
            0.4902079999446869,
            4.564507007598877,
            "H",
            NaN,
            NaN,
            false
        ],
        [
            -5.768252849578857,
            1.1206729412078857,
            8.36890697479248,
            "O",
            NaN,
            NaN,
            false
        ],
        [
            -5.1691389083862305,
            1.855638027191162,
            9.375884056091309,
            "C",
            NaN,
            NaN,
            false
        ],
        [
            -5.768681049346924,
            1.9752620458602905,
            10.269213676452637,
            "H",
            NaN,
            NaN,
            false
        ],
        [
            -3.939810037612915,
            2.238262891769409,
            8.94092845916748,
            "C",
            NaN,
            NaN,
            false
        ],
        [
            -2.5662789344787598,
            2.8930630683898926,
            8.954303741455078,
            "C",
            NaN,
            NaN,
            false
        ],
        [
            -1.8604780435562134,
            2.4934821128845215,
            9.693906784057617,
            "H",
            NaN,
            NaN,
            false
        ],
        [
            -2.565747022628784,
            3.9884819984436035,
            9.024445533752441,
            "H",
            NaN,
            NaN,
            false
        ],
        [
            -2.375904083251953,
            2.3243579864501953,
            7.485551834106445,
            "C",
            NaN,
            NaN,
            false
        ],
        [
            -1.5591479539871216,
            1.5988550186157227,
            7.378053188323975,
            "H",
            NaN,
            NaN,
            false
        ],
        [
            -2.2684710025787354,
            3.092405080795288,
            6.708763122558594,
            "H",
            NaN,
            NaN,
            false
        ],
        [
            -3.7686879634857178,
            1.7272850275039673,
            7.625158786773682,
            "C",
            NaN,
            NaN,
            false
        ],
        [
            -4.898674011230469,
            1.0478299856185913,
            7.296026229858398,
            "C",
            NaN,
            NaN,
            false
        ],
        [
            -5.270718097686768,
            0.4902079999446869,
            6.44605016708374,
            "H",
            NaN,
            NaN,
            false
        ]
    ]
}