{
    "properties": {
        "lattice_vector_a": [
            4.881754,
            0.0,
            0.0
        ],
        "lattice_vector_b": [
            0.0,
            17.692198,
            0.0
        ],
        "lattice_vector_c": [
            -3.818796,
            0.0,
            3.211761
        ],
        "unit_cell_volume": 277.39645205615096,
        "cell_vol": 277.39645205615096,
        "spg": 6,
        "molecule_harris_info": [
            [
                -0.16636456930169635,
                -71.51784749571799,
                26.2484037744039,
                -0.22987992205518357,
                3.9748728072389645,
                0.23724589096580412,
                false
            ],
            [
                -4.424122662716691,
                -22.524203627151813,
                -145.66135506933713,
                -0.22987992205518357,
                13.71732140728768,
                0.23724589096580412,
                false
            ]
        ],
        "harris_energy": -17699.401524148
    },
    "struct_id": "target1_2mpc_ac1e2158a8",
    "input_ref": null,
    "geometry": [
        [
            0.2389249950647354,
            5.726334095001221,
            -0.1072240024805069,
            "O",
            NaN,
            NaN,
            false
        ],
        [
            0.8049460053443909,
            4.609618186950684,
            -0.6951709985733032,
            "C",
            NaN,
            NaN,
            false
        ],
        [
            1.5861220359802246,
            4.821403980255127,
            -1.4139950275421143,
            "H",
            NaN,
            NaN,
            false
        ],
        [
            0.1934940069913864,
            3.510063886642456,
            -0.18141500651836395,
            "C",
            NaN,
            NaN,
            false
        ],
        [
            -0.1368509978055954,
            2.0423619747161865,
            0.047175001353025436,
            "C",
            NaN,
            NaN,
            false
        ],
        [
            0.670386016368866,
            1.4395420551300049,
            0.4828459918498993,
            "H",
            NaN,
            NaN,
            false
        ],
        [
            -0.543953001499176,
            1.5088599920272827,
            -0.8214489817619324,
            "H",
            NaN,
            NaN,
            false
        ],
        [
            -1.225998044013977,
            2.5386340618133545,
            1.0885050296783447,
            "C",
            NaN,
            NaN,
            false
        ],
        [
            -1.0478709936141968,
            2.220088005065918,
            2.1237831115722656,
            "H",
            NaN,
            NaN,
            false
        ],
        [
            -2.2612531185150146,
            2.293454885482788,
            0.8183709979057312,
            "H",
            NaN,
            NaN,
            false
        ],
        [
            -0.7815870046615601,
            3.9548680782318115,
            0.7529259920120239,
            "C",
            NaN,
            NaN,
            false
        ],
        [
            -0.7363380193710327,
            5.312798976898193,
            0.7818160057067871,
            "C",
            NaN,
            NaN,
            false
        ],
        [
            -1.2470149993896484,
            6.113377094268799,
            1.301529049873352,
            "H",
            NaN,
            NaN,
            false
        ],
        [
            0.2389249950647354,
            11.965864181518555,
            -0.1072240024805069,
            "O",
            NaN,
            NaN,
            false
        ],
        [
            0.8049460053443909,
            13.082579612731934,
            -0.6951709985733032,
            "C",
            NaN,
            NaN,
            false
        ],
        [
            1.5861220359802246,
            12.870793342590332,
            -1.4139950275421143,
            "H",
            NaN,
            NaN,
            false
        ],
        [
            0.1934940069913864,
            14.182133674621582,
            -0.18141500651836395,
            "C",
            NaN,
            NaN,
            false
        ],
        [
            -0.1368509978055954,
            15.649835586547852,
            0.047175001353025436,
            "C",
            NaN,
            NaN,
            false
        ],
        [
            0.670386016368866,
            16.252656936645508,
            0.4828459918498993,
            "H",
            NaN,
            NaN,
            false
        ],
        [
            -0.543953001499176,
            16.183338165283203,
            -0.8214489817619324,
            "H",
            NaN,
            NaN,
            false
        ],
        [
            -1.225998044013977,
            15.153564453125,
            1.0885050296783447,
            "C",
            NaN,
            NaN,
            false
        ],
        [
            -1.0478709936141968,
            15.4721097946167,
            2.1237831115722656,
            "H",
            NaN,
            NaN,
            false
        ],
        [
            -2.2612531185150146,
            15.39874267578125,
            0.8183709979057312,
            "H",
            NaN,
            NaN,
            false
        ],
        [
            -0.7815870046615601,
            13.73732852935791,
            0.7529259920120239,
            "C",
            NaN,
            NaN,
            false
        ],
        [
            -0.7363380193710327,
            12.379399299621582,
            0.7818160057067871,
            "C",
            NaN,
            NaN,
            false
        ],
        [
            -1.2470149993896484,
            11.57882022857666,
            1.301529049873352,
            "H",
            NaN,
            NaN,
            false
        ]
    ]
}