{
    "properties": {
        "lattice_vector_a": [
            12.156745,
            0.0,
            0.0
        ],
        "lattice_vector_b": [
            0.0,
            3.338047,
            0.0
        ],
        "lattice_vector_c": [
            -7.181352,
            0.0,
            6.132651
        ],
        "unit_cell_volume": 248.8616662782572,
        "cell_vol": 248.8616662782572,
        "spg": 7,
        "molecule_harris_info": [
            [
                139.2404014622981,
                -133.47137087165908,
                -107.61276469159075,
                0.34530798322025763,
                0.6762981592340672,
                0.5987739367608694,
                false
            ],
            [
                141.59927628977064,
                -147.81471906504368,
                -80.82301932272622,
                -3.245368423614096,
                2.6617451918886066,
                3.665099528043511,
                false
            ]
        ],
        "harris_energy": -16830.652957136
    },
    "struct_id": "target1_2mpc_f0b86f609e",
    "input_ref": null,
    "geometry": [
        [
            1.475383996963501,
            1.1346269845962524,
            1.9840270280838013,
            "O",
            NaN,
            NaN,
            false
        ],
        [
            0.11136599630117416,
            0.9312580227851868,
            2.089900016784668,
            "C",
            NaN,
            NaN,
            false
        ],
        [
            -0.29119300842285156,
            1.0606310367584229,
            3.086397886276245,
            "H",
            NaN,
            NaN,
            false
        ],
        [
            -0.3617579936981201,
            0.6118599772453308,
            0.8566210269927979,
            "C",
            NaN,
            NaN,
            false
        ],
        [
            -1.3557310104370117,
            0.23307499289512634,
            -0.23152899742126465,
            "C",
            NaN,
            NaN,
            false
        ],
        [
            -2.1254239082336426,
            0.9846360087394714,
            -0.4496159851551056,
            "H",
            NaN,
            NaN,
            false
        ],
        [
            -1.8428750038146973,
            -0.7427269816398621,
            -0.10757499933242798,
            "H",
            NaN,
            NaN,
            false
        ],
        [
            -0.1269560009241104,
            0.2360610067844391,
            -1.235023021697998,
            "C",
            NaN,
            NaN,
            false
        ],
        [
            -0.1893869936466217,
            0.9876260161399841,
            -2.032680034637451,
            "H",
            NaN,
            NaN,
            false
        ],
        [
            0.0957460030913353,
            -0.7389820218086243,
            -1.687276005744934,
            "H",
            NaN,
            NaN,
            false
        ],
        [
            0.7393239736557007,
            0.6160069704055786,
            -0.042952001094818115,
            "C",
            NaN,
            NaN,
            false
        ],
        [
            1.8519179821014404,
            0.9378960132598877,
            0.6679480075836182,
            "C",
            NaN,
            NaN,
            false
        ],
        [
            2.9079039096832275,
            1.0730969905853271,
            0.47190600633621216,
            "H",
            NaN,
            NaN,
            false
        ],
        [
            -2.1152920722961426,
            2.2034199237823486,
            5.050352096557617,
            "O",
            NaN,
            NaN,
            false
        ],
        [
            -3.479310989379883,
            2.4067890644073486,
            5.15622615814209,
            "C",
            NaN,
            NaN,
            false
        ],
        [
            -3.8818700313568115,
            2.2774159908294678,
            6.152723789215088,
            "H",
            NaN,
            NaN,
            false
        ],
        [
            -3.9524340629577637,
            2.726186990737915,
            3.922945976257324,
            "C",
            NaN,
            NaN,
            false
        ],
        [
            -4.946406841278076,
            3.1049718856811523,
            2.834796905517578,
            "C",
            NaN,
            NaN,
            false
        ],
        [
            -5.716100215911865,
            2.3534109592437744,
            2.6167099475860596,
            "H",
            NaN,
            NaN,
            false
        ],
        [
            -5.433551788330078,
            4.080773830413818,
            2.9587509632110596,
            "H",
            NaN,
            NaN,
            false
        ],
        [
            -3.717633008956909,
            3.1019859313964844,
            1.8313020467758179,
            "C",
            NaN,
            NaN,
            false
        ],
        [
            -3.780064105987549,
            2.3504209518432617,
            1.0336459875106812,
            "H",
            NaN,
            NaN,
            false
        ],
        [
            -3.4949300289154053,
            4.077029228210449,
            1.3790500164031982,
            "H",
            NaN,
            NaN,
            false
        ],
        [
            -2.8513529300689697,
            2.7220399379730225,
            3.023374080657959,
            "C",
            NaN,
            NaN,
            false
        ],
        [
            -1.7387579679489136,
            2.400151014328003,
            3.734273910522461,
            "C",
            NaN,
            NaN,
            false
        ],
        [
            -0.6827729940414429,
            2.2649500370025635,
            3.5382320880889893,
            "H",
            NaN,
            NaN,
            false
        ]
    ]
}