{
    "properties": {
        "lattice_vector_a": [
            3.08114,
            0.0,
            0.0
        ],
        "lattice_vector_b": [
            0.0,
            14.232848,
            0.0
        ],
        "lattice_vector_c": [
            0.980374,
            0.0,
            4.568196
        ],
        "unit_cell_volume": 200.33091407160524,
        "cell_vol": 200.33091407160524,
        "spg": 6
    },
    "struct_id": "target1_2mpc_b9be42e6d7",
    "input_ref": null,
    "geometry": [
        [
            2.1639881134033203,
            1.816107988357544,
            0.8169140219688416,
            "O",
            NaN,
            NaN,
            false
        ],
        [
            2.8031210899353027,
            2.62631893157959,
            1.7378820180892944,
            "C",
            NaN,
            NaN,
            false
        ],
        [
            3.198378086090088,
            2.1077630519866943,
            2.6019809246063232,
            "H",
            NaN,
            NaN,
            false
        ],
        [
            2.753206968307495,
            3.904109001159668,
            1.2778810262680054,
            "C",
            NaN,
            NaN,
            false
        ],
        [
            2.9679179191589355,
            5.409955978393555,
            1.2348179817199707,
            "C",
            NaN,
            NaN,
            false
        ],
        [
            4.0142340660095215,
            5.735547065734863,
            1.1712000370025635,
            "H",
            NaN,
            NaN,
            false
        ],
        [
            2.470093011856079,
            5.981089115142822,
            2.0290729999542236,
            "H",
            NaN,
            NaN,
            false
        ],
        [
            2.1961069107055664,
            5.393675804138184,
            -0.15116100013256073,
            "C",
            NaN,
            NaN,
            false
        ],
        [
            2.7966830730438232,
            5.711949825286865,
            -1.0131419897079468,
            "H",
            NaN,
            NaN,
            false
        ],
        [
            1.2518279552459717,
            5.953286170959473,
            -0.15467900037765503,
            "H",
            NaN,
            NaN,
            false
        ],
        [
            2.0627710819244385,
            3.889219045639038,
            0.03501899912953377,
            "C",
            NaN,
            NaN,
            false
        ],
        [
            1.7117739915847778,
            2.6027050018310547,
            -0.22678500413894653,
            "C",
            NaN,
            NaN,
            false
        ],
        [
            1.1926690340042114,
            2.064953088760376,
            -1.009837031364441,
            "H",
            NaN,
            NaN,
            false
        ],
        [
            2.1639881134033203,
            12.416740417480469,
            0.8169140219688416,
            "O",
            NaN,
            NaN,
            false
        ],
        [
            2.8031210899353027,
            11.606529235839844,
            1.7378820180892944,
            "C",
            NaN,
            NaN,
            false
        ],
        [
            3.198378086090088,
            12.12508487701416,
            2.6019809246063232,
            "H",
            NaN,
            NaN,
            false
        ],
        [
            2.753206968307495,
            10.328739166259766,
            1.2778810262680054,
            "C",
            NaN,
            NaN,
            false
        ],
        [
            2.9679179191589355,
            8.822891235351562,
            1.2348179817199707,
            "C",
            NaN,
            NaN,
            false
        ],
        [
            4.0142340660095215,
            8.497302055358887,
            1.1712000370025635,
            "H",
            NaN,
            NaN,
            false
        ],
        [
            2.470093011856079,
            8.25175952911377,
            2.0290729999542236,
            "H",
            NaN,
            NaN,
            false
        ],
        [
            2.1961069107055664,
            8.83917236328125,
            -0.15116100013256073,
            "C",
            NaN,
            NaN,
            false
        ],
        [
            2.7966830730438232,
            8.52089786529541,
            -1.0131419897079468,
            "H",
            NaN,
            NaN,
            false
        ],
        [
            1.2518279552459717,
            8.279561996459961,
            -0.15467900037765503,
            "H",
            NaN,
            NaN,
            false
        ],
        [
            2.0627710819244385,
            10.343628883361816,
            0.03501899912953377,
            "C",
            NaN,
            NaN,
            false
        ],
        [
            1.7117739915847778,
            11.630143165588379,
            -0.22678500413894653,
            "C",
            NaN,
            NaN,
            false
        ],
        [
            1.1926690340042114,
            12.167895317077637,
            -1.009837031364441,
            "H",
            NaN,
            NaN,
            false
        ]
    ]
}