{
    "properties": {
        "lattice_vector_a": [
            15.693729,
            0.0,
            0.0
        ],
        "lattice_vector_b": [
            0.0,
            3.889223,
            0.0
        ],
        "lattice_vector_c": [
            -2.158721,
            0.0,
            4.425895
        ],
        "unit_cell_volume": 270.14074972640447,
        "cell_vol": 270.14074972640447,
        "spg": 3
    },
    "struct_id": "target1_2mpc_49557c1fd8",
    "input_ref": null,
    "geometry": [
        [
            11.120339393615723,
            2.7484290599823,
            0.2187650054693222,
            "O",
            NaN,
            NaN,
            false
        ],
        [
            9.943553924560547,
            2.0550570487976074,
            0.0007609999738633633,
            "C",
            NaN,
            NaN,
            false
        ],
        [
            9.466917991638184,
            2.2567880153656006,
            -0.94998699426651,
            "H",
            NaN,
            NaN,
            false
        ],
        [
            9.705741882324219,
            1.2797050476074219,
            1.0912259817123413,
            "C",
            NaN,
            NaN,
            false
        ],
        [
            9.00316333770752,
            0.2849479913711548,
            2.003570079803467,
            "C",
            NaN,
            NaN,
            false
        ],
        [
            8.936250686645508,
            -0.7412430047988892,
            1.6197919845581055,
            "H",
            NaN,
            NaN,
            false
        ],
        [
            8.011908531188965,
            0.5911250114440918,
            2.362078905105591,
            "H",
            NaN,
            NaN,
            false
        ],
        [
            10.183711051940918,
            0.5284050107002258,
            3.0350420475006104,
            "C",
            NaN,
            NaN,
            false
        ],
        [
            10.795756340026855,
            -0.35774099826812744,
            3.247519016265869,
            "H",
            NaN,
            NaN,
            false
        ],
        [
            9.872964859008789,
            0.9776269793510437,
            3.9871320724487305,
            "H",
            NaN,
            NaN,
            false
        ],
        [
            10.764592170715332,
            1.4968429803848267,
            2.0149760246276855,
            "C",
            NaN,
            NaN,
            false
        ],
        [
            11.617382049560547,
            2.3982889652252197,
            1.4608969688415527,
            "C",
            NaN,
            NaN,
            false
        ],
        [
            12.543787002563477,
            2.8869729042053223,
            1.7343499660491943,
            "H",
            NaN,
            NaN,
            false
        ],
        [
            2.4146690368652344,
            2.7484290599823,
            4.207129955291748,
            "O",
            NaN,
            NaN,
            false
        ],
        [
            3.591454029083252,
            2.0550570487976074,
            4.425135135650635,
            "C",
            NaN,
            NaN,
            false
        ],
        [
            4.068089962005615,
            2.2567880153656006,
            5.375883102416992,
            "H",
            NaN,
            NaN,
            false
        ],
        [
            3.82926607131958,
            1.2797050476074219,
            3.334670066833496,
            "C",
            NaN,
            NaN,
            false
        ],
        [
            4.5318450927734375,
            0.2849479913711548,
            2.4223248958587646,
            "C",
            NaN,
            NaN,
            false
        ],
        [
            4.598756790161133,
            -0.7412430047988892,
            2.806102991104126,
            "H",
            NaN,
            NaN,
            false
        ],
        [
            5.523098945617676,
            0.5911250114440918,
            2.0638160705566406,
            "H",
            NaN,
            NaN,
            false
        ],
        [
            3.351296901702881,
            0.5284050107002258,
            1.3908530473709106,
            "C",
            NaN,
            NaN,
            false
        ],
        [
            2.7392520904541016,
            -0.35774099826812744,
            1.1783759593963623,
            "H",
            NaN,
            NaN,
            false
        ],
        [
            3.6620430946350098,
            0.9776269793510437,
            0.43876299262046814,
            "H",
            NaN,
            NaN,
            false
        ],
        [
            2.770416021347046,
            1.4968429803848267,
            2.410918951034546,
            "C",
            NaN,
            NaN,
            false
        ],
        [
            1.9176260232925415,
            2.3982889652252197,
            2.9649980068206787,
            "C",
            NaN,
            NaN,
            false
        ],
        [
            0.9912199974060059,
            2.8869729042053223,
            2.691545009613037,
            "H",
            NaN,
            NaN,
            false
        ]
    ]
}