{
    "properties": {
        "lattice_vector_a": [
            8.516859,
            0.0,
            0.0
        ],
        "lattice_vector_b": [
            0.0,
            13.924541,
            0.0
        ],
        "lattice_vector_c": [
            -3.249958,
            0.0,
            2.896205
        ],
        "unit_cell_volume": 343.4706600043674,
        "cell_vol": 343.4706600043674,
        "spg": 4
    },
    "struct_id": "target1_2mpc_257ecae9f3",
    "input_ref": null,
    "geometry": [
        [
            -0.26554998755455017,
            7.369804859161377,
            0.44144999980926514,
            "O",
            NaN,
            NaN,
            false
        ],
        [
            -1.0901910066604614,
            6.5328569412231445,
            -0.28834500908851624,
            "C",
            NaN,
            NaN,
            false
        ],
        [
            -1.3883700370788574,
            6.9186811447143555,
            -1.254796028137207,
            "H",
            NaN,
            NaN,
            false
        ],
        [
            -1.3038309812545776,
            5.409862995147705,
            0.44655799865722656,
            "C",
            NaN,
            NaN,
            false
        ],
        [
            -1.8402600288391113,
            4.036358833312988,
            0.8223999738693237,
            "C",
            NaN,
            NaN,
            false
        ],
        [
            -1.4984519481658936,
            3.2071800231933594,
            0.18957899510860443,
            "H",
            NaN,
            NaN,
            false
        ],
        [
            -2.930372953414917,
            3.9685399532318115,
            0.9315639734268188,
            "H",
            NaN,
            NaN,
            false
        ],
        [
            -1.047569990158081,
            4.195336818695068,
            2.1874148845672607,
            "C",
            NaN,
            NaN,
            false
        ],
        [
            -0.2505339980125427,
            3.456620931625366,
            2.342439889907837,
            "H",
            NaN,
            NaN,
            false
        ],
        [
            -1.6813770532608032,
            4.221963882446289,
            3.083193063735962,
            "H",
            NaN,
            NaN,
            false
        ],
        [
            -0.5921720266342163,
            5.551792144775391,
            1.6692709922790527,
            "C",
            NaN,
            NaN,
            false
        ],
        [
            0.03483299911022186,
            6.757238864898682,
            1.6443949937820435,
            "C",
            NaN,
            NaN,
            false
        ],
        [
            0.6798459887504578,
            7.330364227294922,
            2.2980809211730957,
            "H",
            NaN,
            NaN,
            false
        ],
        [
            5.532451152801514,
            14.332074165344238,
            2.454756021499634,
            "O",
            NaN,
            NaN,
            false
        ],
        [
            6.357091903686523,
            13.495126724243164,
            3.1845510005950928,
            "C",
            NaN,
            NaN,
            false
        ],
        [
            6.655272006988525,
            13.880951881408691,
            4.1510009765625,
            "H",
            NaN,
            NaN,
            false
        ],
        [
            6.570732116699219,
            12.372135162353516,
            2.4496469497680664,
            "C",
            NaN,
            NaN,
            false
        ],
        [
            7.107161998748779,
            10.998629570007324,
            2.073805093765259,
            "C",
            NaN,
            NaN,
            false
        ],
        [
            6.765354156494141,
            10.169451713562012,
            2.7066268920898438,
            "H",
            NaN,
            NaN,
            false
        ],
        [
            8.197274208068848,
            10.93080997467041,
            1.9646409749984741,
            "H",
            NaN,
            NaN,
            false
        ],
        [
            6.314472198486328,
            11.157608032226562,
            0.7087900042533875,
            "C",
            NaN,
            NaN,
            false
        ],
        [
            5.517435073852539,
            10.418890953063965,
            0.5537649989128113,
            "H",
            NaN,
            NaN,
            false
        ],
        [
            6.948277950286865,
            11.184233665466309,
            -0.1869879961013794,
            "H",
            NaN,
            NaN,
            false
        ],
        [
            5.859074115753174,
            12.514063835144043,
            1.2269339561462402,
            "C",
            NaN,
            NaN,
            false
        ],
        [
            5.23206901550293,
            13.719510078430176,
            1.2518099546432495,
            "C",
            NaN,
            NaN,
            false
        ],
        [
            4.5870561599731445,
            14.292634010314941,
            0.5981240272521973,
            "H",
            NaN,
            NaN,
            false
        ]
    ]
}