{
    "properties": {
        "lattice_vector_a": [
            4.507766,
            0.0,
            0.0
        ],
        "lattice_vector_b": [
            0.0,
            6.018278,
            0.0
        ],
        "lattice_vector_c": [
            7.699745,
            0.0,
            7.985422
        ],
        "unit_cell_volume": 216.63642517471544,
        "cell_vol": 216.63642517471544,
        "spg": 7
    },
    "struct_id": "target1_2mpc_c4e6f7bb56",
    "input_ref": null,
    "geometry": [
        [
            7.125837802886963,
            3.4015300273895264,
            4.562995910644531,
            "O",
            NaN,
            NaN,
            false
        ],
        [
            6.284204006195068,
            2.507431983947754,
            3.9263229370117188,
            "C",
            NaN,
            NaN,
            false
        ],
        [
            5.981729030609131,
            2.7997119426727295,
            2.928886890411377,
            "H",
            NaN,
            NaN,
            false
        ],
        [
            6.063716888427734,
            1.4654840230941772,
            4.77046012878418,
            "C",
            NaN,
            NaN,
            false
        ],
        [
            5.514048099517822,
            0.14301300048828125,
            5.2847208976745605,
            "C",
            NaN,
            NaN,
            false
        ],
        [
            5.839725017547607,
            -0.7490710020065308,
            4.734307765960693,
            "H",
            NaN,
            NaN,
            false
        ],
        [
            4.424254894256592,
            0.1006229966878891,
            5.408902168273926,
            "H",
            NaN,
            NaN,
            false
        ],
        [
            6.321382999420166,
            0.42572999000549316,
            6.620824813842773,
            "C",
            NaN,
            NaN,
            false
        ],
        [
            7.1107258796691895,
            -0.3044370114803314,
            6.841721057891846,
            "H",
            NaN,
            NaN,
            false
        ],
        [
            5.696372032165527,
            0.5490859746932983,
            7.514685153961182,
            "H",
            NaN,
            NaN,
            false
        ],
        [
            6.788489818572998,
            1.7182329893112183,
            5.967309951782227,
            "C",
            NaN,
            NaN,
            false
        ],
        [
            7.429955005645752,
            2.9069879055023193,
            5.818179130554199,
            "C",
            NaN,
            NaN,
            false
        ],
        [
            8.08803939819336,
            3.5334110260009766,
            6.406682968139648,
            "H",
            NaN,
            NaN,
            false
        ],
        [
            3.2759668827056885,
            2.6167469024658203,
            0.5702840089797974,
            "O",
            NaN,
            NaN,
            false
        ],
        [
            2.434330940246582,
            3.5108449459075928,
            -0.06638800352811813,
            "C",
            NaN,
            NaN,
            false
        ],
        [
            2.1318559646606445,
            3.2185659408569336,
            -1.0638240575790405,
            "H",
            NaN,
            NaN,
            false
        ],
        [
            2.2138450145721436,
            4.552793979644775,
            0.7777490019798279,
            "C",
            NaN,
            NaN,
            false
        ],
        [
            1.66417396068573,
            5.875265121459961,
            1.2920089960098267,
            "C",
            NaN,
            NaN,
            false
        ],
        [
            1.989851951599121,
            6.767348766326904,
            0.7415969967842102,
            "H",
            NaN,
            NaN,
            false
        ],
        [
            0.5743820071220398,
            5.917654991149902,
            1.4161900281906128,
            "H",
            NaN,
            NaN,
            false
        ],
        [
            2.4715089797973633,
            5.59254789352417,
            2.6281139850616455,
            "C",
            NaN,
            NaN,
            false
        ],
        [
            3.2608540058135986,
            6.322713851928711,
            2.8490090370178223,
            "H",
            NaN,
            NaN,
            false
        ],
        [
            1.846500039100647,
            5.469192028045654,
            3.5219740867614746,
            "H",
            NaN,
            NaN,
            false
        ],
        [
            2.938616991043091,
            4.300045013427734,
            1.9745999574661255,
            "C",
            NaN,
            NaN,
            false
        ],
        [
            3.5800819396972656,
            3.1112890243530273,
            1.8254679441452026,
            "C",
            NaN,
            NaN,
            false
        ],
        [
            4.238165855407715,
            2.4848670959472656,
            2.4139719009399414,
            "H",
            NaN,
            NaN,
            false
        ]
    ]
}