{
    "properties": {
        "lattice_vector_a": [
            6.938331,
            0.0,
            0.0
        ],
        "lattice_vector_b": [
            0.0,
            17.917328,
            0.0
        ],
        "lattice_vector_c": [
            -2.780386,
            0.0,
            2.863394
        ],
        "unit_cell_volume": 355.96669727646963,
        "cell_vol": 355.96669727646963,
        "spg": 7
    },
    "struct_id": "target1_2mpc_ee80efeb5b",
    "input_ref": null,
    "geometry": [
        [
            2.2554728984832764,
            14.256688117980957,
            -0.24146999418735504,
            "O",
            NaN,
            NaN,
            false
        ],
        [
            1.4010909795761108,
            13.394994735717773,
            -0.9052690267562866,
            "C",
            NaN,
            NaN,
            false
        ],
        [
            1.0746769905090332,
            13.739095687866211,
            -1.8783290386199951,
            "H",
            NaN,
            NaN,
            false
        ],
        [
            1.202728033065796,
            12.30869197845459,
            -0.1131569966673851,
            "C",
            NaN,
            NaN,
            false
        ],
        [
            0.6681479811668396,
            10.95876407623291,
            0.342305988073349,
            "C",
            NaN,
            NaN,
            false
        ],
        [
            0.982774019241333,
            10.09847640991211,
            -0.2624650001525879,
            "H",
            NaN,
            NaN,
            false
        ],
        [
            -0.41833698749542236,
            10.906065940856934,
            0.48939698934555054,
            "H",
            NaN,
            NaN,
            false
        ],
        [
            1.5059700012207031,
            11.172475814819336,
            1.6724480390548706,
            "C",
            NaN,
            NaN,
            false
        ],
        [
            2.301866054534912,
            10.434263229370117,
            1.835528016090393,
            "H",
            NaN,
            NaN,
            false
        ],
        [
            0.9018229842185974,
            11.245766639709473,
            2.5859429836273193,
            "H",
            NaN,
            NaN,
            false
        ],
        [
            1.9548089504241943,
            12.499634742736816,
            1.078287959098816,
            "C",
            NaN,
            NaN,
            false
        ],
        [
            2.59001088142395,
            13.69685173034668,
            0.9780430197715759,
            "C",
            NaN,
            NaN,
            false
        ],
        [
            3.260345935821533,
            14.293196678161621,
            1.5837160348892212,
            "H",
            NaN,
            NaN,
            false
        ],
        [
            0.8652799725532532,
            3.660640001296997,
            1.1902270317077637,
            "O",
            NaN,
            NaN,
            false
        ],
        [
            0.010897999629378319,
            4.522333145141602,
            0.5264279842376709,
            "C",
            NaN,
            NaN,
            false
        ],
        [
            -0.31551599502563477,
            4.1782331466674805,
            -0.4466319978237152,
            "H",
            NaN,
            NaN,
            false
        ],
        [
            -0.18746499717235565,
            5.608634948730469,
            1.3185399770736694,
            "C",
            NaN,
            NaN,
            false
        ],
        [
            -0.7220439910888672,
            6.958563804626465,
            1.774003028869629,
            "C",
            NaN,
            NaN,
            false
        ],
        [
            -0.40741899609565735,
            7.818850994110107,
            1.1692320108413696,
            "H",
            NaN,
            NaN,
            false
        ],
        [
            -1.8085299730300903,
            7.011261940002441,
            1.9210939407348633,
            "H",
            NaN,
            NaN,
            false
        ],
        [
            0.11577700078487396,
            6.744852066040039,
            3.104145050048828,
            "C",
            NaN,
            NaN,
            false
        ],
        [
            0.9116730093955994,
            7.483065128326416,
            3.2672250270843506,
            "H",
            NaN,
            NaN,
            false
        ],
        [
            -0.48837000131607056,
            6.671562194824219,
            4.017640113830566,
            "H",
            NaN,
            NaN,
            false
        ],
        [
            0.5646169781684875,
            5.417694091796875,
            2.5099849700927734,
            "C",
            NaN,
            NaN,
            false
        ],
        [
            1.1998189687728882,
            4.220477104187012,
            2.4097390174865723,
            "C",
            NaN,
            NaN,
            false
        ],
        [
            1.8701529502868652,
            3.624130964279175,
            3.0154130458831787,
            "H",
            NaN,
            NaN,
            false
        ]
    ]
}