{
    "properties": {
        "lattice_vector_a": [
            5.058934,
            0.0,
            0.0
        ],
        "lattice_vector_b": [
            0.0,
            12.423969,
            0.0
        ],
        "lattice_vector_c": [
            -0.812754,
            0.0,
            3.239872
        ],
        "unit_cell_volume": 203.63256191149293,
        "cell_vol": 203.63256191149293,
        "spg": 6
    },
    "struct_id": "target1_2mpc_b99a261a8c",
    "input_ref": null,
    "geometry": [
        [
            2.8745551109313965,
            11.210156440734863,
            2.703399896621704,
            "O",
            NaN,
            NaN,
            false
        ],
        [
            1.7831050157546997,
            10.663857460021973,
            2.052704095840454,
            "C",
            NaN,
            NaN,
            false
        ],
        [
            1.095721960067749,
            11.387099266052246,
            1.632917046546936,
            "H",
            NaN,
            NaN,
            false
        ],
        [
            1.885293960571289,
            9.310724258422852,
            2.1263930797576904,
            "C",
            NaN,
            NaN,
            false
        ],
        [
            1.529845952987671,
            7.844396114349365,
            1.9287370443344116,
            "C",
            NaN,
            NaN,
            false
        ],
        [
            1.5238289833068848,
            7.49675178527832,
            0.8876129984855652,
            "H",
            NaN,
            NaN,
            false
        ],
        [
            0.6031290292739868,
            7.513199806213379,
            2.4149138927459717,
            "H",
            NaN,
            NaN,
            false
        ],
        [
            2.855607032775879,
            7.503934860229492,
            2.7308199405670166,
            "C",
            NaN,
            NaN,
            false
        ],
        [
            3.6126959323883057,
            6.9582061767578125,
            2.1528940200805664,
            "H",
            NaN,
            NaN,
            false
        ],
        [
            2.6925361156463623,
            6.978878021240234,
            3.680851936340332,
            "H",
            NaN,
            NaN,
            false
        ],
        [
            3.0742650032043457,
            9.0056734085083,
            2.843971014022827,
            "C",
            NaN,
            NaN,
            false
        ],
        [
            3.662605047225952,
            10.18171501159668,
            3.1869559288024902,
            "C",
            NaN,
            NaN,
            false
        ],
        [
            4.550823211669922,
            10.50014877319336,
            3.7175099849700928,
            "H",
            NaN,
            NaN,
            false
        ],
        [
            2.8745551109313965,
            1.2138129472732544,
            2.703399896621704,
            "O",
            NaN,
            NaN,
            false
        ],
        [
            1.7831050157546997,
            1.760113000869751,
            2.052704095840454,
            "C",
            NaN,
            NaN,
            false
        ],
        [
            1.095721960067749,
            1.036870002746582,
            1.632917046546936,
            "H",
            NaN,
            NaN,
            false
        ],
        [
            1.885293960571289,
            3.1132450103759766,
            2.1263930797576904,
            "C",
            NaN,
            NaN,
            false
        ],
        [
            1.529845952987671,
            4.579573154449463,
            1.9287370443344116,
            "C",
            NaN,
            NaN,
            false
        ],
        [
            1.5238289833068848,
            4.92721700668335,
            0.8876129984855652,
            "H",
            NaN,
            NaN,
            false
        ],
        [
            0.6031290292739868,
            4.910768985748291,
            2.4149138927459717,
            "H",
            NaN,
            NaN,
            false
        ],
        [
            2.855607032775879,
            4.920033931732178,
            2.7308199405670166,
            "C",
            NaN,
            NaN,
            false
        ],
        [
            3.6126959323883057,
            5.465763092041016,
            2.1528940200805664,
            "H",
            NaN,
            NaN,
            false
        ],
        [
            2.6925361156463623,
            5.44509220123291,
            3.680851936340332,
            "H",
            NaN,
            NaN,
            false
        ],
        [
            3.0742650032043457,
            3.4182960987091064,
            2.843971014022827,
            "C",
            NaN,
            NaN,
            false
        ],
        [
            3.662605047225952,
            2.2422540187835693,
            3.1869559288024902,
            "C",
            NaN,
            NaN,
            false
        ],
        [
            4.550823211669922,
            1.923820972442627,
            3.7175099849700928,
            "H",
            NaN,
            NaN,
            false
        ]
    ]
}