{
    "properties": {
        "lattice_vector_a": [
            5.313077,
            0.0,
            0.0
        ],
        "lattice_vector_b": [
            0.0,
            14.640312,
            0.0
        ],
        "lattice_vector_c": [
            1.337629,
            0.0,
            3.228497
        ],
        "unit_cell_volume": 251.12897800812271,
        "cell_vol": 251.12897800812271,
        "spg": 7
    },
    "struct_id": "target1_2mpc_25b8b2ee54",
    "input_ref": null,
    "geometry": [
        [
            1.7677680253982544,
            9.177895545959473,
            1.2702189683914185,
            "O",
            NaN,
            NaN,
            false
        ],
        [
            0.4099859893321991,
            9.264714241027832,
            1.0212090015411377,
            "C",
            NaN,
            NaN,
            false
        ],
        [
            -0.07847200334072113,
            8.317545890808105,
            0.8312640190124512,
            "H",
            NaN,
            NaN,
            false
        ],
        [
            0.05445399880409241,
            10.574646949768066,
            1.0883749723434448,
            "C",
            NaN,
            NaN,
            false
        ],
        [
            -0.8289629817008972,
            11.81290340423584,
            1.0456600189208984,
            "C",
            NaN,
            NaN,
            false
        ],
        [
            -1.610571026802063,
            11.861401557922363,
            1.8147950172424316,
            "H",
            NaN,
            NaN,
            false
        ],
        [
            -1.2810540199279785,
            12.037354469299316,
            0.07092999666929245,
            "H",
            NaN,
            NaN,
            false
        ],
        [
            0.47683098912239075,
            12.65052604675293,
            1.3776060342788696,
            "C",
            NaN,
            NaN,
            false
        ],
        [
            0.447053998708725,
            13.183539390563965,
            2.336777925491333,
            "H",
            NaN,
            NaN,
            false
        ],
        [
            0.7788339853286743,
            13.355836868286133,
            0.5926409959793091,
            "H",
            NaN,
            NaN,
            false
        ],
        [
            1.2245160341262817,
            11.325118064880371,
            1.387334942817688,
            "C",
            NaN,
            NaN,
            false
        ],
        [
            2.259571075439453,
            10.450948715209961,
            1.49385404586792,
            "C",
            NaN,
            NaN,
            false
        ],
        [
            3.321091890335083,
            10.498662948608398,
            1.7005289793014526,
            "H",
            NaN,
            NaN,
            false
        ],
        [
            2.436582088470459,
            5.4624152183532715,
            2.8844668865203857,
            "O",
            NaN,
            NaN,
            false
        ],
        [
            1.0788010358810425,
            5.375597953796387,
            2.6354570388793945,
            "C",
            NaN,
            NaN,
            false
        ],
        [
            0.5903419852256775,
            6.322765827178955,
            2.445512056350708,
            "H",
            NaN,
            NaN,
            false
        ],
        [
            0.7232679724693298,
            4.065664768218994,
            2.702622890472412,
            "C",
            NaN,
            NaN,
            false
        ],
        [
            -0.1601489931344986,
            2.827409029006958,
            2.6599080562591553,
            "C",
            NaN,
            NaN,
            false
        ],
        [
            -0.9417570233345032,
            2.778909921646118,
            3.429044008255005,
            "H",
            NaN,
            NaN,
            false
        ],
        [
            -0.6122400164604187,
            2.6029579639434814,
            1.6851780414581299,
            "H",
            NaN,
            NaN,
            false
        ],
        [
            1.145645022392273,
            1.9897860288619995,
            2.991853952407837,
            "C",
            NaN,
            NaN,
            false
        ],
        [
            1.1158679723739624,
            1.456773042678833,
            3.95102596282959,
            "H",
            NaN,
            NaN,
            false
        ],
        [
            1.4476490020751953,
            1.2844760417938232,
            2.2068889141082764,
            "H",
            NaN,
            NaN,
            false
        ],
        [
            1.8933299779891968,
            3.3151938915252686,
            3.0015830993652344,
            "C",
            NaN,
            NaN,
            false
        ],
        [
            2.928385019302368,
            4.1893630027771,
            3.1081020832061768,
            "C",
            NaN,
            NaN,
            false
        ],
        [
            3.989906072616577,
            4.141650199890137,
            3.3147759437561035,
            "H",
            NaN,
            NaN,
            false
        ]
    ]
}