{
    "properties": {
        "lattice_vector_a": [
            3.100696,
            0.0,
            0.0
        ],
        "lattice_vector_b": [
            0.0,
            14.955502,
            0.0
        ],
        "lattice_vector_c": [
            0.405768,
            0.0,
            4.392416
        ],
        "unit_cell_volume": 203.68715823302523,
        "cell_vol": 203.68715823302523,
        "spg": 6
    },
    "struct_id": "target1_2mpc_95465fc2c0",
    "input_ref": null,
    "geometry": [
        [
            2.9631259441375732,
            5.771969795227051,
            0.617205023765564,
            "O",
            NaN,
            NaN,
            false
        ],
        [
            2.1247448921203613,
            4.939945220947266,
            -0.1024940013885498,
            "C",
            NaN,
            NaN,
            false
        ],
        [
            1.8205130100250244,
            5.3257269859313965,
            -1.0670729875564575,
            "H",
            NaN,
            NaN,
            false
        ],
        [
            1.908964991569519,
            3.8206210136413574,
            0.637365996837616,
            "C",
            NaN,
            NaN,
            false
        ],
        [
            1.3649460077285767,
            2.452522039413452,
            1.0219180583953857,
            "C",
            NaN,
            NaN,
            false
        ],
        [
            1.6939109563827515,
            1.6189559698104858,
            0.3880549967288971,
            "H",
            NaN,
            NaN,
            false
        ],
        [
            0.275407999753952,
            2.3939170837402344,
            1.1416410207748413,
            "H",
            NaN,
            NaN,
            false
        ],
        [
            2.171905040740967,
            2.608488082885742,
            2.3788959980010986,
            "C",
            NaN,
            NaN,
            false
        ],
        [
            2.9643239974975586,
            1.8636640310287476,
            2.528265953063965,
            "H",
            NaN,
            NaN,
            false
        ],
        [
            1.5469180345535278,
            2.6425960063934326,
            3.2805991172790527,
            "H",
            NaN,
            NaN,
            false
        ],
        [
            2.6334009170532227,
            3.9598379135131836,
            1.8528660535812378,
            "C",
            NaN,
            NaN,
            false
        ],
        [
            3.269965887069702,
            5.160040855407715,
            1.818843960762024,
            "C",
            NaN,
            NaN,
            false
        ],
        [
            3.925852060317993,
            5.729528903961182,
            2.4648430347442627,
            "H",
            NaN,
            NaN,
            false
        ],
        [
            2.9631259441375732,
            9.183531761169434,
            0.617205023765564,
            "O",
            NaN,
            NaN,
            false
        ],
        [
            2.1247448921203613,
            10.015557289123535,
            -0.1024940013885498,
            "C",
            NaN,
            NaN,
            false
        ],
        [
            1.8205130100250244,
            9.629775047302246,
            -1.0670729875564575,
            "H",
            NaN,
            NaN,
            false
        ],
        [
            1.908964991569519,
            11.134880065917969,
            0.637365996837616,
            "C",
            NaN,
            NaN,
            false
        ],
        [
            1.3649460077285767,
            12.502979278564453,
            1.0219180583953857,
            "C",
            NaN,
            NaN,
            false
        ],
        [
            1.6939109563827515,
            13.33654499053955,
            0.3880549967288971,
            "H",
            NaN,
            NaN,
            false
        ],
        [
            0.275407999753952,
            12.561585426330566,
            1.1416410207748413,
            "H",
            NaN,
            NaN,
            false
        ],
        [
            2.171905040740967,
            12.347013473510742,
            2.3788959980010986,
            "C",
            NaN,
            NaN,
            false
        ],
        [
            2.9643239974975586,
            13.091837882995605,
            2.528265953063965,
            "H",
            NaN,
            NaN,
            false
        ],
        [
            1.5469180345535278,
            12.312905311584473,
            3.2805991172790527,
            "H",
            NaN,
            NaN,
            false
        ],
        [
            2.6334009170532227,
            10.9956636428833,
            1.8528660535812378,
            "C",
            NaN,
            NaN,
            false
        ],
        [
            3.269965887069702,
            9.79546070098877,
            1.818843960762024,
            "C",
            NaN,
            NaN,
            false
        ],
        [
            3.925852060317993,
            9.225972175598145,
            2.4648430347442627,
            "H",
            NaN,
            NaN,
            false
        ]
    ]
}