{
    "properties": {
        "lattice_vector_a": [
            6.822001,
            0.0,
            0.0
        ],
        "lattice_vector_b": [
            0.0,
            8.183311,
            0.0
        ],
        "lattice_vector_c": [
            0.337466,
            0.0,
            3.980531
        ],
        "unit_cell_volume": 222.2193360858812,
        "cell_vol": 222.2193360858812,
        "spg": 4
    },
    "struct_id": "target1_2mpc_d1a6876842",
    "input_ref": null,
    "geometry": [
        [
            -0.6072070002555847,
            6.30632209777832,
            1.2999809980392456,
            "O",
            NaN,
            NaN,
            false
        ],
        [
            -0.4462360143661499,
            5.112431049346924,
            0.6204019784927368,
            "C",
            NaN,
            NaN,
            false
        ],
        [
            -1.3579699993133545,
            4.695878982543945,
            0.21171799302101135,
            "H",
            NaN,
            NaN,
            false
        ],
        [
            0.8716700077056885,
            4.782992839813232,
            0.658253014087677,
            "C",
            NaN,
            NaN,
            false
        ],
        [
            2.1471450328826904,
            3.989315986633301,
            0.41582798957824707,
            "C",
            NaN,
            NaN,
            false
        ],
        [
            2.452307939529419,
            3.8962740898132324,
            -0.6344339847564697,
            "H",
            NaN,
            NaN,
            false
        ],
        [
            2.1807448863983154,
            2.995495080947876,
            0.8806430101394653,
            "H",
            NaN,
            NaN,
            false
        ],
        [
            2.9047350883483887,
            5.123991012573242,
            1.225437045097351,
            "C",
            NaN,
            NaN,
            false
        ],
        [
            3.648005962371826,
            5.68336820602417,
            0.642645001411438,
            "H",
            NaN,
            NaN,
            false
        ],
        [
            3.3726189136505127,
            4.784412860870361,
            2.1585021018981934,
            "H",
            NaN,
            NaN,
            false
        ],
        [
            1.5507869720458984,
            5.800717830657959,
            1.3825889825820923,
            "C",
            NaN,
            NaN,
            false
        ],
        [
            0.6272220015525818,
            6.721255779266357,
            1.7653390169143677,
            "C",
            NaN,
            NaN,
            false
        ],
        [
            0.615962028503418,
            7.653206825256348,
            2.315934896469116,
            "H",
            NaN,
            NaN,
            false
        ],
        [
            7.766674041748047,
            2.2146670818328857,
            2.6805500984191895,
            "O",
            NaN,
            NaN,
            false
        ],
        [
            7.605703830718994,
            1.0207760334014893,
            3.3601291179656982,
            "C",
            NaN,
            NaN,
            false
        ],
        [
            8.517436981201172,
            0.6042240262031555,
            3.768812894821167,
            "H",
            NaN,
            NaN,
            false
        ],
        [
            6.287796974182129,
            0.6913390159606934,
            3.322277069091797,
            "C",
            NaN,
            NaN,
            false
        ],
        [
            5.012321949005127,
            -0.10233999788761139,
            3.5647029876708984,
            "C",
            NaN,
            NaN,
            false
        ],
        [
            4.707159042358398,
            -0.1953819990158081,
            4.614964962005615,
            "H",
            NaN,
            NaN,
            false
        ],
        [
            4.978722095489502,
            -1.0961610078811646,
            3.0998880863189697,
            "H",
            NaN,
            NaN,
            false
        ],
        [
            4.254732131958008,
            1.0323350429534912,
            2.755094051361084,
            "C",
            NaN,
            NaN,
            false
        ],
        [
            3.511461019515991,
            1.5917129516601562,
            3.337886095046997,
            "H",
            NaN,
            NaN,
            false
        ],
        [
            3.7868480682373047,
            0.6927589774131775,
            1.8220289945602417,
            "H",
            NaN,
            NaN,
            false
        ],
        [
            5.60867977142334,
            1.70906400680542,
            2.5979409217834473,
            "C",
            NaN,
            NaN,
            false
        ],
        [
            6.53224515914917,
            2.629601001739502,
            2.2151920795440674,
            "C",
            NaN,
            NaN,
            false
        ],
        [
            6.5435051918029785,
            3.561552047729492,
            1.6645950078964233,
            "H",
            NaN,
            NaN,
            false
        ]
    ]
}