{
    "properties": {
        "lattice_vector_a": [
            6.23822,
            0.0,
            0.0
        ],
        "lattice_vector_b": [
            0.0,
            13.552625,
            0.0
        ],
        "lattice_vector_c": [
            2.124183,
            0.0,
            3.766928
        ],
        "unit_cell_volume": 318.472126399237,
        "cell_vol": 318.472126399237,
        "spg": 6
    },
    "struct_id": "target1_2mpc_8bdfc3448b",
    "input_ref": null,
    "geometry": [
        [
            0.6509799957275391,
            10.0774507522583,
            1.0662410259246826,
            "O",
            NaN,
            NaN,
            false
        ],
        [
            1.3260120153427124,
            11.236237525939941,
            1.4048550128936768,
            "C",
            NaN,
            NaN,
            false
        ],
        [
            0.770641028881073,
            12.150461196899414,
            1.2388590574264526,
            "H",
            NaN,
            NaN,
            false
        ],
        [
            2.552791118621826,
            10.885250091552734,
            1.8724639415740967,
            "C",
            NaN,
            NaN,
            false
        ],
        [
            3.9568159580230713,
            11.038971900939941,
            2.438692092895508,
            "C",
            NaN,
            NaN,
            false
        ],
        [
            4.013998985290527,
            11.464674949645996,
            3.44881010055542,
            "H",
            NaN,
            NaN,
            false
        ],
        [
            4.671028137207031,
            11.567309379577637,
            1.7940030097961426,
            "H",
            NaN,
            NaN,
            false
        ],
        [
            4.059837818145752,
            9.456855773925781,
            2.382200002670288,
            "C",
            NaN,
            NaN,
            false
        ],
        [
            4.178643226623535,
            8.970841407775879,
            3.3592751026153564,
            "H",
            NaN,
            NaN,
            false
        ],
        [
            4.8317999839782715,
            9.073413848876953,
            1.7025790214538574,
            "H",
            NaN,
            NaN,
            false
        ],
        [
            2.644484043121338,
            9.467226028442383,
            1.8231849670410156,
            "C",
            NaN,
            NaN,
            false
        ],
        [
            1.4708659648895264,
            8.994705200195312,
            1.3269950151443481,
            "C",
            NaN,
            NaN,
            false
        ],
        [
            1.0373729467391968,
            8.0299654006958,
            1.096392035484314,
            "H",
            NaN,
            NaN,
            false
        ],
        [
            0.6509799957275391,
            3.4751739501953125,
            1.0662410259246826,
            "O",
            NaN,
            NaN,
            false
        ],
        [
            1.3260120153427124,
            2.3163869380950928,
            1.4048550128936768,
            "C",
            NaN,
            NaN,
            false
        ],
        [
            0.770641028881073,
            1.4021639823913574,
            1.2388590574264526,
            "H",
            NaN,
            NaN,
            false
        ],
        [
            2.552791118621826,
            2.667375087738037,
            1.8724639415740967,
            "C",
            NaN,
            NaN,
            false
        ],
        [
            3.9568159580230713,
            2.513653039932251,
            2.438692092895508,
            "C",
            NaN,
            NaN,
            false
        ],
        [
            4.013998985290527,
            2.0879499912261963,
            3.44881010055542,
            "H",
            NaN,
            NaN,
            false
        ],
        [
            4.671028137207031,
            1.9853160381317139,
            1.7940030097961426,
            "H",
            NaN,
            NaN,
            false
        ],
        [
            4.059837818145752,
            4.095768928527832,
            2.382200002670288,
            "C",
            NaN,
            NaN,
            false
        ],
        [
            4.178643226623535,
            4.581782817840576,
            3.3592751026153564,
            "H",
            NaN,
            NaN,
            false
        ],
        [
            4.8317999839782715,
            4.47921085357666,
            1.7025790214538574,
            "H",
            NaN,
            NaN,
            false
        ],
        [
            2.644484043121338,
            4.085399150848389,
            1.8231849670410156,
            "C",
            NaN,
            NaN,
            false
        ],
        [
            1.4708659648895264,
            4.557919025421143,
            1.3269950151443481,
            "C",
            NaN,
            NaN,
            false
        ],
        [
            1.0373729467391968,
            5.522658824920654,
            1.096392035484314,
            "H",
            NaN,
            NaN,
            false
        ]
    ]
}