{
    "properties": {
        "lattice_vector_a": [
            6.546072,
            0.0,
            0.0
        ],
        "lattice_vector_b": [
            0.0,
            6.795627,
            0.0
        ],
        "lattice_vector_c": [
            -4.87441,
            0.0,
            6.698385
        ],
        "unit_cell_volume": 297.97540357010683,
        "cell_vol": 297.97540357010683,
        "spg": 7
    },
    "struct_id": "target1_2mpc_078a1df900",
    "input_ref": null,
    "geometry": [
        [
            -1.5723329782485962,
            6.0485968589782715,
            2.4979538917541504,
            "O",
            NaN,
            NaN,
            false
        ],
        [
            -2.0869479179382324,
            5.1461358070373535,
            1.5848009586334229,
            "C",
            NaN,
            NaN,
            false
        ],
        [
            -2.3062479496002197,
            5.561732769012451,
            0.6096159815788269,
            "H",
            NaN,
            NaN,
            false
        ],
        [
            -2.176424980163574,
            3.935878038406372,
            2.196444034576416,
            "C",
            NaN,
            NaN,
            false
        ],
        [
            -2.4718639850616455,
            2.4549269676208496,
            2.383610963821411,
            "C",
            NaN,
            NaN,
            false
        ],
        [
            -1.8751059770584106,
            1.7729849815368652,
            1.7642040252685547,
            "H",
            NaN,
            NaN,
            false
        ],
        [
            -3.5286951065063477,
            2.169919013977051,
            2.3015060424804688,
            "H",
            NaN,
            NaN,
            false
        ],
        [
            -1.9467600584030151,
            2.626283884048462,
            3.8708229064941406,
            "C",
            NaN,
            NaN,
            false
        ],
        [
            -1.0488749742507935,
            2.04154109954834,
            4.109315872192383,
            "H",
            NaN,
            NaN,
            false
        ],
        [
            -2.7020490169525146,
            2.442692995071411,
            4.6458539962768555,
            "H",
            NaN,
            NaN,
            false
        ],
        [
            -1.7044110298156738,
            4.0892109870910645,
            3.528855085372925,
            "C",
            NaN,
            NaN,
            false
        ],
        [
            -1.3407440185546875,
            5.388566017150879,
            3.690962076187134,
            "C",
            NaN,
            NaN,
            false
        ],
        [
            -0.934240996837616,
            6.006637096405029,
            4.481256008148193,
            "H",
            NaN,
            NaN,
            false
        ],
        [
            -4.009538173675537,
            0.7470290064811707,
            5.847146987915039,
            "O",
            NaN,
            NaN,
            false
        ],
        [
            -4.524153232574463,
            1.6494899988174438,
            4.933992862701416,
            "C",
            NaN,
            NaN,
            false
        ],
        [
            -4.743453025817871,
            1.2338939905166626,
            3.9588088989257812,
            "H",
            NaN,
            NaN,
            false
        ],
        [
            -4.6136298179626465,
            2.8597490787506104,
            5.545636177062988,
            "C",
            NaN,
            NaN,
            false
        ],
        [
            -4.909069061279297,
            4.340699195861816,
            5.732803821563721,
            "C",
            NaN,
            NaN,
            false
        ],
        [
            -4.312311172485352,
            5.022642135620117,
            5.113396167755127,
            "H",
            NaN,
            NaN,
            false
        ],
        [
            -5.96589994430542,
            4.625708103179932,
            5.650699138641357,
            "H",
            NaN,
            NaN,
            false
        ],
        [
            -4.383965015411377,
            4.169342994689941,
            7.220016002655029,
            "C",
            NaN,
            NaN,
            false
        ],
        [
            -3.4860799312591553,
            4.754086017608643,
            7.4585089683532715,
            "H",
            NaN,
            NaN,
            false
        ],
        [
            -5.13925313949585,
            4.352932929992676,
            7.995047092437744,
            "H",
            NaN,
            NaN,
            false
        ],
        [
            -4.141615867614746,
            2.7064149379730225,
            6.878046989440918,
            "C",
            NaN,
            NaN,
            false
        ],
        [
            -3.777949094772339,
            1.4070600271224976,
            7.040154933929443,
            "C",
            NaN,
            NaN,
            false
        ],
        [
            -3.371445894241333,
            0.7889900207519531,
            7.830449104309082,
            "H",
            NaN,
            NaN,
            false
        ]
    ]
}