{
    "properties": {
        "lattice_vector_a": [
            9.293739,
            0.0,
            0.0
        ],
        "lattice_vector_b": [
            0.0,
            9.033162,
            0.0
        ],
        "lattice_vector_c": [
            3.851062,
            0.0,
            2.700415
        ],
        "unit_cell_volume": 226.70483494407716,
        "cell_vol": 226.70483494407716,
        "spg": 4
    },
    "struct_id": "target1_2mpc_3b9bd2032c",
    "input_ref": null,
    "geometry": [
        [
            0.23137100040912628,
            4.72249698638916,
            -1.467329978942871,
            "O",
            NaN,
            NaN,
            false
        ],
        [
            -0.21612000465393066,
            4.533753871917725,
            -0.17224599421024323,
            "C",
            NaN,
            NaN,
            false
        ],
        [
            -1.1396540403366089,
            5.04468297958374,
            0.06824000179767609,
            "H",
            NaN,
            NaN,
            false
        ],
        [
            0.6698099970817566,
            3.722543954849243,
            0.46328800916671753,
            "C",
            NaN,
            NaN,
            false
        ],
        [
            1.3004130125045776,
            2.9021799564361572,
            1.5790270566940308,
            "C",
            NaN,
            NaN,
            false
        ],
        [
            0.7100920081138611,
            2.0437989234924316,
            1.9247690439224243,
            "H",
            NaN,
            NaN,
            false
        ],
        [
            1.635113000869751,
            3.473637104034424,
            2.4543991088867188,
            "H",
            NaN,
            NaN,
            false
        ],
        [
            2.4494059085845947,
            2.540416955947876,
            0.5466330051422119,
            "C",
            NaN,
            NaN,
            false
        ],
        [
            2.5228629112243652,
            1.4735020399093628,
            0.2990500032901764,
            "H",
            NaN,
            NaN,
            false
        ],
        [
            3.446012020111084,
            2.9059998989105225,
            0.825855016708374,
            "H",
            NaN,
            NaN,
            false
        ],
        [
            1.6987500190734863,
            3.3971779346466064,
            -0.46248099207878113,
            "C",
            NaN,
            NaN,
            false
        ],
        [
            1.4102989435195923,
            4.019417762756348,
            -1.6357109546661377,
            "C",
            NaN,
            NaN,
            false
        ],
        [
            1.8501869440078735,
            4.098480224609375,
            -2.621644973754883,
            "H",
            NaN,
            NaN,
            false
        ],
        [
            12.913430213928223,
            9.239079475402832,
            4.167745113372803,
            "O",
            NaN,
            NaN,
            false
        ],
        [
            13.360921859741211,
            9.050336837768555,
            2.8726611137390137,
            "C",
            NaN,
            NaN,
            false
        ],
        [
            14.284456253051758,
            9.561264038085938,
            2.6321749687194824,
            "H",
            NaN,
            NaN,
            false
        ],
        [
            12.474990844726562,
            8.23912525177002,
            2.2371270656585693,
            "C",
            NaN,
            NaN,
            false
        ],
        [
            11.844388008117676,
            7.418760776519775,
            1.121387004852295,
            "C",
            NaN,
            NaN,
            false
        ],
        [
            12.434708595275879,
            6.560380935668945,
            0.7756459712982178,
            "H",
            NaN,
            NaN,
            false
        ],
        [
            11.509688377380371,
            7.9902191162109375,
            0.2460159957408905,
            "H",
            NaN,
            NaN,
            false
        ],
        [
            10.695395469665527,
            7.056999206542969,
            2.1537818908691406,
            "C",
            NaN,
            NaN,
            false
        ],
        [
            10.621938705444336,
            5.99008321762085,
            2.401365041732788,
            "H",
            NaN,
            NaN,
            false
        ],
        [
            9.698789596557617,
            7.422581195831299,
            1.874559998512268,
            "H",
            NaN,
            NaN,
            false
        ],
        [
            11.446050643920898,
            7.913760185241699,
            3.162895917892456,
            "C",
            NaN,
            NaN,
            false
        ],
        [
            11.734502792358398,
            8.535999298095703,
            4.33612585067749,
            "C",
            NaN,
            NaN,
            false
        ],
        [
            11.2946138381958,
            8.615060806274414,
            5.3220601081848145,
            "H",
            NaN,
            NaN,
            false
        ]
    ]
}