{
    "properties": {
        "lattice_vector_a": [
            9.14854,
            0.0,
            0.0
        ],
        "lattice_vector_b": [
            0.0,
            8.049327,
            0.0
        ],
        "lattice_vector_c": [
            4.066452,
            0.0,
            2.907372
        ],
        "unit_cell_volume": 214.09768215220234,
        "cell_vol": 214.09768215220234,
        "spg": 4
    },
    "struct_id": "target1_2mpc_0ba413032d",
    "input_ref": null,
    "geometry": [
        [
            4.737639904022217,
            5.627748012542725,
            3.2235488891601562,
            "O",
            NaN,
            NaN,
            false
        ],
        [
            6.046029090881348,
            5.420051097869873,
            3.6211600303649902,
            "C",
            NaN,
            NaN,
            false
        ],
        [
            6.386448860168457,
            6.067333221435547,
            4.419242858886719,
            "H",
            NaN,
            NaN,
            false
        ],
        [
            6.55986213684082,
            4.415555000305176,
            2.863662004470825,
            "C",
            NaN,
            NaN,
            false
        ],
        [
            7.569385051727295,
            3.409703016281128,
            2.330132007598877,
            "C",
            NaN,
            NaN,
            false
        ],
        [
            7.8983330726623535,
            2.6461830139160156,
            3.046834945678711,
            "H",
            NaN,
            NaN,
            false
        ],
        [
            8.454747200012207,
            3.840765953063965,
            1.8451780080795288,
            "H",
            NaN,
            NaN,
            false
        ],
        [
            6.434672832489014,
            2.9311459064483643,
            1.3299779891967773,
            "C",
            NaN,
            NaN,
            false
        ],
        [
            6.111201763153076,
            1.8913639783859253,
            1.4686239957809448,
            "H",
            NaN,
            NaN,
            false
        ],
        [
            6.665121078491211,
            3.0891149044036865,
            0.26847898960113525,
            "H",
            NaN,
            NaN,
            false
        ],
        [
            5.54237699508667,
            3.9857230186462402,
            1.9683409929275513,
            "C",
            NaN,
            NaN,
            false
        ],
        [
            4.437591075897217,
            4.740600109100342,
            2.205962896347046,
            "C",
            NaN,
            NaN,
            false
        ],
        [
            3.4300100803375244,
            4.817582130432129,
            1.817795991897583,
            "H",
            NaN,
            NaN,
            false
        ],
        [
            8.477351188659668,
            1.6030850410461426,
            -0.31617701053619385,
            "O",
            NaN,
            NaN,
            false
        ],
        [
            7.1689629554748535,
            1.395387053489685,
            -0.7137879729270935,
            "C",
            NaN,
            NaN,
            false
        ],
        [
            6.828542232513428,
            2.0426700115203857,
            -1.5118709802627563,
            "H",
            NaN,
            NaN,
            false
        ],
        [
            6.655129909515381,
            0.39089199900627136,
            0.043710000813007355,
            "C",
            NaN,
            NaN,
            false
        ],
        [
            5.645606994628906,
            -0.6149600148200989,
            0.5772410035133362,
            "C",
            NaN,
            NaN,
            false
        ],
        [
            5.316658973693848,
            -1.3784799575805664,
            -0.13946300745010376,
            "H",
            NaN,
            NaN,
            false
        ],
        [
            4.760243892669678,
            -0.183897003531456,
            1.0621949434280396,
            "H",
            NaN,
            NaN,
            false
        ],
        [
            6.7803192138671875,
            -1.0935180187225342,
            1.577394962310791,
            "C",
            NaN,
            NaN,
            false
        ],
        [
            7.103789806365967,
            -2.1332991123199463,
            1.4387489557266235,
            "H",
            NaN,
            NaN,
            false
        ],
        [
            6.54987096786499,
            -0.9355480074882507,
            2.638892889022827,
            "H",
            NaN,
            NaN,
            false
        ],
        [
            7.672614097595215,
            -0.03894000127911568,
            0.9390320181846619,
            "C",
            NaN,
            NaN,
            false
        ],
        [
            8.777400970458984,
            0.715936005115509,
            0.7014089822769165,
            "C",
            NaN,
            NaN,
            false
        ],
        [
            9.784981727600098,
            0.7929180264472961,
            1.089576005935669,
            "H",
            NaN,
            NaN,
            false
        ]
    ]
}