{
    "properties": {
        "lattice_vector_a": [
            3.254107,
            0.0,
            0.0
        ],
        "lattice_vector_b": [
            0.0,
            14.226584,
            0.0
        ],
        "lattice_vector_c": [
            4.053017,
            0.0,
            5.151527
        ],
        "unit_cell_volume": 238.48904908970164,
        "cell_vol": 238.48904908970164,
        "spg": 6
    },
    "struct_id": "target1_2mpc_399c3daaa9",
    "input_ref": null,
    "geometry": [
        [
            2.8341729640960693,
            13.033690452575684,
            2.456130027770996,
            "O",
            NaN,
            NaN,
            false
        ],
        [
            2.404573917388916,
            12.46960163116455,
            1.2685439586639404,
            "C",
            NaN,
            NaN,
            false
        ],
        [
            2.1694419384002686,
            13.18056583404541,
            0.4868539869785309,
            "H",
            NaN,
            NaN,
            false
        ],
        [
            2.398427963256836,
            11.119537353515625,
            1.4238710403442383,
            "C",
            NaN,
            NaN,
            false
        ],
        [
            2.2143430709838867,
            9.648792266845703,
            1.079548954963684,
            "C",
            NaN,
            NaN,
            false
        ],
        [
            2.8712189197540283,
            9.263690948486328,
            0.2889530062675476,
            "H",
            NaN,
            NaN,
            false
        ],
        [
            1.1838569641113281,
            9.340033531188965,
            0.8613070249557495,
            "H",
            NaN,
            NaN,
            false
        ],
        [
            2.701359987258911,
            9.331035614013672,
            2.5556039810180664,
            "C",
            NaN,
            NaN,
            false
        ],
        [
            3.637523889541626,
            8.760973930358887,
            2.615834951400757,
            "H",
            NaN,
            NaN,
            false
        ],
        [
            1.9502660036087036,
            8.841558456420898,
            3.1889359951019287,
            "H",
            NaN,
            NaN,
            false
        ],
        [
            2.8363280296325684,
            10.834781646728516,
            2.7462871074676514,
            "C",
            NaN,
            NaN,
            false
        ],
        [
            3.096851110458374,
            12.01954174041748,
            3.358928918838501,
            "C",
            NaN,
            NaN,
            false
        ],
        [
            3.442373037338257,
            12.35257339477539,
            4.329248905181885,
            "H",
            NaN,
            NaN,
            false
        ],
        [
            2.8341729640960693,
            1.1928939819335938,
            2.456130027770996,
            "O",
            NaN,
            NaN,
            false
        ],
        [
            2.404573917388916,
            1.7569830417633057,
            1.2685439586639404,
            "C",
            NaN,
            NaN,
            false
        ],
        [
            2.1694419384002686,
            1.0460180044174194,
            0.4868539869785309,
            "H",
            NaN,
            NaN,
            false
        ],
        [
            2.398427963256836,
            3.1070470809936523,
            1.4238710403442383,
            "C",
            NaN,
            NaN,
            false
        ],
        [
            2.2143430709838867,
            4.577792167663574,
            1.079548954963684,
            "C",
            NaN,
            NaN,
            false
        ],
        [
            2.8712189197540283,
            4.962893009185791,
            0.2889530062675476,
            "H",
            NaN,
            NaN,
            false
        ],
        [
            1.1838569641113281,
            4.88654899597168,
            0.8613070249557495,
            "H",
            NaN,
            NaN,
            false
        ],
        [
            2.701359987258911,
            4.8955488204956055,
            2.5556039810180664,
            "C",
            NaN,
            NaN,
            false
        ],
        [
            3.637523889541626,
            5.465610980987549,
            2.615834951400757,
            "H",
            NaN,
            NaN,
            false
        ],
        [
            1.9502660036087036,
            5.385026931762695,
            3.1889359951019287,
            "H",
            NaN,
            NaN,
            false
        ],
        [
            2.8363280296325684,
            3.3918020725250244,
            2.7462871074676514,
            "C",
            NaN,
            NaN,
            false
        ],
        [
            3.096851110458374,
            2.2070419788360596,
            3.358928918838501,
            "C",
            NaN,
            NaN,
            false
        ],
        [
            3.442373037338257,
            1.8740110397338867,
            4.329248905181885,
            "H",
            NaN,
            NaN,
            false
        ]
    ]
}