{
    "properties": {
        "lattice_vector_a": [
            10.599358,
            0.0,
            0.0
        ],
        "lattice_vector_b": [
            0.0,
            4.813071,
            0.0
        ],
        "lattice_vector_c": [
            0.096547,
            0.0,
            4.309026
        ],
        "unit_cell_volume": 219.82695478170103,
        "cell_vol": 219.82695478170103,
        "spg": 3
    },
    "struct_id": "target1_2mpc_8ada9615f0",
    "input_ref": null,
    "geometry": [
        [
            6.0138750076293945,
            2.123610019683838,
            5.152327060699463,
            "O",
            NaN,
            NaN,
            false
        ],
        [
            6.5857768058776855,
            0.8917440176010132,
            5.414144992828369,
            "C",
            NaN,
            NaN,
            false
        ],
        [
            6.030520915985107,
            0.27087900042533875,
            6.10552978515625,
            "H",
            NaN,
            NaN,
            false
        ],
        [
            7.736548900604248,
            0.8029069900512695,
            4.69674015045166,
            "C",
            NaN,
            NaN,
            false
        ],
        [
            9.028762817382812,
            0.2164510041475296,
            4.147390842437744,
            "C",
            NaN,
            NaN,
            false
        ],
        [
            8.912521362304688,
            -0.6794620156288147,
            3.52396297454834,
            "H",
            NaN,
            NaN,
            false
        ],
        [
            9.815217018127441,
            0.028165999799966812,
            4.889618873596191,
            "H",
            NaN,
            NaN,
            false
        ],
        [
            9.196179389953613,
            1.568861961364746,
            3.3350789546966553,
            "C",
            NaN,
            NaN,
            false
        ],
        [
            9.178717613220215,
            1.4522980451583862,
            2.2437000274658203,
            "H",
            NaN,
            NaN,
            false
        ],
        [
            10.077887535095215,
            2.161407947540283,
            3.611337900161743,
            "H",
            NaN,
            NaN,
            false
        ],
        [
            7.885756015777588,
            2.0144131183624268,
            3.967617988586426,
            "C",
            NaN,
            NaN,
            false
        ],
        [
            6.821541786193848,
            2.806813955307007,
            4.261569023132324,
            "C",
            NaN,
            NaN,
            false
        ],
        [
            6.464262008666992,
            3.7908589839935303,
            3.9862051010131836,
            "H",
            NaN,
            NaN,
            false
        ],
        [
            4.682030200958252,
            2.123610019683838,
            -0.8432999849319458,
            "O",
            NaN,
            NaN,
            false
        ],
        [
            4.110127925872803,
            0.8917440176010132,
            -1.1051180362701416,
            "C",
            NaN,
            NaN,
            false
        ],
        [
            4.665383815765381,
            0.27087900042533875,
            -1.796504020690918,
            "H",
            NaN,
            NaN,
            false
        ],
        [
            2.9593570232391357,
            0.8029069900512695,
            -0.3877129852771759,
            "C",
            NaN,
            NaN,
            false
        ],
        [
            1.6671429872512817,
            0.2164510041475296,
            0.16163499653339386,
            "C",
            NaN,
            NaN,
            false
        ],
        [
            1.7833839654922485,
            -0.6794620156288147,
            0.7850630283355713,
            "H",
            NaN,
            NaN,
            false
        ],
        [
            0.8806880116462708,
            0.028165999799966812,
            -0.5805929899215698,
            "H",
            NaN,
            NaN,
            false
        ],
        [
            1.4997260570526123,
            1.568861961364746,
            0.9739469885826111,
            "C",
            NaN,
            NaN,
            false
        ],
        [
            1.5171869993209839,
            1.4522980451583862,
            2.0653269290924072,
            "H",
            NaN,
            NaN,
            false
        ],
        [
            0.6180170178413391,
            2.161407947540283,
            0.6976879835128784,
            "H",
            NaN,
            NaN,
            false
        ],
        [
            2.810149908065796,
            2.0144131183624268,
            0.34140899777412415,
            "C",
            NaN,
            NaN,
            false
        ],
        [
            3.8743629455566406,
            2.806813955307007,
            0.047456998378038406,
            "C",
            NaN,
            NaN,
            false
        ],
        [
            4.231643199920654,
            3.7908589839935303,
            0.3228209912776947,
            "H",
            NaN,
            NaN,
            false
        ]
    ]
}