{
    "properties": {
        "lattice_vector_a": [
            16.424372,
            0.0,
            0.0
        ],
        "lattice_vector_b": [
            0.0,
            4.701233,
            0.0
        ],
        "lattice_vector_c": [
            -6.381495,
            0.0,
            4.048285
        ],
        "unit_cell_volume": 312.58751520383703,
        "cell_vol": 312.58751520383703,
        "spg": 4
    },
    "struct_id": "target1_2mpc_86930ebff3",
    "input_ref": null,
    "geometry": [
        [
            -0.6314039826393127,
            3.5224668979644775,
            1.970026969909668,
            "O",
            NaN,
            NaN,
            false
        ],
        [
            -1.8407549858093262,
            3.3468739986419678,
            2.617908000946045,
            "C",
            NaN,
            NaN,
            false
        ],
        [
            -2.6318750381469727,
            4.009221076965332,
            2.2904560565948486,
            "H",
            NaN,
            NaN,
            false
        ],
        [
            -1.689005970954895,
            2.346160888671875,
            3.524761915206909,
            "C",
            NaN,
            NaN,
            false
        ],
        [
            -2.0456531047821045,
            1.356961965560913,
            4.624680042266846,
            "C",
            NaN,
            NaN,
            false
        ],
        [
            -2.8023509979248047,
            0.6078439950942993,
            4.358098983764648,
            "H",
            NaN,
            NaN,
            false
        ],
        [
            -2.317215919494629,
            1.8020930290222168,
            5.590586185455322,
            "H",
            NaN,
            NaN,
            false
        ],
        [
            -0.5472620129585266,
            0.8442299962043762,
            4.5307230949401855,
            "C",
            NaN,
            NaN,
            false
        ],
        [
            -0.4403350055217743,
            -0.2008270025253296,
            4.212253093719482,
            "H",
            NaN,
            NaN,
            false
        ],
        [
            0.045559000223875046,
            0.9965500235557556,
            5.44187593460083,
            "H",
            NaN,
            NaN,
            false
        ],
        [
            -0.3464969992637634,
            1.8857009410858154,
            3.439455032348633,
            "C",
            NaN,
            NaN,
            false
        ],
        [
            0.28139299154281616,
            2.619007110595703,
            2.4829649925231934,
            "C",
            NaN,
            NaN,
            false
        ],
        [
            1.2689260244369507,
            2.670474052429199,
            2.042570114135742,
            "H",
            NaN,
            NaN,
            false
        ],
        [
            10.674280166625977,
            5.87308406829834,
            2.078258991241455,
            "O",
            NaN,
            NaN,
            false
        ],
        [
            11.883630752563477,
            5.69749116897583,
            1.4303770065307617,
            "C",
            NaN,
            NaN,
            false
        ],
        [
            12.674751281738281,
            6.359838008880615,
            1.757828950881958,
            "H",
            NaN,
            NaN,
            false
        ],
        [
            11.731882095336914,
            4.696777820587158,
            0.5235229730606079,
            "C",
            NaN,
            NaN,
            false
        ],
        [
            12.088528633117676,
            3.7075788974761963,
            -0.5763949751853943,
            "C",
            NaN,
            NaN,
            false
        ],
        [
            12.845227241516113,
            2.958461046218872,
            -0.309814989566803,
            "H",
            NaN,
            NaN,
            false
        ],
        [
            12.360092163085938,
            4.1527099609375,
            -1.542301058769226,
            "H",
            NaN,
            NaN,
            false
        ],
        [
            10.59013843536377,
            3.1948471069335938,
            -0.48243799805641174,
            "C",
            NaN,
            NaN,
            false
        ],
        [
            10.4832124710083,
            2.149790048599243,
            -0.16396799683570862,
            "H",
            NaN,
            NaN,
            false
        ],
        [
            9.997316360473633,
            3.3471670150756836,
            -1.3935920000076294,
            "H",
            NaN,
            NaN,
            false
        ],
        [
            10.389372825622559,
            4.236318111419678,
            0.6088299751281738,
            "C",
            NaN,
            NaN,
            false
        ],
        [
            9.761484146118164,
            4.969624042510986,
            1.5653200149536133,
            "C",
            NaN,
            NaN,
            false
        ],
        [
            8.77394962310791,
            5.021090030670166,
            2.0057148933410645,
            "H",
            NaN,
            NaN,
            false
        ]
    ]
}