{
    "properties": {
        "lattice_vector_a": [
            5.736705,
            0.0,
            0.0
        ],
        "lattice_vector_b": [
            0.0,
            12.390473,
            0.0
        ],
        "lattice_vector_c": [
            1.552403,
            0.0,
            3.185727
        ],
        "unit_cell_volume": 226.4430311055911,
        "cell_vol": 226.4430311055911,
        "spg": 6
    },
    "struct_id": "target1_2mpc_3abce882db",
    "input_ref": null,
    "geometry": [
        [
            7.151455879211426,
            8.874198913574219,
            -0.9765409827232361,
            "O",
            NaN,
            NaN,
            false
        ],
        [
            6.592274188995361,
            10.031003952026367,
            -0.4644559919834137,
            "C",
            NaN,
            NaN,
            false
        ],
        [
            6.781062126159668,
            10.923412322998047,
            -1.0473459959030151,
            "H",
            NaN,
            NaN,
            false
        ],
        [
            5.9325690269470215,
            9.707222938537598,
            0.678695023059845,
            "C",
            NaN,
            NaN,
            false
        ],
        [
            5.099246978759766,
            9.885348320007324,
            1.939399003982544,
            "C",
            NaN,
            NaN,
            false
        ],
        [
            4.063717842102051,
            10.211679458618164,
            1.778082013130188,
            "H",
            NaN,
            NaN,
            false
        ],
        [
            5.5487589836120605,
            10.515363693237305,
            2.7177839279174805,
            "H",
            NaN,
            NaN,
            false
        ],
        [
            5.271475791931152,
            8.325221061706543,
            2.170124053955078,
            "C",
            NaN,
            NaN,
            false
        ],
        [
            4.335247993469238,
            7.752683162689209,
            2.144063949584961,
            "H",
            NaN,
            NaN,
            false
        ],
        [
            5.8228759765625,
            8.056268692016602,
            3.0803229808807373,
            "H",
            NaN,
            NaN,
            false
        ],
        [
            6.085733890533447,
            8.308734893798828,
            0.8846099972724915,
            "C",
            NaN,
            NaN,
            false
        ],
        [
            6.83436918258667,
            7.820344924926758,
            -0.13905000686645508,
            "C",
            NaN,
            NaN,
            false
        ],
        [
            7.225359916687012,
            6.8596320152282715,
            -0.44884398579597473,
            "H",
            NaN,
            NaN,
            false
        ],
        [
            7.151455879211426,
            3.516274929046631,
            -0.9765409827232361,
            "O",
            NaN,
            NaN,
            false
        ],
        [
            6.592274188995361,
            2.3594698905944824,
            -0.4644559919834137,
            "C",
            NaN,
            NaN,
            false
        ],
        [
            6.781062126159668,
            1.4670610427856445,
            -1.0473459959030151,
            "H",
            NaN,
            NaN,
            false
        ],
        [
            5.9325690269470215,
            2.683250904083252,
            0.678695023059845,
            "C",
            NaN,
            NaN,
            false
        ],
        [
            5.099246978759766,
            2.505125045776367,
            1.939399003982544,
            "C",
            NaN,
            NaN,
            false
        ],
        [
            4.063717842102051,
            2.1787939071655273,
            1.778082013130188,
            "H",
            NaN,
            NaN,
            false
        ],
        [
            5.5487589836120605,
            1.8751100301742554,
            2.7177839279174805,
            "H",
            NaN,
            NaN,
            false
        ],
        [
            5.271475791931152,
            4.065252780914307,
            2.170124053955078,
            "C",
            NaN,
            NaN,
            false
        ],
        [
            4.335247993469238,
            4.637790203094482,
            2.144063949584961,
            "H",
            NaN,
            NaN,
            false
        ],
        [
            5.8228759765625,
            4.334205150604248,
            3.0803229808807373,
            "H",
            NaN,
            NaN,
            false
        ],
        [
            6.085733890533447,
            4.0817389488220215,
            0.8846099972724915,
            "C",
            NaN,
            NaN,
            false
        ],
        [
            6.83436918258667,
            4.570127964019775,
            -0.13905000686645508,
            "C",
            NaN,
            NaN,
            false
        ],
        [
            7.225359916687012,
            5.530841827392578,
            -0.44884398579597473,
            "H",
            NaN,
            NaN,
            false
        ]
    ]
}