{
    "properties": {
        "lattice_vector_a": [
            4.949204,
            0.0,
            0.0
        ],
        "lattice_vector_b": [
            0.0,
            14.509794,
            0.0
        ],
        "lattice_vector_c": [
            2.519146,
            0.0,
            3.978516
        ],
        "unit_cell_volume": 285.7049145009566,
        "cell_vol": 285.7049145009566,
        "spg": 6
    },
    "struct_id": "target1_2mpc_9de2e3551f",
    "input_ref": null,
    "geometry": [
        [
            4.748301982879639,
            13.110589027404785,
            1.7077889442443848,
            "O",
            NaN,
            NaN,
            false
        ],
        [
            3.7685139179229736,
            12.261727333068848,
            1.2255419492721558,
            "C",
            NaN,
            NaN,
            false
        ],
        [
            3.0761311054229736,
            12.716594696044922,
            0.528764009475708,
            "H",
            NaN,
            NaN,
            false
        ],
        [
            3.9593920707702637,
            11.039192199707031,
            1.787513017654419,
            "C",
            NaN,
            NaN,
            false
        ],
        [
            3.731020927429199,
            9.569055557250977,
            2.107003927230835,
            "C",
            NaN,
            NaN,
            false
        ],
        [
            3.852994918823242,
            8.878429412841797,
            1.2626160383224487,
            "H",
            NaN,
            NaN,
            false
        ],
        [
            2.78678297996521,
            9.337433815002441,
            2.616542100906372,
            "H",
            NaN,
            NaN,
            false
        ],
        [
            4.991781234741211,
            9.670132637023926,
            3.064690113067627,
            "C",
            NaN,
            NaN,
            false
        ],
        [
            5.839446067810059,
            9.036255836486816,
            2.7737200260162354,
            "H",
            NaN,
            NaN,
            false
        ],
        [
            4.773403167724609,
            9.499473571777344,
            4.126776218414307,
            "H",
            NaN,
            NaN,
            false
        ],
        [
            5.090220928192139,
            11.129487991333008,
            2.6446590423583984,
            "C",
            NaN,
            NaN,
            false
        ],
        [
            5.556106090545654,
            12.404509544372559,
            2.5803980827331543,
            "C",
            NaN,
            NaN,
            false
        ],
        [
            6.362371921539307,
            12.978306770324707,
            3.019155979156494,
            "H",
            NaN,
            NaN,
            false
        ],
        [
            4.748301982879639,
            1.399204969406128,
            1.7077889442443848,
            "O",
            NaN,
            NaN,
            false
        ],
        [
            3.7685139179229736,
            2.2480669021606445,
            1.2255419492721558,
            "C",
            NaN,
            NaN,
            false
        ],
        [
            3.0761311054229736,
            1.7932000160217285,
            0.528764009475708,
            "H",
            NaN,
            NaN,
            false
        ],
        [
            3.9593920707702637,
            3.470602035522461,
            1.787513017654419,
            "C",
            NaN,
            NaN,
            false
        ],
        [
            3.731020927429199,
            4.940739154815674,
            2.107003927230835,
            "C",
            NaN,
            NaN,
            false
        ],
        [
            3.852994918823242,
            5.631364822387695,
            1.2626160383224487,
            "H",
            NaN,
            NaN,
            false
        ],
        [
            2.78678297996521,
            5.172360897064209,
            2.616542100906372,
            "H",
            NaN,
            NaN,
            false
        ],
        [
            4.991781234741211,
            4.839662075042725,
            3.064690113067627,
            "C",
            NaN,
            NaN,
            false
        ],
        [
            5.839446067810059,
            5.473537921905518,
            2.7737200260162354,
            "H",
            NaN,
            NaN,
            false
        ],
        [
            4.773403167724609,
            5.010321140289307,
            4.126776218414307,
            "H",
            NaN,
            NaN,
            false
        ],
        [
            5.090220928192139,
            3.3803060054779053,
            2.6446590423583984,
            "C",
            NaN,
            NaN,
            false
        ],
        [
            5.556106090545654,
            2.1052849292755127,
            2.5803980827331543,
            "C",
            NaN,
            NaN,
            false
        ],
        [
            6.362371921539307,
            1.5314879417419434,
            3.019155979156494,
            "H",
            NaN,
            NaN,
            false
        ]
    ]
}