{
    "properties": {
        "lattice_vector_a": [
            6.849509,
            0.0,
            0.0
        ],
        "lattice_vector_b": [
            0.0,
            6.884504,
            0.0
        ],
        "lattice_vector_c": [
            -1.734276,
            0.0,
            6.679474
        ],
        "unit_cell_volume": 314.97374990669147,
        "cell_vol": 314.97374990669147,
        "spg": 7
    },
    "struct_id": "target1_2mpc_dc309405a1",
    "input_ref": null,
    "geometry": [
        [
            2.899111032485962,
            5.145503997802734,
            2.6751670837402344,
            "O",
            NaN,
            NaN,
            false
        ],
        [
            2.1013150215148926,
            5.8753838539123535,
            1.812662959098816,
            "C",
            NaN,
            NaN,
            false
        ],
        [
            2.639451026916504,
            6.420677185058594,
            1.0478990077972412,
            "H",
            NaN,
            NaN,
            false
        ],
        [
            0.8068299889564514,
            5.694253921508789,
            2.1846001148223877,
            "C",
            NaN,
            NaN,
            false
        ],
        [
            -0.7088009715080261,
            5.8293890953063965,
            2.1732029914855957,
            "C",
            NaN,
            NaN,
            false
        ],
        [
            -1.2115269899368286,
            5.4268798828125,
            1.284335970878601,
            "H",
            NaN,
            NaN,
            false
        ],
        [
            -1.0946650505065918,
            6.838321208953857,
            2.368211030960083,
            "H",
            NaN,
            NaN,
            false
        ],
        [
            -0.7182819843292236,
            4.863108158111572,
            3.4314188957214355,
            "C",
            NaN,
            NaN,
            false
        ],
        [
            -1.2282929420471191,
            3.904787063598633,
            3.268594980239868,
            "H",
            NaN,
            NaN,
            false
        ],
        [
            -1.1071250438690186,
            5.316318988800049,
            4.352418899536133,
            "H",
            NaN,
            NaN,
            false
        ],
        [
            0.7983300089836121,
            4.827060222625732,
            3.3113350868225098,
            "C",
            NaN,
            NaN,
            false
        ],
        [
            2.0879430770874023,
            4.504520893096924,
            3.5936920642852783,
            "C",
            NaN,
            NaN,
            false
        ],
        [
            2.6141738891601562,
            3.9003689289093018,
            4.321633815765381,
            "H",
            NaN,
            NaN,
            false
        ],
        [
            2.031972885131836,
            1.7389999628067017,
            6.0149030685424805,
            "O",
            NaN,
            NaN,
            false
        ],
        [
            1.2341769933700562,
            1.009119987487793,
            5.152400016784668,
            "C",
            NaN,
            NaN,
            false
        ],
        [
            1.7723129987716675,
            0.4638270139694214,
            4.387636184692383,
            "H",
            NaN,
            NaN,
            false
        ],
        [
            -0.06030799821019173,
            1.190250039100647,
            5.524336814880371,
            "C",
            NaN,
            NaN,
            false
        ],
        [
            -1.5759390592575073,
            1.055114984512329,
            5.512939929962158,
            "C",
            NaN,
            NaN,
            false
        ],
        [
            -2.078665018081665,
            1.4576239585876465,
            4.624073028564453,
            "H",
            NaN,
            NaN,
            false
        ],
        [
            -1.9618029594421387,
            0.04618300125002861,
            5.707948207855225,
            "H",
            NaN,
            NaN,
            false
        ],
        [
            -1.58542001247406,
            2.0213959217071533,
            6.771155834197998,
            "C",
            NaN,
            NaN,
            false
        ],
        [
            -2.095431089401245,
            2.9797170162200928,
            6.60833215713501,
            "H",
            NaN,
            NaN,
            false
        ],
        [
            -1.9742629528045654,
            1.5681849718093872,
            7.692154884338379,
            "H",
            NaN,
            NaN,
            false
        ],
        [
            -0.06880799680948257,
            2.0574440956115723,
            6.651072025299072,
            "C",
            NaN,
            NaN,
            false
        ],
        [
            1.22080397605896,
            2.3799829483032227,
            6.933428764343262,
            "C",
            NaN,
            NaN,
            false
        ],
        [
            1.747035026550293,
            2.9841339588165283,
            7.661371231079102,
            "H",
            NaN,
            NaN,
            false
        ]
    ]
}