{
    "properties": {
        "lattice_vector_a": [
            9.084964,
            0.0,
            0.0
        ],
        "lattice_vector_b": [
            0.0,
            9.137834,
            0.0
        ],
        "lattice_vector_c": [
            -4.110443,
            0.0,
            2.788061
        ],
        "unit_cell_volume": 231.45616151366562,
        "cell_vol": 231.45616151366562,
        "spg": 4,
        "molecule_harris_info": [
            [
                72.06295207256063,
                -31.384438066325238,
                -135.14253158498838,
                1.4336128865784787,
                2.3809093871015183,
                1.3484428223628708,
                false
            ],
            [
                107.9363640146057,
                -148.6153847515812,
                44.856725321025934,
                3.540909838169179,
                6.9498260135346275,
                1.439609653732561,
                false
            ]
        ],
        "harris_energy": -16713.397750269
    },
    "struct_id": "target1_2mpc_d158b5b0bc",
    "input_ref": null,
    "geometry": [
        [
            3.2393720149993896,
            2.751607894897461,
            1.2597509622573853,
            "O",
            NaN,
            NaN,
            false
        ],
        [
            2.236370086669922,
            3.4752941131591797,
            0.6405760049819946,
            "C",
            NaN,
            NaN,
            false
        ],
        [
            2.5789690017700195,
            4.324979782104492,
            0.06398499757051468,
            "H",
            NaN,
            NaN,
            false
        ],
        [
            1.0483369827270508,
            2.8892030715942383,
            0.9437519907951355,
            "C",
            NaN,
            NaN,
            false
        ],
        [
            -0.4541490077972412,
            2.6496241092681885,
            0.9695799946784973,
            "C",
            NaN,
            NaN,
            false
        ],
        [
            -0.908594012260437,
            2.3997130393981934,
            0.0021830000914633274,
            "H",
            NaN,
            NaN,
            false
        ],
        [
            -1.050469994544983,
            3.4396419525146484,
            1.4440679550170898,
            "H",
            NaN,
            NaN,
            false
        ],
        [
            -0.15206199884414673,
            1.4002870321273804,
            1.8995250463485718,
            "C",
            NaN,
            NaN,
            false
        ],
        [
            -0.43436399102211,
            0.43066298961639404,
            1.4692490100860596,
            "H",
            NaN,
            NaN,
            false
        ],
        [
            -0.572085976600647,
            1.4717379808425903,
            2.911113977432251,
            "H",
            NaN,
            NaN,
            false
        ],
        [
            1.3192880153656006,
            1.7686630487442017,
            1.775979995727539,
            "C",
            NaN,
            NaN,
            false
        ],
        [
            2.6647419929504395,
            1.703987956047058,
            1.9560530185699463,
            "C",
            NaN,
            NaN,
            false
        ],
        [
            3.3658111095428467,
            1.068477988243103,
            2.4818379878997803,
            "H",
            NaN,
            NaN,
            false
        ],
        [
            1.7351490259170532,
            7.320525169372559,
            1.528309941291809,
            "O",
            NaN,
            NaN,
            false
        ],
        [
            2.7381510734558105,
            8.044211387634277,
            2.1474850177764893,
            "C",
            NaN,
            NaN,
            false
        ],
        [
            2.395551919937134,
            8.89389705657959,
            2.724076986312866,
            "H",
            NaN,
            NaN,
            false
        ],
        [
            3.9261839389801025,
            7.458119869232178,
            1.8443100452423096,
            "C",
            NaN,
            NaN,
            false
        ],
        [
            5.428670883178711,
            7.218541145324707,
            1.8184809684753418,
            "C",
            NaN,
            NaN,
            false
        ],
        [
            5.883115768432617,
            6.968630790710449,
            2.7858779430389404,
            "H",
            NaN,
            NaN,
            false
        ],
        [
            6.024990081787109,
            8.00855827331543,
            1.3439940214157104,
            "H",
            NaN,
            NaN,
            false
        ],
        [
            5.126583099365234,
            5.969202995300293,
            0.8885369896888733,
            "C",
            NaN,
            NaN,
            false
        ],
        [
            5.4088850021362305,
            4.999578952789307,
            1.3188120126724243,
            "H",
            NaN,
            NaN,
            false
        ],
        [
            5.546607971191406,
            6.040656089782715,
            -0.12305299937725067,
            "H",
            NaN,
            NaN,
            false
        ],
        [
            3.6552329063415527,
            6.337578773498535,
            1.0120819807052612,
            "C",
            NaN,
            NaN,
            false
        ],
        [
            2.3097779750823975,
            6.272903919219971,
            0.8320080041885376,
            "C",
            NaN,
            NaN,
            false
        ],
        [
            1.6087110042572021,
            5.637393951416016,
            0.30622398853302,
            "H",
            NaN,
            NaN,
            false
        ]
    ]
}