{
    "properties": {
        "Z": 2,
        "number_of_atoms_in_molecule": 12,
        "unit_cell_volume": 258.503784,
        "attempted_spg": 16,
        "attempted_wyckoff_position": "2n",
        "site_symmetry_group": "2",
        "spg": 16,
        "lattice_vector_a": [
            2.904825,
            0.0,
            0.0
        ],
        "lattice_vector_b": [
            4.2566916384333253e-16,
            6.951705,
            0.0
        ],
        "lattice_vector_c": [
            7.838563701838888e-16,
            7.838563701838888e-16,
            12.801346
        ],
        "cell_vol": 258.5038073335973,
        "a": 2.904825,
        "b": 6.951705,
        "c": 12.801346,
        "alpha": 90,
        "beta": 90,
        "gamma": 90,
        "RSF": [
            1.8019300699234009,
            3.6260197162628174,
            5.648336410522461,
            6.871944904327393,
            7.51791524887085,
            9.105278968811035,
            11.547846794128418,
            13.106895446777344,
            13.012059211730957,
            11.573623657226562,
            9.031871795654297,
            5.846256732940674,
            1.3504719734191895,
            2.8567638397216797,
            5.240612506866455,
            7.816703796386719,
            9.633736610412598,
            11.036629676818848,
            12.406035423278809,
            12.968779563903809,
            12.356648445129395,
            10.78664779663086,
            8.357165336608887,
            5.480750560760498,
            1.350472092628479,
            2.8567638397216797,
            5.240612506866455,
            7.816703796386719,
            9.633735656738281,
            11.036629676818848,
            12.406033515930176,
            12.968779563903809,
            12.356647491455078,
            10.786646842956543,
            8.357165336608887,
            5.480750560760498,
            0.898540198802948,
            2.5109751224517822,
            4.779737949371338,
            7.186898708343506,
            9.549691200256348,
            11.637661933898926,
            13.08829116821289,
            13.321266174316406,
            12.233246803283691,
            10.380575180053711,
            8.035327911376953,
            5.353847980499268
        ],
        "file_path": "benzene_2mpc_0_he_rsf/geometry_8724258a20.json",
        "replica": "init_pool",
        "AP_cluster": 5
    },
    "struct_id": "geometry_8724258a20",
    "input_ref": null,
    "geometry": [
        [
            1.6271710395812988,
            0.6771349906921387,
            10.872836112976074,
            "C",
            NaN,
            NaN,
            false
        ],
        [
            1.2776540517807007,
            -0.677137017250061,
            10.872836112976074,
            "C",
            NaN,
            NaN,
            false
        ],
        [
            1.1028900146484375,
            -1.3542929887771606,
            9.661616325378418,
            "C",
            NaN,
            NaN,
            false
        ],
        [
            1.2776540517807007,
            -0.677137017250061,
            8.450396537780762,
            "C",
            NaN,
            NaN,
            false
        ],
        [
            1.6271710395812988,
            0.6771349906921387,
            8.450396537780762,
            "C",
            NaN,
            NaN,
            false
        ],
        [
            1.8019349575042725,
            1.3542929887771606,
            9.661616325378418,
            "C",
            NaN,
            NaN,
            false
        ],
        [
            1.763524055480957,
            1.2054619789123535,
            11.818061828613281,
            "H",
            NaN,
            NaN,
            false
        ],
        [
            1.1412999629974365,
            -1.2054630517959595,
            11.818061828613281,
            "H",
            NaN,
            NaN,
            false
        ],
        [
            0.8301500082015991,
            -2.4110770225524902,
            9.661616325378418,
            "H",
            NaN,
            NaN,
            false
        ],
        [
            1.1412999629974365,
            -1.2054630517959595,
            7.505169868469238,
            "H",
            NaN,
            NaN,
            false
        ],
        [
            1.7635250091552734,
            1.2054619789123535,
            7.505169868469238,
            "H",
            NaN,
            NaN,
            false
        ],
        [
            2.074676036834717,
            2.4110770225524902,
            9.661616325378418,
            "H",
            NaN,
            NaN,
            false
        ],
        [
            1.6271710395812988,
            -0.6771360039710999,
            1.9285110235214233,
            "C",
            NaN,
            NaN,
            false
        ],
        [
            1.2776540517807007,
            0.6771360039710999,
            1.9285110235214233,
            "C",
            NaN,
            NaN,
            false
        ],
        [
            1.1028900146484375,
            1.3542929887771606,
            3.1397290229797363,
            "C",
            NaN,
            NaN,
            false
        ],
        [
            1.2776540517807007,
            0.6771360039710999,
            4.350947856903076,
            "C",
            NaN,
            NaN,
            false
        ],
        [
            1.6271710395812988,
            -0.6771360039710999,
            4.350947856903076,
            "C",
            NaN,
            NaN,
            false
        ],
        [
            1.8019349575042725,
            -1.3542920351028442,
            3.1397290229797363,
            "C",
            NaN,
            NaN,
            false
        ],
        [
            1.763524055480957,
            -1.2054619789123535,
            0.9832829833030701,
            "H",
            NaN,
            NaN,
            false
        ],
        [
            1.1412999629974365,
            1.2054630517959595,
            0.9832829833030701,
            "H",
            NaN,
            NaN,
            false
        ],
        [
            0.8301500082015991,
            2.4110770225524902,
            3.1397299766540527,
            "H",
            NaN,
            NaN,
            false
        ],
        [
            1.1412999629974365,
            1.2054619789123535,
            5.296175956726074,
            "H",
            NaN,
            NaN,
            false
        ],
        [
            1.7635250091552734,
            -1.2054619789123535,
            5.296175956726074,
            "H",
            NaN,
            NaN,
            false
        ],
        [
            2.074676036834717,
            -2.411076068878174,
            3.1397299766540527,
            "H",
            NaN,
            NaN,
            false
        ]
    ]
}