{
    "properties": {
        "Z": 2,
        "number_of_atoms_in_molecule": 12,
        "unit_cell_volume": 250.856323,
        "attempted_spg": 116,
        "attempted_wyckoff_position": "2a",
        "site_symmetry_group": "222",
        "spg": 132,
        "lattice_vector_a": [
            5.725389,
            0.0,
            0.0
        ],
        "lattice_vector_b": [
            4.053133296772651e-16,
            6.619269,
            0.0
        ],
        "lattice_vector_c": [
            4.053133296772651e-16,
            4.053133296772651e-16,
            6.619269
        ],
        "cell_vol": 250.85632791711137,
        "a": 5.725389,
        "b": 6.619269,
        "c": 6.619269,
        "alpha": 90,
        "beta": 90,
        "gamma": 90,
        "RSF": [
            1.7906055450439453,
            3.6140525341033936,
            5.706159591674805,
            7.068619251251221,
            7.809091091156006,
            9.492192268371582,
            12.091614723205566,
            13.700308799743652,
            13.509322166442871,
            11.963086128234863,
            9.289015769958496,
            5.957722187042236,
            1.3423470258712769,
            2.84659743309021,
            5.2775750160217285,
            8.043498992919922,
            10.087098121643066,
            11.483894348144531,
            12.877540588378906,
            13.562762260437012,
            12.765477180480957,
            10.966331481933594,
            8.519332885742188,
            5.628824710845947,
            1.3423471450805664,
            2.84659743309021,
            5.2775750160217285,
            8.043498039245605,
            10.087098121643066,
            11.483894348144531,
            12.877540588378906,
            13.562760353088379,
            12.765477180480957,
            10.966330528259277,
            8.519331932067871,
            5.628824710845947,
            0.9088289141654968,
            2.5938735008239746,
            4.953193664550781,
            7.405963897705078,
            9.843832969665527,
            11.9887113571167,
            13.530306816101074,
            13.849044799804688,
            12.594513893127441,
            10.565628051757812,
            8.226546287536621,
            5.567805767059326
        ],
        "file_path": "benzene_2mpc_0_he_rsf/geometry_0dad1e81f1.json",
        "replica": "init_pool",
        "AP_cluster": 5
    },
    "struct_id": "geometry_0dad1e81f1",
    "input_ref": null,
    "geometry": [
        [
            1.4313470125198364,
            -0.9889209866523743,
            0.9889209866523743,
            "C",
            NaN,
            NaN,
            false
        ],
        [
            1.4313470125198364,
            0.3620469868183136,
            1.350998044013977,
            "C",
            NaN,
            NaN,
            false
        ],
        [
            1.4313470125198364,
            1.3509989976882935,
            0.3620469868183136,
            "C",
            NaN,
            NaN,
            false
        ],
        [
            1.4313470125198364,
            0.9889219999313354,
            -0.9889219999313354,
            "C",
            NaN,
            NaN,
            false
        ],
        [
            1.4313470125198364,
            -0.3620460033416748,
            -1.3509989976882935,
            "C",
            NaN,
            NaN,
            false
        ],
        [
            1.4313470125198364,
            -1.350998044013977,
            -0.3620469868183136,
            "C",
            NaN,
            NaN,
            false
        ],
        [
            1.4313470125198364,
            -1.7606630325317383,
            1.7606630325317383,
            "H",
            NaN,
            NaN,
            false
        ],
        [
            1.4313470125198364,
            0.6443759799003601,
            2.4052600860595703,
            "H",
            NaN,
            NaN,
            false
        ],
        [
            1.4313470125198364,
            2.4052610397338867,
            0.6443759799003601,
            "H",
            NaN,
            NaN,
            false
        ],
        [
            1.4313470125198364,
            1.7606639862060547,
            -1.7606639862060547,
            "H",
            NaN,
            NaN,
            false
        ],
        [
            1.4313470125198364,
            -0.6443759799003601,
            -2.4052610397338867,
            "H",
            NaN,
            NaN,
            false
        ],
        [
            1.4313470125198364,
            -2.4052600860595703,
            -0.6443759799003601,
            "H",
            NaN,
            NaN,
            false
        ],
        [
            4.294042110443115,
            0.9889209866523743,
            0.9889199733734131,
            "C",
            NaN,
            NaN,
            false
        ],
        [
            4.294042110443115,
            1.350998044013977,
            -0.3620469868183136,
            "C",
            NaN,
            NaN,
            false
        ],
        [
            4.294042110443115,
            0.3620469868183136,
            -1.3509989976882935,
            "C",
            NaN,
            NaN,
            false
        ],
        [
            4.294042110443115,
            -0.9889219999313354,
            -0.9889219999313354,
            "C",
            NaN,
            NaN,
            false
        ],
        [
            4.294042110443115,
            -1.3509989976882935,
            0.3620469868183136,
            "C",
            NaN,
            NaN,
            false
        ],
        [
            4.294042110443115,
            -0.3620469868183136,
            1.350998044013977,
            "C",
            NaN,
            NaN,
            false
        ],
        [
            4.294042110443115,
            1.7606630325317383,
            1.7606630325317383,
            "H",
            NaN,
            NaN,
            false
        ],
        [
            4.294042110443115,
            2.4052600860595703,
            -0.6443759799003601,
            "H",
            NaN,
            NaN,
            false
        ],
        [
            4.294042110443115,
            0.6443759799003601,
            -2.4052610397338867,
            "H",
            NaN,
            NaN,
            false
        ],
        [
            4.294042110443115,
            -1.7606639862060547,
            -1.7606639862060547,
            "H",
            NaN,
            NaN,
            false
        ],
        [
            4.294042110443115,
            -2.4052610397338867,
            0.6443759799003601,
            "H",
            NaN,
            NaN,
            false
        ],
        [
            4.294042110443115,
            -0.6443759799003601,
            2.4052600860595703,
            "H",
            NaN,
            NaN,
            false
        ]
    ]
}