{
    "properties": {
        "Z": 2,
        "number_of_atoms_in_molecule": 12,
        "unit_cell_volume": 225.796082,
        "attempted_spg": 187,
        "attempted_wyckoff_position": "2i",
        "site_symmetry_group": "3m",
        "spg": 191,
        "lattice_vector_a": [
            6.212941,
            0.0,
            0.0
        ],
        "lattice_vector_b": [
            3.9666615986082556e-16,
            6.47805,
            0.0
        ],
        "lattice_vector_c": [
            3.966661669144049e-16,
            -3.239025000000001,
            5.610155999999999
        ],
        "cell_vol": 225.79611376455185,
        "a": 6.212941,
        "b": 6.47805,
        "c": 6.478050115193692,
        "alpha": 119.99999941177106,
        "beta": 90.0,
        "gamma": 90.0,
        "RSF": [
            1.6453322172164917,
            3.250075340270996,
            5.435194492340088,
            7.669731140136719,
            9.524482727050781,
            11.885539054870605,
            14.988953590393066,
            16.656618118286133,
            15.38189697265625,
            12.379593849182129,
            9.041784286499023,
            5.791038513183594,
            1.3223885297775269,
            2.862415075302124,
            5.628623962402344,
            9.180023193359375,
            11.978543281555176,
            13.406224250793457,
            14.27000904083252,
            14.67619800567627,
            13.841033935546875,
            11.80037784576416,
            9.162619590759277,
            6.318467617034912,
            1.3223885297775269,
            2.862415075302124,
            5.628623962402344,
            9.180023193359375,
            11.978543281555176,
            13.406224250793457,
            14.27000904083252,
            14.67619800567627,
            13.841033935546875,
            11.80037784576416,
            9.162619590759277,
            6.31846809387207,
            1.0974198579788208,
            2.908261299133301,
            5.566382884979248,
            8.512718200683594,
            10.970423698425293,
            12.795453071594238,
            14.538599967956543,
            15.523728370666504,
            14.48334789276123,
            11.990165710449219,
            9.148702621459961,
            6.113893032073975
        ]
    },
    "struct_id": "geometry_a43448436b",
    "input_ref": null,
    "geometry": [
        [
            1.6286059617996216,
            4.450272083282471,
            2.569365978240967,
            "C",
            NaN,
            NaN,
            false
        ],
        [
            1.6286059617996216,
            4.450273036956787,
            1.1707379817962646,
            "C",
            NaN,
            NaN,
            false
        ],
        [
            1.6286059617996216,
            3.239025115966797,
            0.47142401337623596,
            "C",
            NaN,
            NaN,
            false
        ],
        [
            1.6286059617996216,
            2.0277769565582275,
            1.1707379817962646,
            "C",
            NaN,
            NaN,
            false
        ],
        [
            1.6286059617996216,
            2.0277769565582275,
            2.569365978240967,
            "C",
            NaN,
            NaN,
            false
        ],
        [
            1.6286059617996216,
            3.239025115966797,
            3.2686800956726074,
            "C",
            NaN,
            NaN,
            false
        ],
        [
            1.6286059617996216,
            5.39546012878418,
            3.1150710582733154,
            "H",
            NaN,
            NaN,
            false
        ],
        [
            1.6286059617996216,
            5.39546012878418,
            0.6250330209732056,
            "H",
            NaN,
            NaN,
            false
        ],
        [
            1.6286059617996216,
            3.239025115966797,
            -0.6199859976768494,
            "H",
            NaN,
            NaN,
            false
        ],
        [
            1.6286059617996216,
            1.082589030265808,
            0.6250330209732056,
            "H",
            NaN,
            NaN,
            false
        ],
        [
            1.6286059617996216,
            1.0825879573822021,
            3.1150710582733154,
            "H",
            NaN,
            NaN,
            false
        ],
        [
            1.6286059617996216,
            3.2390239238739014,
            4.36008882522583,
            "H",
            NaN,
            NaN,
            false
        ],
        [
            4.584334850311279,
            3.239025115966797,
            0.47142401337623596,
            "C",
            NaN,
            NaN,
            false
        ],
        [
            4.584334850311279,
            2.0277769565582275,
            1.1707379817962646,
            "C",
            NaN,
            NaN,
            false
        ],
        [
            4.584334850311279,
            2.0277769565582275,
            2.569365978240967,
            "C",
            NaN,
            NaN,
            false
        ],
        [
            4.584334850311279,
            3.239025115966797,
            3.2686800956726074,
            "C",
            NaN,
            NaN,
            false
        ],
        [
            4.584334850311279,
            4.450273036956787,
            2.569365978240967,
            "C",
            NaN,
            NaN,
            false
        ],
        [
            4.584334850311279,
            4.450273036956787,
            1.1707379817962646,
            "C",
            NaN,
            NaN,
            false
        ],
        [
            4.584334850311279,
            3.239025115966797,
            -0.6199859976768494,
            "H",
            NaN,
            NaN,
            false
        ],
        [
            4.584334850311279,
            1.082589030265808,
            0.6250330209732056,
            "H",
            NaN,
            NaN,
            false
        ],
        [
            4.584334850311279,
            1.0825879573822021,
            3.1150710582733154,
            "H",
            NaN,
            NaN,
            false
        ],
        [
            4.584334850311279,
            3.2390239238739014,
            4.36008882522583,
            "H",
            NaN,
            NaN,
            false
        ],
        [
            4.584334850311279,
            5.39546012878418,
            3.1150710582733154,
            "H",
            NaN,
            NaN,
            false
        ],
        [
            4.584334850311279,
            5.395461082458496,
            0.6250330209732056,
            "H",
            NaN,
            NaN,
            false
        ]
    ]
}