{
    "properties": {
        "Z": 2,
        "number_of_atoms_in_molecule": 12,
        "unit_cell_volume": 234.117462,
        "attempted_spg": 18,
        "attempted_wyckoff_position": "2a",
        "site_symmetry_group": "2",
        "spg": 18,
        "lattice_vector_a": [
            3.000939,
            0.0,
            0.0
        ],
        "lattice_vector_b": [
            4.0484098340683393e-16,
            6.611555,
            0.0
        ],
        "lattice_vector_c": [
            7.225266708059888e-16,
            7.225266708059888e-16,
            11.799756
        ],
        "cell_vol": 234.117463178638,
        "a": 3.000939,
        "b": 6.611555,
        "c": 11.799756,
        "alpha": 90.0,
        "beta": 90.0,
        "gamma": 90.0,
        "RSF": [
            1.6899023056030273,
            3.3590242862701416,
            5.467161655426025,
            7.302218914031982,
            8.693798065185547,
            10.937846183776855,
            14.249930381774902,
            16.127531051635742,
            15.027702331542969,
            12.2428560256958,
            9.044135093688965,
            5.763497829437256,
            1.2961504459381104,
            2.772486925125122,
            5.424362659454346,
            8.771456718444824,
            11.338290214538574,
            12.910008430480957,
            14.126832008361816,
            14.368969917297363,
            13.174860954284668,
            11.240338325500488,
            8.906925201416016,
            6.112594127655029,
            1.2961503267288208,
            2.772486925125122,
            5.424362659454346,
            8.771456718444824,
            11.338290214538574,
            12.91001033782959,
            14.126832008361816,
            14.368969917297363,
            13.174860954284668,
            11.240338325500488,
            8.9069242477417,
            6.112593173980713,
            0.9502658843994141,
            2.781930923461914,
            5.493625640869141,
            8.246578216552734,
            10.535148620605469,
            12.526347160339355,
            14.1461763381958,
            14.691046714782715,
            13.777234077453613,
            11.647331237792969,
            8.899067878723145,
            5.929571628570557
        ]
    },
    "struct_id": "geometry_5bfdea5c75",
    "input_ref": null,
    "geometry": [
        [
            0.5917609930038452,
            1.319443941116333,
            12.263437271118164,
            "C",
            NaN,
            NaN,
            false
        ],
        [
            0.5917609930038452,
            0.2581399977207184,
            13.174397468566895,
            "C",
            NaN,
            NaN,
            false
        ],
        [
            0.5917609930038452,
            -1.061344027519226,
            12.710702896118164,
            "C",
            NaN,
            NaN,
            false
        ],
        [
            0.5917609930038452,
            -1.319443941116333,
            11.336074829101562,
            "C",
            NaN,
            NaN,
            false
        ],
        [
            0.5917609930038452,
            -0.2581399977207184,
            10.425114631652832,
            "C",
            NaN,
            NaN,
            false
        ],
        [
            0.5917609930038452,
            1.061344027519226,
            10.888808250427246,
            "C",
            NaN,
            NaN,
            false
        ],
        [
            0.5917609930038452,
            2.3491220474243164,
            12.625287055969238,
            "H",
            NaN,
            NaN,
            false
        ],
        [
            0.5917609930038452,
            0.459758996963501,
            14.247023582458496,
            "H",
            NaN,
            NaN,
            false
        ],
        [
            0.5917609930038452,
            -1.8896570205688477,
            13.421388626098633,
            "H",
            NaN,
            NaN,
            false
        ],
        [
            0.5917609930038452,
            -2.3491220474243164,
            10.974224090576172,
            "H",
            NaN,
            NaN,
            false
        ],
        [
            0.5917609930038452,
            -0.459758996963501,
            9.352486610412598,
            "H",
            NaN,
            NaN,
            false
        ],
        [
            0.5917609930038452,
            1.8896570205688477,
            10.178123474121094,
            "H",
            NaN,
            NaN,
            false
        ],
        [
            2.4091780185699463,
            1.986333966255188,
            6.363558769226074,
            "C",
            NaN,
            NaN,
            false
        ],
        [
            2.4091780185699463,
            3.047637939453125,
            7.274518966674805,
            "C",
            NaN,
            NaN,
            false
        ],
        [
            2.4091780185699463,
            4.367122173309326,
            6.810824871063232,
            "C",
            NaN,
            NaN,
            false
        ],
        [
            2.4091780185699463,
            4.625222206115723,
            5.436196804046631,
            "C",
            NaN,
            NaN,
            false
        ],
        [
            2.4091780185699463,
            3.563918113708496,
            4.525237083435059,
            "C",
            NaN,
            NaN,
            false
        ],
        [
            2.4091780185699463,
            2.2444329261779785,
            4.988931179046631,
            "C",
            NaN,
            NaN,
            false
        ],
        [
            2.4091780185699463,
            0.9566550254821777,
            6.725409030914307,
            "H",
            NaN,
            NaN,
            false
        ],
        [
            2.4091780185699463,
            2.8460190296173096,
            8.347146034240723,
            "H",
            NaN,
            NaN,
            false
        ],
        [
            2.4091780185699463,
            5.195435047149658,
            7.521511077880859,
            "H",
            NaN,
            NaN,
            false
        ],
        [
            2.4091780185699463,
            5.654900074005127,
            5.07434606552124,
            "H",
            NaN,
            NaN,
            false
        ],
        [
            2.4091780185699463,
            3.7655370235443115,
            3.4526100158691406,
            "H",
            NaN,
            NaN,
            false
        ],
        [
            2.4091780185699463,
            1.4161200523376465,
            4.278244972229004,
            "H",
            NaN,
            NaN,
            false
        ]
    ]
}