{
    "properties": {
        "Z": 2,
        "number_of_atoms_in_molecule": 12,
        "unit_cell_volume": 233.196976,
        "attempted_spg": 191,
        "attempted_wyckoff_position": "2e",
        "site_symmetry_group": "6mm",
        "spg": 191,
        "lattice_vector_a": [
            6.021559999999999,
            0.0,
            0.0
        ],
        "lattice_vector_b": [
            4.0947039323697077e-16,
            6.687158999999999,
            0.0
        ],
        "lattice_vector_c": [
            4.09470378151849e-16,
            -3.343579999999999,
            5.791249
        ],
        "cell_vol": 233.19697141145755,
        "a": 6.02156,
        "b": 6.687159,
        "c": 6.687158753641265,
        "alpha": 120.00000616543107,
        "beta": 90.0,
        "gamma": 90.0,
        "RSF": [
            1.6852188110351562,
            3.347681760787964,
            5.460418701171875,
            7.323572158813477,
            8.776702880859375,
            11.08292007446289,
            14.329570770263672,
            16.134946823120117,
            15.09591293334961,
            12.323128700256348,
            9.025527000427246,
            5.6957244873046875,
            1.2924362421035767,
            2.7626702785491943,
            5.4169392585754395,
            8.830794334411621,
            11.505427360534668,
            12.977222442626953,
            14.045985221862793,
            14.419846534729004,
            13.312300682067871,
            11.26910400390625,
            8.8428373336792,
            6.123250484466553,
            1.2924362421035767,
            2.762669801712036,
            5.4169392585754395,
            8.830794334411621,
            11.505427360534668,
            12.977222442626953,
            14.04598617553711,
            14.419846534729004,
            13.312300682067871,
            11.26910400390625,
            8.8428373336792,
            6.123250961303711,
            0.9777761101722717,
            2.779083251953125,
            5.4672770500183105,
            8.326666831970215,
            10.64971923828125,
            12.418898582458496,
            14.083740234375,
            14.97551441192627,
            13.923556327819824,
            11.518168449401855,
            8.90362548828125,
            6.0456414222717285
        ]
    },
    "struct_id": "geometry_d4066f6ff2",
    "input_ref": null,
    "geometry": [
        [
            1.4827580451965332,
            -1.2112469673156738,
            -0.6993129849433899,
            "C",
            NaN,
            NaN,
            false
        ],
        [
            1.4827580451965332,
            -1.2112469673156738,
            0.6993150115013123,
            "C",
            NaN,
            NaN,
            false
        ],
        [
            1.4827580451965332,
            -9.999999974752427e-07,
            1.3986289501190186,
            "C",
            NaN,
            NaN,
            false
        ],
        [
            1.4827580451965332,
            1.2112480401992798,
            0.6993150115013123,
            "C",
            NaN,
            NaN,
            false
        ],
        [
            1.4827580451965332,
            1.2112489938735962,
            -0.6993129849433899,
            "C",
            NaN,
            NaN,
            false
        ],
        [
            1.4827580451965332,
            0.0,
            -1.3986270427703857,
            "C",
            NaN,
            NaN,
            false
        ],
        [
            1.4827580451965332,
            -2.156435966491699,
            -1.2450180053710938,
            "H",
            NaN,
            NaN,
            false
        ],
        [
            1.4827580451965332,
            -2.1564369201660156,
            1.2450200319290161,
            "H",
            NaN,
            NaN,
            false
        ],
        [
            1.4827580451965332,
            -9.999999974752427e-07,
            2.4900379180908203,
            "H",
            NaN,
            NaN,
            false
        ],
        [
            1.4827580451965332,
            2.156435966491699,
            1.2450200319290161,
            "H",
            NaN,
            NaN,
            false
        ],
        [
            1.4827580451965332,
            2.156435966491699,
            -1.2450189590454102,
            "H",
            NaN,
            NaN,
            false
        ],
        [
            1.4827580451965332,
            -4.440892098500626e-16,
            -2.490036964416504,
            "H",
            NaN,
            NaN,
            false
        ],
        [
            4.538801193237305,
            1.2112469673156738,
            0.6993139982223511,
            "C",
            NaN,
            NaN,
            false
        ],
        [
            4.538801193237305,
            1.2112480401992798,
            -0.6993139982223511,
            "C",
            NaN,
            NaN,
            false
        ],
        [
            4.538801193237305,
            -2.4279347106141345e-16,
            -1.3986279964447021,
            "C",
            NaN,
            NaN,
            false
        ],
        [
            4.538801193237305,
            -1.2112480401992798,
            -0.6993139982223511,
            "C",
            NaN,
            NaN,
            false
        ],
        [
            4.538801193237305,
            -1.2112469673156738,
            0.6993139982223511,
            "C",
            NaN,
            NaN,
            false
        ],
        [
            4.538801193237305,
            2.4279347106141345e-16,
            1.3986279964447021,
            "C",
            NaN,
            NaN,
            false
        ],
        [
            4.538801193237305,
            2.1564369201660156,
            1.2450189590454102,
            "H",
            NaN,
            NaN,
            false
        ],
        [
            4.538801193237305,
            2.156435966491699,
            -1.2450189590454102,
            "H",
            NaN,
            NaN,
            false
        ],
        [
            4.538801193237305,
            -4.322557360604464e-16,
            -2.4900379180908203,
            "H",
            NaN,
            NaN,
            false
        ],
        [
            4.538801193237305,
            -2.156435966491699,
            -1.2450189590454102,
            "H",
            NaN,
            NaN,
            false
        ],
        [
            4.538801193237305,
            -2.156435966491699,
            1.2450189590454102,
            "H",
            NaN,
            NaN,
            false
        ],
        [
            4.538801193237305,
            4.322557360604464e-16,
            2.4900379180908203,
            "H",
            NaN,
            NaN,
            false
        ]
    ]
}