{
    "properties": {
        "Z": 2,
        "number_of_atoms_in_molecule": 12,
        "unit_cell_volume": 290.174591,
        "attempted_spg": 105,
        "attempted_wyckoff_position": "2c",
        "site_symmetry_group": "mm2",
        "spg": 131,
        "lattice_vector_a": [
            5.279868,
            0.0,
            0.0
        ],
        "lattice_vector_b": [
            4.539406250603689e-16,
            7.413413,
            0.0
        ],
        "lattice_vector_c": [
            4.539406250603689e-16,
            4.539406250603689e-16,
            7.413413
        ],
        "cell_vol": 290.17464084185974,
        "a": 5.279868,
        "b": 7.413413,
        "c": 7.413413,
        "alpha": 90.0,
        "beta": 90.0,
        "gamma": 90.0,
        "RSF": [
            1.3964070081710815,
            2.224728584289551,
            3.065610885620117,
            4.768538951873779,
            8.097445487976074,
            11.854106903076172,
            13.287178993225098,
            11.877957344055176,
            9.895374298095703,
            8.529570579528809,
            7.122448444366455,
            5.08798360824585,
            1.2205678224563599,
            2.377227306365967,
            4.238631725311279,
            6.639728546142578,
            8.89914608001709,
            10.68014907836914,
            11.642006874084473,
            11.37993335723877,
            10.38279914855957,
            9.21786880493164,
            7.448085308074951,
            4.983654975891113,
            1.2205679416656494,
            2.3772270679473877,
            4.238631725311279,
            6.639728546142578,
            8.899145126342773,
            10.680150032043457,
            11.642005920410156,
            11.37993335723877,
            10.382798194885254,
            9.217869758605957,
            7.448086261749268,
            4.983654975891113,
            0.7253484129905701,
            2.142535448074341,
            4.237574577331543,
            6.419457912445068,
            8.494182586669922,
            10.418869972229004,
            11.650691986083984,
            11.749053955078125,
            10.914509773254395,
            9.425277709960938,
            7.259549617767334,
            4.71737003326416
        ]
    },
    "struct_id": "geometry_32b2806a62",
    "input_ref": null,
    "geometry": [
        [
            4.036595821380615,
            -0.6993240118026733,
            2.495487928390503,
            "C",
            NaN,
            NaN,
            false
        ],
        [
            4.036595821380615,
            -1.3986690044403076,
            3.706707000732422,
            "C",
            NaN,
            NaN,
            false
        ],
        [
            4.036595821380615,
            -0.6993240118026733,
            4.917924880981445,
            "C",
            NaN,
            NaN,
            false
        ],
        [
            4.036595821380615,
            0.6993240118026733,
            4.917924880981445,
            "C",
            NaN,
            NaN,
            false
        ],
        [
            4.036595821380615,
            1.3986690044403076,
            3.7067060470581055,
            "C",
            NaN,
            NaN,
            false
        ],
        [
            4.036595821380615,
            0.6993240118026733,
            2.495487928390503,
            "C",
            NaN,
            NaN,
            false
        ],
        [
            4.036595821380615,
            -1.2449619770050049,
            1.5502610206604004,
            "H",
            NaN,
            NaN,
            false
        ],
        [
            4.036595821380615,
            -2.4900801181793213,
            3.706707000732422,
            "H",
            NaN,
            NaN,
            false
        ],
        [
            4.036595821380615,
            -1.2449619770050049,
            5.863152027130127,
            "H",
            NaN,
            NaN,
            false
        ],
        [
            4.036595821380615,
            1.2449619770050049,
            5.863152027130127,
            "H",
            NaN,
            NaN,
            false
        ],
        [
            4.036595821380615,
            2.4900801181793213,
            3.706707000732422,
            "H",
            NaN,
            NaN,
            false
        ],
        [
            4.036595821380615,
            1.2449619770050049,
            1.5502610206604004,
            "H",
            NaN,
            NaN,
            false
        ],
        [
            1.3966619968414307,
            4.917924880981445,
            -0.6993240118026733,
            "C",
            NaN,
            NaN,
            false
        ],
        [
            1.3966619968414307,
            3.7067060470581055,
            -1.3986690044403076,
            "C",
            NaN,
            NaN,
            false
        ],
        [
            1.3966619968414307,
            2.495487928390503,
            -0.6993240118026733,
            "C",
            NaN,
            NaN,
            false
        ],
        [
            1.3966619968414307,
            2.495487928390503,
            0.6993240118026733,
            "C",
            NaN,
            NaN,
            false
        ],
        [
            1.3966619968414307,
            3.706707000732422,
            1.3986690044403076,
            "C",
            NaN,
            NaN,
            false
        ],
        [
            1.3966619968414307,
            4.917924880981445,
            0.6993240118026733,
            "C",
            NaN,
            NaN,
            false
        ],
        [
            1.3966619968414307,
            5.863152027130127,
            -1.2449619770050049,
            "H",
            NaN,
            NaN,
            false
        ],
        [
            1.3966619968414307,
            3.706707000732422,
            -2.4900801181793213,
            "H",
            NaN,
            NaN,
            false
        ],
        [
            1.3966619968414307,
            1.5502610206604004,
            -1.2449619770050049,
            "H",
            NaN,
            NaN,
            false
        ],
        [
            1.3966619968414307,
            1.5502610206604004,
            1.2449619770050049,
            "H",
            NaN,
            NaN,
            false
        ],
        [
            1.3966619968414307,
            3.706707000732422,
            2.4900801181793213,
            "H",
            NaN,
            NaN,
            false
        ],
        [
            1.3966619968414307,
            5.863152027130127,
            1.2449619770050049,
            "H",
            NaN,
            NaN,
            false
        ]
    ]
}