{
    "properties": {
        "Z": 2,
        "number_of_atoms_in_molecule": 12,
        "unit_cell_volume": 251.175507,
        "attempted_spg": 71,
        "attempted_wyckoff_position": "2c",
        "site_symmetry_group": "mmm",
        "spg": 71,
        "lattice_vector_a": [
            3.720382,
            0.0,
            0.0
        ],
        "lattice_vector_b": [
            4.716623051938104e-16,
            7.70283,
            0.0
        ],
        "lattice_vector_c": [
            5.366860904089982e-16,
            5.366860904089982e-16,
            8.764749
        ],
        "cell_vol": 251.17553223550044,
        "a": 3.720382,
        "b": 7.70283,
        "c": 8.764749,
        "alpha": 90.0,
        "beta": 90.0,
        "gamma": 90.0,
        "RSF": [
            1.4528098106384277,
            2.5947368144989014,
            4.375219821929932,
            7.131156921386719,
            9.716951370239258,
            11.129260063171387,
            12.401694297790527,
            13.948039054870605,
            14.151634216308594,
            11.820639610290527,
            8.155957221984863,
            4.980642318725586,
            1.287713885307312,
            2.6440703868865967,
            4.955655574798584,
            8.031083106994629,
            10.700575828552246,
            12.117630004882812,
            12.718365669250488,
            13.0985107421875,
            12.756632804870605,
            10.971217155456543,
            8.230619430541992,
            5.4307942390441895,
            1.2877140045166016,
            2.644070625305176,
            4.955656051635742,
            8.031085014343262,
            10.700575828552246,
            12.117630004882812,
            12.718364715576172,
            13.098509788513184,
            12.756632804870605,
            10.971217155456543,
            8.230620384216309,
            5.4307942390441895,
            0.9359517693519592,
            2.5974340438842773,
            4.87129545211792,
            7.384881973266602,
            9.960591316223145,
            12.081345558166504,
            13.379260063171387,
            13.460250854492188,
            12.549579620361328,
            10.923674583435059,
            8.379712104797363,
            5.47653341293335
        ]
    },
    "struct_id": "geometry_69fedcfb18",
    "input_ref": null,
    "geometry": [
        [
            1.860190987586975,
            -1.2112189531326294,
            5.081698894500732,
            "C",
            NaN,
            NaN,
            false
        ],
        [
            1.860190987586975,
            -1.2112189531326294,
            3.6830499172210693,
            "C",
            NaN,
            NaN,
            false
        ],
        [
            1.860190987586975,
            0.0,
            2.9837050437927246,
            "C",
            NaN,
            NaN,
            false
        ],
        [
            1.860190987586975,
            1.211217999458313,
            3.683051109313965,
            "C",
            NaN,
            NaN,
            false
        ],
        [
            1.860190987586975,
            1.211217999458313,
            5.081697940826416,
            "C",
            NaN,
            NaN,
            false
        ],
        [
            1.860190987586975,
            0.0,
            5.781044006347656,
            "C",
            NaN,
            NaN,
            false
        ],
        [
            1.860190987586975,
            -2.156445026397705,
            5.6273369789123535,
            "H",
            NaN,
            NaN,
            false
        ],
        [
            1.860190987586975,
            -2.156445026397705,
            3.1374130249023438,
            "H",
            NaN,
            NaN,
            false
        ],
        [
            1.860190987586975,
            -9.999999974752427e-07,
            1.8922940492630005,
            "H",
            NaN,
            NaN,
            false
        ],
        [
            1.860190987586975,
            2.156445026397705,
            3.1374130249023438,
            "H",
            NaN,
            NaN,
            false
        ],
        [
            1.860190987586975,
            2.156445026397705,
            5.6273369789123535,
            "H",
            NaN,
            NaN,
            false
        ],
        [
            1.860190987586975,
            -9.999999974752427e-07,
            6.872456073760986,
            "H",
            NaN,
            NaN,
            false
        ],
        [
            2.0448668395452353e-16,
            2.6401970386505127,
            0.6993240118026733,
            "C",
            NaN,
            NaN,
            false
        ],
        [
            1.188442017441559e-16,
            2.6401970386505127,
            -0.6993240118026733,
            "C",
            NaN,
            NaN,
            false
        ],
        [
            1.501873721729906e-16,
            3.851414918899536,
            -1.3986690044403076,
            "C",
            NaN,
            NaN,
            false
        ],
        [
            2.671756850250429e-16,
            5.062633991241455,
            -0.6993240118026733,
            "C",
            NaN,
            NaN,
            false
        ],
        [
            3.5281818047030035e-16,
            5.062633991241455,
            0.6993240118026733,
            "C",
            NaN,
            NaN,
            false
        ],
        [
            3.2147491739723704e-16,
            3.851414918899536,
            1.3986690044403076,
            "C",
            NaN,
            NaN,
            false
        ],
        [
            1.8001891966322139e-16,
            1.6949700117111206,
            1.2449619770050049,
            "H",
            NaN,
            NaN,
            false
        ],
        [
            2.7555042219727683e-17,
            1.6949700117111206,
            -1.2449619770050049,
            "H",
            NaN,
            NaN,
            false
        ],
        [
            8.335772994915737e-17,
            3.851414918899536,
            -2.4900801181793213,
            "H",
            NaN,
            NaN,
            false
        ],
        [
            2.9164339637678584e-16,
            6.00786018371582,
            -1.2449619770050049,
            "H",
            NaN,
            NaN,
            false
        ],
        [
            4.44107262239751e-16,
            6.00786018371582,
            1.2449619770050049,
            "H",
            NaN,
            NaN,
            false
        ],
        [
            3.8830457285596006e-16,
            3.851414918899536,
            2.4900801181793213,
            "H",
            NaN,
            NaN,
            false
        ]
    ]
}