{
    "properties": {
        "Z": 2,
        "number_of_atoms_in_molecule": 12,
        "unit_cell_volume": 219.014114,
        "attempted_spg": 150,
        "attempted_wyckoff_position": "2d",
        "site_symmetry_group": "3",
        "spg": 150,
        "lattice_vector_a": [
            6.321376,
            0.0,
            0.0
        ],
        "lattice_vector_b": [
            -3.160688,
            5.474473,
            0.0
        ],
        "lattice_vector_c": [
            0.0,
            0.0,
            6.328753
        ],
        "cell_vol": 219.0141062124011,
        "RSF": [
            1.5008465051651,
            2.78787899017334,
            4.8353753089904785,
            8.042960166931152,
            11.629912376403809,
            14.278246879577637,
            15.581321716308594,
            15.501791954040527,
            14.214259147644043,
            12.212206840515137,
            9.578545570373535,
            6.498373508453369,
            1.4339345693588257,
            3.182708978652954,
            6.103895664215088,
            9.42354965209961,
            11.73703384399414,
            13.076469421386719,
            14.465697288513184,
            15.674431800842285,
            15.132518768310547,
            12.516536712646484,
            9.237472534179688,
            6.172840118408203,
            1.4339345693588257,
            3.1827094554901123,
            6.103896617889404,
            9.423550605773926,
            11.737032890319824,
            13.076469421386719,
            14.465697288513184,
            15.674434661865234,
            15.13251781463623,
            12.516535758972168,
            9.237472534179688,
            6.1728386878967285,
            1.156815767288208,
            2.9353420734405518,
            5.493413925170898,
            8.703742980957031,
            11.745281219482422,
            13.643288612365723,
            14.945686340332031,
            15.636283874511719,
            14.68957233428955,
            12.352554321289062,
            9.422560691833496,
            6.316471099853516
        ]
    },
    "struct_id": "geometry_eced2ca71a",
    "input_ref": null,
    "geometry": [
        [
            -1.0292249917984009,
            2.702622890472412,
            1.5622179508209229,
            "C",
            NaN,
            NaN,
            false
        ],
        [
            -1.3347610235214233,
            4.067471027374268,
            1.5622179508209229,
            "C",
            NaN,
            NaN,
            false
        ],
        [
            -0.3055360019207001,
            5.014495849609375,
            1.5622179508209229,
            "C",
            NaN,
            NaN,
            false
        ],
        [
            1.0292249917984009,
            4.596673011779785,
            1.5622179508209229,
            "C",
            NaN,
            NaN,
            false
        ],
        [
            1.3347599506378174,
            3.231826066970825,
            1.5622179508209229,
            "C",
            NaN,
            NaN,
            false
        ],
        [
            0.3055349886417389,
            2.2848010063171387,
            1.5622179508209229,
            "C",
            NaN,
            NaN,
            false
        ],
        [
            -1.8323739767074585,
            1.9636180400848389,
            1.5622179508209229,
            "H",
            NaN,
            NaN,
            false
        ],
        [
            -2.3763320446014404,
            4.393515110015869,
            1.5622179508209229,
            "H",
            NaN,
            NaN,
            false
        ],
        [
            -0.5439580082893372,
            6.079545974731445,
            1.5622179508209229,
            "H",
            NaN,
            NaN,
            false
        ],
        [
            1.832373023033142,
            5.3356781005859375,
            1.5622179508209229,
            "H",
            NaN,
            NaN,
            false
        ],
        [
            2.3763320446014404,
            2.9057810306549072,
            1.5622179508209229,
            "H",
            NaN,
            NaN,
            false
        ],
        [
            0.5439580082893372,
            1.219751000404358,
            1.5622179508209229,
            "H",
            NaN,
            NaN,
            false
        ],
        [
            2.8551530838012695,
            0.45997700095176697,
            4.766534805297852,
            "C",
            NaN,
            NaN,
            false
        ],
        [
            4.189912796020508,
            0.8777989745140076,
            4.766534805297852,
            "C",
            NaN,
            NaN,
            false
        ],
        [
            4.495448112487793,
            2.2426459789276123,
            4.766534805297852,
            "C",
            NaN,
            NaN,
            false
        ],
        [
            3.466223955154419,
            3.1896719932556152,
            4.766534805297852,
            "C",
            NaN,
            NaN,
            false
        ],
        [
            2.1314640045166016,
            2.7718489170074463,
            4.766534805297852,
            "C",
            NaN,
            NaN,
            false
        ],
        [
            1.825927972793579,
            1.4070019721984863,
            4.766534805297852,
            "C",
            NaN,
            NaN,
            false
        ],
        [
            2.616729974746704,
            -0.6050729751586914,
            4.766534805297852,
            "H",
            NaN,
            NaN,
            false
        ],
        [
            4.9930620193481445,
            0.13879400491714478,
            4.766534805297852,
            "H",
            NaN,
            NaN,
            false
        ],
        [
            5.537020206451416,
            2.5686910152435303,
            4.766534805297852,
            "H",
            NaN,
            NaN,
            false
        ],
        [
            3.704646110534668,
            4.254721164703369,
            4.766534805297852,
            "H",
            NaN,
            NaN,
            false
        ],
        [
            1.328313946723938,
            3.510854959487915,
            4.766534805297852,
            "H",
            NaN,
            NaN,
            false
        ],
        [
            0.7843570113182068,
            1.080957055091858,
            4.766534805297852,
            "H",
            NaN,
            NaN,
            false
        ]
    ]
}