{
    "properties": {
        "Z": 2,
        "number_of_atoms_in_molecule": 12,
        "unit_cell_volume": 254.715668,
        "attempted_spg": 38,
        "attempted_wyckoff_position": "2b",
        "site_symmetry_group": "mm2",
        "spg": 65,
        "lattice_vector_a": [
            3.254645,
            0.0,
            0.0
        ],
        "lattice_vector_b": [
            0.0,
            6.359251,
            0.0
        ],
        "lattice_vector_c": [
            0.0,
            0.0,
            12.306824
        ],
        "cell_vol": 254.7156220329178,
        "RSF": [
            1.5564689636230469,
            2.9522178173065186,
            4.848148822784424,
            6.8455328941345215,
            8.322958946228027,
            9.994529724121094,
            12.649341583251953,
            14.671587944030762,
            14.061272621154785,
            11.371131896972656,
            8.202862739562988,
            5.228078365325928,
            1.2325023412704468,
            2.5123305320739746,
            4.833211898803711,
            8.019963264465332,
            10.696139335632324,
            12.000041961669922,
            12.59169864654541,
            12.982498168945312,
            12.43904972076416,
            10.598872184753418,
            8.04676342010498,
            5.405867099761963,
            1.2325021028518677,
            2.5123307704925537,
            4.833211898803711,
            8.019962310791016,
            10.696139335632324,
            12.000041961669922,
            12.59170150756836,
            12.982498168945312,
            12.43904972076416,
            10.598872184753418,
            8.046762466430664,
            5.405867099761963,
            0.8769286274909973,
            2.4372804164886475,
            4.8370280265808105,
            7.623757839202881,
            10.004426002502441,
            11.487446784973145,
            12.631869316101074,
            13.514187812805176,
            12.983817100524902,
            10.769417762756348,
            8.00639533996582,
            5.353603363037109
        ]
    },
    "struct_id": "geometry_37fef5ffde",
    "input_ref": null,
    "geometry": [
        [
            1.627323031425476,
            -0.0,
            7.774792194366455,
            "C",
            NaN,
            NaN,
            false
        ],
        [
            1.627323031425476,
            -1.2113070487976074,
            7.075540065765381,
            "C",
            NaN,
            NaN,
            false
        ],
        [
            1.627323031425476,
            -1.2113070487976074,
            5.676949977874756,
            "C",
            NaN,
            NaN,
            false
        ],
        [
            1.627323031425476,
            -0.0,
            4.977696895599365,
            "C",
            NaN,
            NaN,
            false
        ],
        [
            1.627323031425476,
            1.2113059759140015,
            5.676949977874756,
            "C",
            NaN,
            NaN,
            false
        ],
        [
            1.627323031425476,
            1.2113059759140015,
            7.075540065765381,
            "C",
            NaN,
            NaN,
            false
        ],
        [
            1.627323031425476,
            -0.0,
            8.86620044708252,
            "H",
            NaN,
            NaN,
            false
        ],
        [
            1.627323031425476,
            -2.1564199924468994,
            7.621377944946289,
            "H",
            NaN,
            NaN,
            false
        ],
        [
            1.627323031425476,
            -2.1564199924468994,
            5.131111145019531,
            "H",
            NaN,
            NaN,
            false
        ],
        [
            1.627323031425476,
            -9.999999974752427e-07,
            3.88628888130188,
            "H",
            NaN,
            NaN,
            false
        ],
        [
            1.627323031425476,
            2.156419038772583,
            5.131111145019531,
            "H",
            NaN,
            NaN,
            false
        ],
        [
            1.627323031425476,
            2.156419038772583,
            7.621377944946289,
            "H",
            NaN,
            NaN,
            false
        ],
        [
            1.627323031425476,
            3.179625988006592,
            1.6213799715042114,
            "C",
            NaN,
            NaN,
            false
        ],
        [
            1.627323031425476,
            1.9683200120925903,
            0.9221259951591492,
            "C",
            NaN,
            NaN,
            false
        ],
        [
            1.627323031425476,
            1.9683200120925903,
            -0.4764620065689087,
            "C",
            NaN,
            NaN,
            false
        ],
        [
            1.627323031425476,
            3.179625988006592,
            -1.1757149696350098,
            "C",
            NaN,
            NaN,
            false
        ],
        [
            1.627323031425476,
            4.390933036804199,
            -0.4764620065689087,
            "C",
            NaN,
            NaN,
            false
        ],
        [
            1.627323031425476,
            4.390933036804199,
            0.9221259951591492,
            "C",
            NaN,
            NaN,
            false
        ],
        [
            1.627323031425476,
            3.179625988006592,
            2.7127881050109863,
            "H",
            NaN,
            NaN,
            false
        ],
        [
            1.627323031425476,
            1.0232069492340088,
            1.4679670333862305,
            "H",
            NaN,
            NaN,
            false
        ],
        [
            1.627323031425476,
            1.0232069492340088,
            -1.0223009586334229,
            "H",
            NaN,
            NaN,
            false
        ],
        [
            1.627323031425476,
            3.179625988006592,
            -2.267122983932495,
            "H",
            NaN,
            NaN,
            false
        ],
        [
            1.627323031425476,
            5.33604621887207,
            -1.0223009586334229,
            "H",
            NaN,
            NaN,
            false
        ],
        [
            1.627323031425476,
            5.33604621887207,
            1.4679670333862305,
            "H",
            NaN,
            NaN,
            false
        ]
    ]
}