{
    "properties": {
        "Z": 2,
        "number_of_atoms_in_molecule": 12,
        "unit_cell_volume": 222.739868,
        "attempted_spg": 158,
        "attempted_wyckoff_position": "2b",
        "site_symmetry_group": "3",
        "spg": 192,
        "lattice_vector_a": [
            6.039931,
            0.0,
            0.0
        ],
        "lattice_vector_b": [
            3.995751858675202e-16,
            6.525558,
            0.0
        ],
        "lattice_vector_c": [
            3.995751857684215e-16,
            -3.2627789999999997,
            5.651299
        ],
        "cell_vol": 222.7398470013671,
        "a": 6.039931,
        "b": 6.525558,
        "c": 6.525557998381594,
        "alpha": 120.00000000820411,
        "beta": 90.0,
        "gamma": 90.0,
        "RSF": [
            1.6851558685302734,
            3.374412775039673,
            5.605814456939697,
            7.720014572143555,
            9.482359886169434,
            11.991244316101074,
            15.241347312927246,
            16.877506256103516,
            15.579621315002441,
            12.621756553649902,
            9.255306243896484,
            5.891246318817139,
            1.3482545614242554,
            2.93216872215271,
            5.712932586669922,
            9.241211891174316,
            12.07672119140625,
            13.600850105285645,
            14.565003395080566,
            14.958510398864746,
            13.990067481994629,
            11.893402099609375,
            9.296969413757324,
            6.431236743927002,
            1.348254680633545,
            2.93216872215271,
            5.712932586669922,
            9.241211891174316,
            12.07672119140625,
            13.600850105285645,
            14.565003395080566,
            14.958510398864746,
            13.990067481994629,
            11.893402099609375,
            9.296969413757324,
            6.431236743927002,
            1.0810014009475708,
            2.9908063411712646,
            5.683376312255859,
            8.592995643615723,
            11.185558319091797,
            13.041783332824707,
            14.740269660949707,
            15.693772315979004,
            14.576079368591309,
            12.156035423278809,
            9.304665565490723,
            6.199012279510498
        ]
    },
    "struct_id": "geometry_f76d6fd98a",
    "input_ref": null,
    "geometry": [
        [
            2.5158870220184326,
            0.29401400685310364,
            2.4001569747924805,
            "C",
            NaN,
            NaN,
            false
        ],
        [
            2.5158870220184326,
            -1.0371750593185425,
            2.82922101020813,
            "C",
            NaN,
            NaN,
            false
        ],
        [
            2.5158870220184326,
            -1.3311890363693237,
            4.196596145629883,
            "C",
            NaN,
            NaN,
            false
        ],
        [
            2.5158870220184326,
            -0.29401499032974243,
            5.134908199310303,
            "C",
            NaN,
            NaN,
            false
        ],
        [
            2.5158870220184326,
            1.0371750593185425,
            4.705843925476074,
            "C",
            NaN,
            NaN,
            false
        ],
        [
            2.5158870220184326,
            1.3311890363693237,
            3.3384690284729004,
            "C",
            NaN,
            NaN,
            false
        ],
        [
            2.5158870220184326,
            0.5234469771385193,
            1.3331350088119507,
            "H",
            NaN,
            NaN,
            false
        ],
        [
            2.5158870220184326,
            -1.8465280532836914,
            2.0970160961151123,
            "H",
            NaN,
            NaN,
            false
        ],
        [
            2.5158870220184326,
            -2.36997389793396,
            4.531414031982422,
            "H",
            NaN,
            NaN,
            false
        ],
        [
            2.5158870220184326,
            -0.5234469771385193,
            6.201930999755859,
            "H",
            NaN,
            NaN,
            false
        ],
        [
            2.5158870220184326,
            1.8465269804000854,
            5.438049793243408,
            "H",
            NaN,
            NaN,
            false
        ],
        [
            2.5158870220184326,
            2.36997389793396,
            3.0036520957946777,
            "H",
            NaN,
            NaN,
            false
        ],
        [
            5.535852909088135,
            1.3311890363693237,
            4.196597099304199,
            "C",
            NaN,
            NaN,
            false
        ],
        [
            5.535852909088135,
            0.29401400685310364,
            5.134908199310303,
            "C",
            NaN,
            NaN,
            false
        ],
        [
            5.535852909088135,
            -1.0371750593185425,
            4.705843925476074,
            "C",
            NaN,
            NaN,
            false
        ],
        [
            5.535852909088135,
            -1.3311890363693237,
            3.3384690284729004,
            "C",
            NaN,
            NaN,
            false
        ],
        [
            5.535852909088135,
            -0.29401400685310364,
            2.4001569747924805,
            "C",
            NaN,
            NaN,
            false
        ],
        [
            5.535852909088135,
            1.0371750593185425,
            2.82922101020813,
            "C",
            NaN,
            NaN,
            false
        ],
        [
            5.535852909088135,
            2.36997389793396,
            4.531414031982422,
            "H",
            NaN,
            NaN,
            false
        ],
        [
            5.535852909088135,
            0.5234460234642029,
            6.201930999755859,
            "H",
            NaN,
            NaN,
            false
        ],
        [
            5.535852909088135,
            -1.8465280532836914,
            5.438048839569092,
            "H",
            NaN,
            NaN,
            false
        ],
        [
            5.535852909088135,
            -2.36997389793396,
            3.0036520957946777,
            "H",
            NaN,
            NaN,
            false
        ],
        [
            5.535852909088135,
            -0.5234469771385193,
            1.3331350088119507,
            "H",
            NaN,
            NaN,
            false
        ],
        [
            5.535852909088135,
            1.8465280532836914,
            2.0970160961151123,
            "H",
            NaN,
            NaN,
            false
        ]
    ]
}