{
    "properties": {
        "Z": 2,
        "number_of_atoms_in_molecule": 12,
        "unit_cell_volume": 212.829361,
        "attempted_spg": 188,
        "attempted_wyckoff_position": "2a",
        "site_symmetry_group": "32",
        "spg": 191,
        "lattice_vector_a": [
            5.832339,
            0.0,
            0.0
        ],
        "lattice_vector_b": [
            3.9747510030400234e-16,
            6.491261,
            0.0
        ],
        "lattice_vector_c": [
            3.974751193985973e-16,
            -3.2456310000000004,
            5.621597
        ],
        "cell_vol": 212.82936015267103,
        "a": 5.832339,
        "b": 6.491261,
        "c": 6.491261311838402,
        "alpha": 120.00000350689979,
        "beta": 90.0,
        "gamma": 90.0,
        "RSF": [
            1.7572892904281616,
            3.57698917388916,
            5.913149356842041,
            8.022987365722656,
            9.884139060974121,
            12.71576976776123,
            16.119842529296875,
            17.564022064208984,
            16.146221160888672,
            13.205170631408691,
            9.708746910095215,
            6.1493988037109375,
            1.3761061429977417,
            3.0630571842193604,
            6.059180736541748,
            9.742530822753906,
            12.548142433166504,
            14.194136619567871,
            15.408814430236816,
            15.650176048278809,
            14.415465354919434,
            12.400940895080566,
            9.887957572937012,
            6.827376842498779,
            1.3761061429977417,
            3.0630571842193604,
            6.059180736541748,
            9.742530822753906,
            12.548142433166504,
            14.194136619567871,
            15.408814430236816,
            15.650176048278809,
            14.415465354919434,
            12.400940895080566,
            9.887957572937012,
            6.827376842498779,
            1.1670562028884888,
            3.153036117553711,
            6.021606922149658,
            9.000479698181152,
            11.466946601867676,
            13.617145538330078,
            15.662947654724121,
            16.461639404296875,
            15.125380516052246,
            12.672757148742676,
            9.854665756225586,
            6.564920902252197
        ]
    },
    "struct_id": "geometry_7cc5ebf923",
    "input_ref": null,
    "geometry": [
        [
            -3.281747509330259e-23,
            -1.2112480401992798,
            0.6993139982223511,
            "C",
            NaN,
            NaN,
            false
        ],
        [
            1.4833513611047205e-16,
            -1.5660215120589442e-16,
            1.3986289501190186,
            "C",
            NaN,
            NaN,
            false
        ],
        [
            1.4833506993602305e-16,
            1.2112480401992798,
            0.6993139982223511,
            "C",
            NaN,
            NaN,
            false
        ],
        [
            3.281747509330259e-23,
            1.2112480401992798,
            -0.6993139982223511,
            "C",
            NaN,
            NaN,
            false
        ],
        [
            -1.4833503023135364e-16,
            1.5660204532677601e-16,
            -1.3986279964447021,
            "C",
            NaN,
            NaN,
            false
        ],
        [
            -1.4833506993602305e-16,
            -1.2112480401992798,
            -0.6993139982223511,
            "C",
            NaN,
            NaN,
            false
        ],
        [
            -4.183416470630962e-23,
            -2.1564369201660156,
            1.2450189590454102,
            "H",
            NaN,
            NaN,
            false
        ],
        [
            2.640873764295741e-16,
            -2.7880550033040365e-16,
            2.490039110183716,
            "H",
            NaN,
            NaN,
            false
        ],
        [
            2.640872705504557e-16,
            2.156435966491699,
            1.2450189590454102,
            "H",
            NaN,
            NaN,
            false
        ],
        [
            -6.422336879368995e-23,
            2.1564369201660156,
            -1.2450200319290161,
            "H",
            NaN,
            NaN,
            false
        ],
        [
            -2.640873764295741e-16,
            2.7880550033040365e-16,
            -2.490039110183716,
            "H",
            NaN,
            NaN,
            false
        ],
        [
            -2.6408742936913333e-16,
            -2.1564369201660156,
            -1.2450200319290161,
            "H",
            NaN,
            NaN,
            false
        ],
        [
            2.9161698818206787,
            1.2112469673156738,
            0.6993139982223511,
            "C",
            NaN,
            NaN,
            false
        ],
        [
            2.9161698818206787,
            1.2112480401992798,
            -0.6993150115013123,
            "C",
            NaN,
            NaN,
            false
        ],
        [
            2.9161698818206787,
            0.0,
            -1.3986279964447021,
            "C",
            NaN,
            NaN,
            false
        ],
        [
            2.9161698818206787,
            -1.2112480401992798,
            -0.6993139982223511,
            "C",
            NaN,
            NaN,
            false
        ],
        [
            2.9161698818206787,
            -1.2112480401992798,
            0.6993150115013123,
            "C",
            NaN,
            NaN,
            false
        ],
        [
            2.9161698818206787,
            -4.440892098500626e-16,
            1.3986289501190186,
            "C",
            NaN,
            NaN,
            false
        ],
        [
            2.9161698818206787,
            2.156435966491699,
            1.2450200319290161,
            "H",
            NaN,
            NaN,
            false
        ],
        [
            2.9161698818206787,
            2.1564369201660156,
            -1.2450189590454102,
            "H",
            NaN,
            NaN,
            false
        ],
        [
            2.9161698818206787,
            0.0,
            -2.490039110183716,
            "H",
            NaN,
            NaN,
            false
        ],
        [
            2.9161698818206787,
            -2.156435966491699,
            -1.2450189590454102,
            "H",
            NaN,
            NaN,
            false
        ],
        [
            2.9161698818206787,
            -2.1564369201660156,
            1.2450200319290161,
            "H",
            NaN,
            NaN,
            false
        ],
        [
            2.9161698818206787,
            -4.440892098500626e-16,
            2.4900400638580322,
            "H",
            NaN,
            NaN,
            false
        ]
    ]
}