{
    "properties": {
        "Z": 2,
        "number_of_atoms_in_molecule": 12,
        "unit_cell_volume": 264.145264,
        "attempted_spg": 84,
        "attempted_wyckoff_position": "2c",
        "site_symmetry_group": "2/m",
        "spg": 84,
        "lattice_vector_a": [
            6.051703,
            0.0,
            0.0
        ],
        "lattice_vector_b": [
            0.0,
            6.051703,
            0.0
        ],
        "lattice_vector_c": [
            0.0,
            0.0,
            7.21253
        ],
        "cell_vol": 264.14527379978347,
        "RSF": [
            1.4306640625,
            2.4120285511016846,
            3.639406204223633,
            5.751101970672607,
            9.020759582519531,
            12.483925819396973,
            14.203433990478516,
            13.26467227935791,
            11.136310577392578,
            9.391623497009277,
            7.741935729980469,
            5.484409332275391,
            1.3592376708984375,
            2.8170063495635986,
            5.015894889831543,
            7.415161609649658,
            9.342673301696777,
            10.985787391662598,
            12.30947208404541,
            12.689480781555176,
            12.16695499420166,
            10.73936939239502,
            8.216340065002441,
            5.245091915130615,
            1.359237551689148,
            2.8170061111450195,
            5.015895366668701,
            7.415161609649658,
            9.342671394348145,
            10.985787391662598,
            12.30947208404541,
            12.689480781555176,
            12.166956901550293,
            10.739371299743652,
            8.216341972351074,
            5.245090961456299,
            1.039610505104065,
            2.7106666564941406,
            4.858278751373291,
            6.853567123413086,
            8.737151145935059,
            10.824763298034668,
            12.649723052978516,
            13.22687816619873,
            12.338619232177734,
            10.551301002502441,
            8.13004207611084,
            5.246162414550781
        ]
    },
    "struct_id": "geometry_5452eab077",
    "input_ref": null,
    "geometry": [
        [
            0.5758150219917297,
            4.300358772277832,
            0.0,
            "C",
            NaN,
            NaN,
            false
        ],
        [
            0.28791698813438416,
            3.6631250381469727,
            1.2113059759140015,
            "C",
            NaN,
            NaN,
            false
        ],
        [
            -0.28791698813438416,
            2.388577938079834,
            1.2113059759140015,
            "C",
            NaN,
            NaN,
            false
        ],
        [
            -0.5758159756660461,
            1.7513450384140015,
            0.0,
            "C",
            NaN,
            NaN,
            false
        ],
        [
            -0.28791698813438416,
            2.388577938079834,
            -1.2113059759140015,
            "C",
            NaN,
            NaN,
            false
        ],
        [
            0.28791600465774536,
            3.6631250381469727,
            -1.2113059759140015,
            "C",
            NaN,
            NaN,
            false
        ],
        [
            1.0251749753952026,
            5.294969081878662,
            0.0,
            "H",
            NaN,
            NaN,
            false
        ],
        [
            0.5126510262489319,
            4.160552978515625,
            2.156419038772583,
            "H",
            NaN,
            NaN,
            false
        ],
        [
            -0.5126510262489319,
            1.891150951385498,
            2.156419038772583,
            "H",
            NaN,
            NaN,
            false
        ],
        [
            -1.0251749753952026,
            0.7567340135574341,
            0.0,
            "H",
            NaN,
            NaN,
            false
        ],
        [
            -0.5126510262489319,
            1.891150951385498,
            -2.156419038772583,
            "H",
            NaN,
            NaN,
            false
        ],
        [
            0.5126510262489319,
            4.160552978515625,
            -2.156419038772583,
            "H",
            NaN,
            NaN,
            false
        ],
        [
            1.7513439655303955,
            0.5758150219917297,
            3.606265068054199,
            "C",
            NaN,
            NaN,
            false
        ],
        [
            2.388577938079834,
            0.28791698813438416,
            4.81757116317749,
            "C",
            NaN,
            NaN,
            false
        ],
        [
            3.6631250381469727,
            -0.28791698813438416,
            4.81757116317749,
            "C",
            NaN,
            NaN,
            false
        ],
        [
            4.300357818603516,
            -0.5758159756660461,
            3.606265068054199,
            "C",
            NaN,
            NaN,
            false
        ],
        [
            3.6631250381469727,
            -0.28791698813438416,
            2.394958972930908,
            "C",
            NaN,
            NaN,
            false
        ],
        [
            2.388577938079834,
            0.28791600465774536,
            2.394958972930908,
            "C",
            NaN,
            NaN,
            false
        ],
        [
            0.7567340135574341,
            1.0251749753952026,
            3.606265068054199,
            "H",
            NaN,
            NaN,
            false
        ],
        [
            1.8911499977111816,
            0.5126510262489319,
            5.762683868408203,
            "H",
            NaN,
            NaN,
            false
        ],
        [
            4.160552978515625,
            -0.5126510262489319,
            5.762683868408203,
            "H",
            NaN,
            NaN,
            false
        ],
        [
            5.294969081878662,
            -1.0251749753952026,
            3.606265068054199,
            "H",
            NaN,
            NaN,
            false
        ],
        [
            4.160552978515625,
            -0.5126510262489319,
            1.4498460292816162,
            "H",
            NaN,
            NaN,
            false
        ],
        [
            1.8911499977111816,
            0.5126510262489319,
            1.4498460292816162,
            "H",
            NaN,
            NaN,
            false
        ]
    ]
}