{
    "properties": {
        "Z": 2,
        "number_of_atoms_in_molecule": 12,
        "unit_cell_volume": 230.020859,
        "attempted_spg": 147,
        "attempted_wyckoff_position": "2d",
        "site_symmetry_group": "3",
        "spg": 147,
        "lattice_vector_a": [
            6.346552,
            0.0,
            0.0
        ],
        "lattice_vector_b": [
            -3.173276,
            5.496275,
            0.0
        ],
        "lattice_vector_c": [
            0.0,
            0.0,
            6.594181
        ],
        "cell_vol": 230.0208269620291,
        "RSF": [
            1.4899264574050903,
            2.7054250240325928,
            4.547036170959473,
            7.4905877113342285,
            10.96342945098877,
            13.613739013671875,
            14.847893714904785,
            14.762229919433594,
            13.584945678710938,
            11.666417121887207,
            9.109431266784668,
            6.139593601226807,
            1.3911056518554688,
            3.053863763809204,
            5.829517841339111,
            8.960697174072266,
            11.167617797851562,
            12.485224723815918,
            13.627142906188965,
            14.633109092712402,
            14.450753211975098,
            12.244616508483887,
            8.941265106201172,
            5.787522792816162,
            1.3911057710647583,
            3.0538642406463623,
            5.829517841339111,
            8.96069622039795,
            11.167614936828613,
            12.485225677490234,
            13.627142906188965,
            14.633110046386719,
            14.450752258300781,
            12.244616508483887,
            8.941265106201172,
            5.78752326965332,
            1.1337010860443115,
            2.8047962188720703,
            5.208092212677002,
            8.200173377990723,
            11.103321075439453,
            13.022830963134766,
            14.204018592834473,
            14.727771759033203,
            13.999129295349121,
            11.970231056213379,
            9.042362213134766,
            5.938982009887695
        ]
    },
    "struct_id": "geometry_8c2c9c0d89",
    "input_ref": null,
    "geometry": [
        [
            1.2473599910736084,
            4.296839237213135,
            4.767298221588135,
            "C",
            NaN,
            NaN,
            false
        ],
        [
            1.1715760231018066,
            2.90026593208313,
            4.767298221588135,
            "C",
            NaN,
            NaN,
            false
        ],
        [
            -0.07578500360250473,
            2.2676100730895996,
            4.767298221588135,
            "C",
            NaN,
            NaN,
            false
        ],
        [
            -1.2473599910736084,
            3.0315279960632324,
            4.767298221588135,
            "C",
            NaN,
            NaN,
            false
        ],
        [
            -1.1715760231018066,
            4.428102016448975,
            4.767298221588135,
            "C",
            NaN,
            NaN,
            false
        ],
        [
            0.07578399777412415,
            5.060757160186768,
            4.767298221588135,
            "C",
            NaN,
            NaN,
            false
        ],
        [
            2.220729112625122,
            4.790527820587158,
            4.767298221588135,
            "H",
            NaN,
            NaN,
            false
        ],
        [
            2.085808038711548,
            2.304147958755493,
            4.767298221588135,
            "H",
            NaN,
            NaN,
            false
        ],
        [
            -0.13492199778556824,
            1.1778039932250977,
            4.767298221588135,
            "H",
            NaN,
            NaN,
            false
        ],
        [
            -2.220729112625122,
            2.537838935852051,
            4.767298221588135,
            "H",
            NaN,
            NaN,
            false
        ],
        [
            -2.085808038711548,
            5.024219989776611,
            4.767298221588135,
            "H",
            NaN,
            NaN,
            false
        ],
        [
            0.13492199778556824,
            6.150564193725586,
            4.767298221588135,
            "H",
            NaN,
            NaN,
            false
        ],
        [
            1.9259159564971924,
            1.1994359493255615,
            1.8268840312957764,
            "C",
            NaN,
            NaN,
            false
        ],
        [
            2.001699924468994,
            2.5960090160369873,
            1.8268840312957764,
            "C",
            NaN,
            NaN,
            false
        ],
        [
            3.249061107635498,
            3.2286651134490967,
            1.8268840312957764,
            "C",
            NaN,
            NaN,
            false
        ],
        [
            4.420637130737305,
            2.4647469520568848,
            1.8268840312957764,
            "C",
            NaN,
            NaN,
            false
        ],
        [
            4.344851970672607,
            1.0681740045547485,
            1.8268840312957764,
            "C",
            NaN,
            NaN,
            false
        ],
        [
            3.097491979598999,
            0.4355179965496063,
            1.8268840312957764,
            "C",
            NaN,
            NaN,
            false
        ],
        [
            0.952547013759613,
            0.7057480216026306,
            1.8268840312957764,
            "H",
            NaN,
            NaN,
            false
        ],
        [
            1.0874689817428589,
            3.192126989364624,
            1.8268840312957764,
            "H",
            NaN,
            NaN,
            false
        ],
        [
            3.3081979751586914,
            4.318471908569336,
            1.8268840312957764,
            "H",
            NaN,
            NaN,
            false
        ],
        [
            5.39400577545166,
            2.9584360122680664,
            1.8268840312957764,
            "H",
            NaN,
            NaN,
            false
        ],
        [
            5.259082794189453,
            0.47205600142478943,
            1.8268840312957764,
            "H",
            NaN,
            NaN,
            false
        ],
        [
            3.03835391998291,
            -0.6542879939079285,
            1.8268840312957764,
            "H",
            NaN,
            NaN,
            false
        ]
    ]
}