{
    "properties": {
        "lattice_vector_a": [
            4.54956,
            0.0,
            0.0
        ],
        "lattice_vector_b": [
            0.0,
            9.556181,
            0.0
        ],
        "lattice_vector_c": [
            -1.050511,
            0.0,
            4.86347
        ],
        "unit_cell_volume": 211.44625868889096,
        "cell_vol": 211.44625868889096,
        "spg": 4,
        "molecule_harris_info": [
            [
                28.54791789318632,
                -20.560191582820252,
                -63.09304705058743,
                3.0901078803742186,
                6.419314517619762,
                2.215209905573345,
                false
            ],
            [
                151.45108142960314,
                -159.44011034223104,
                116.90593047365505,
                0.4089418002899657,
                1.6412239004956914,
                2.6482512885506484,
                false
            ]
        ],
        "harris_energy": -16716.50393481
    },
    "struct_id": "target1_2mpc_42e137df97",
    "input_ref": null,
    "geometry": [
        [
            4.603804111480713,
            7.470324993133545,
            2.315985918045044,
            "O",
            NaN,
            NaN,
            false
        ],
        [
            3.7331368923187256,
            7.41140079498291,
            1.2428690195083618,
            "C",
            NaN,
            NaN,
            false
        ],
        [
            3.9950270652770996,
            8.051071166992188,
            0.4097819924354553,
            "H",
            NaN,
            NaN,
            false
        ],
        [
            2.7487199306488037,
            6.526261806488037,
            1.5499379634857178,
            "C",
            NaN,
            NaN,
            false
        ],
        [
            1.486462950706482,
            5.691208839416504,
            1.3920660018920898,
            "C",
            NaN,
            NaN,
            false
        ],
        [
            1.516340970993042,
            4.937321186065674,
            0.594825029373169,
            "H",
            NaN,
            NaN,
            false
        ],
        [
            0.5518500208854675,
            6.259881973266602,
            1.3027780055999756,
            "H",
            NaN,
            NaN,
            false
        ],
        [
            1.7811830043792725,
            5.1272969245910645,
            2.845350980758667,
            "C",
            NaN,
            NaN,
            false
        ],
        [
            1.978667974472046,
            4.048252105712891,
            2.8861451148986816,
            "H",
            NaN,
            NaN,
            false
        ],
        [
            1.017501950263977,
            5.373539924621582,
            3.5943470001220703,
            "H",
            NaN,
            NaN,
            false
        ],
        [
            3.0137410163879395,
            6.019815921783447,
            2.8518218994140625,
            "C",
            NaN,
            NaN,
            false
        ],
        [
            4.152157783508301,
            6.610828876495361,
            3.300784111022949,
            "C",
            NaN,
            NaN,
            false
        ],
        [
            4.764987945556641,
            6.578710079193115,
            4.192539215087891,
            "H",
            NaN,
            NaN,
            false
        ],
        [
            -1.1047559976577759,
            2.6922340393066406,
            2.5474839210510254,
            "O",
            NaN,
            NaN,
            false
        ],
        [
            -0.23408900201320648,
            2.6333110332489014,
            3.620600938796997,
            "C",
            NaN,
            NaN,
            false
        ],
        [
            -0.4959790110588074,
            3.272979974746704,
            4.453688144683838,
            "H",
            NaN,
            NaN,
            false
        ],
        [
            0.750328004360199,
            1.7481709718704224,
            3.313533067703247,
            "C",
            NaN,
            NaN,
            false
        ],
        [
            2.012584924697876,
            0.9131180047988892,
            3.4714040756225586,
            "C",
            NaN,
            NaN,
            false
        ],
        [
            1.9827070236206055,
            0.1592310070991516,
            4.2686448097229,
            "H",
            NaN,
            NaN,
            false
        ],
        [
            2.9471991062164307,
            1.4817919731140137,
            3.560692071914673,
            "H",
            NaN,
            NaN,
            false
        ],
        [
            1.717864990234375,
            0.34920600056648254,
            2.0181190967559814,
            "C",
            NaN,
            NaN,
            false
        ],
        [
            1.5203800201416016,
            -0.729839026927948,
            1.9773249626159668,
            "H",
            NaN,
            NaN,
            false
        ],
        [
            2.4815471172332764,
            0.5954499840736389,
            1.2691240310668945,
            "H",
            NaN,
            NaN,
            false
        ],
        [
            0.4853070080280304,
            1.241724967956543,
            2.011647939682007,
            "C",
            NaN,
            NaN,
            false
        ],
        [
            -0.6531100273132324,
            1.832738995552063,
            1.5626859664916992,
            "C",
            NaN,
            NaN,
            false
        ],
        [
            -1.2659399509429932,
            1.800618052482605,
            0.6709309816360474,
            "H",
            NaN,
            NaN,
            false
        ]
    ]
}