{
    "properties": {
        "Z": 2,
        "number_of_atoms_in_molecule": 12,
        "unit_cell_volume": 238.568344,
        "attempted_spg": 117,
        "attempted_wyckoff_position": "2c",
        "site_symmetry_group": "222",
        "spg": 127,
        "lattice_vector_a": [
            3.0194309999999995,
            0.0,
            0.0
        ],
        "lattice_vector_b": [
            5.442829418981488e-16,
            8.888815,
            0.0
        ],
        "lattice_vector_c": [
            5.442829418981488e-16,
            5.442829418981488e-16,
            8.888815
        ],
        "cell_vol": 238.56835967749208,
        "a": 3.019431,
        "b": 8.888815,
        "c": 8.888815,
        "alpha": 90.0,
        "beta": 90.0,
        "gamma": 90.0,
        "RSF": [
            1.6911226511001587,
            3.393883466720581,
            5.602941513061523,
            7.495176315307617,
            8.675888061523438,
            10.420756340026855,
            13.226576805114746,
            15.048233985900879,
            14.44460678100586,
            12.281083106994629,
            9.371835708618164,
            6.0255584716796875,
            1.3659024238586426,
            2.8947036266326904,
            5.423013210296631,
            8.467391014099121,
            10.82155990600586,
            12.278738975524902,
            13.58399486541748,
            14.368400573730469,
            13.54400634765625,
            11.324185371398926,
            8.640292167663574,
            5.836228847503662,
            1.365902304649353,
            2.8947036266326904,
            5.423013210296631,
            8.467391014099121,
            10.821558952331543,
            12.278738975524902,
            13.583995819091797,
            14.368400573730469,
            13.544005393981934,
            11.324185371398926,
            8.640292167663574,
            5.836228847503662,
            1.006882905960083,
            2.6726739406585693,
            5.110875606536865,
            7.869736194610596,
            10.49790096282959,
            12.66563892364502,
            14.118881225585938,
            14.440306663513184,
            13.268610954284668,
            11.068768501281738,
            8.623634338378906,
            5.930505275726318
        ]
    },
    "struct_id": "geometry_456698c667",
    "input_ref": null,
    "geometry": [
        [
            3.7702773206158794e-16,
            1.350957989692688,
            4.806372165679932,
            "C",
            NaN,
            NaN,
            false
        ],
        [
            2.7214149508766005e-16,
            0.9890090227127075,
            3.4553990364074707,
            "C",
            NaN,
            NaN,
            false
        ],
        [
            1.6725528458351176e-16,
            -0.36196398735046387,
            3.0934500694274902,
            "C",
            NaN,
            NaN,
            false
        ],
        [
            1.6725528458351176e-16,
            -1.3509570360183716,
            4.0824432373046875,
            "C",
            NaN,
            NaN,
            false
        ],
        [
            2.7214149508766005e-16,
            -0.9890080094337463,
            5.43341588973999,
            "C",
            NaN,
            NaN,
            false
        ],
        [
            3.7702765265224913e-16,
            0.36196398735046387,
            5.795364856719971,
            "C",
            NaN,
            NaN,
            false
        ],
        [
            4.588801521145764e-16,
            2.4051589965820312,
            5.08892297744751,
            "H",
            NaN,
            NaN,
            false
        ],
        [
            2.7214144214810084e-16,
            1.7607519626617432,
            2.683655023574829,
            "H",
            NaN,
            NaN,
            false
        ],
        [
            8.540276526884977e-17,
            -0.6445159912109375,
            2.0392489433288574,
            "H",
            NaN,
            NaN,
            false
        ],
        [
            8.540276526884977e-17,
            -2.405158042907715,
            3.7998909950256348,
            "H",
            NaN,
            NaN,
            false
        ],
        [
            2.7214149508766005e-16,
            -1.7607519626617432,
            6.205160140991211,
            "H",
            NaN,
            NaN,
            false
        ],
        [
            4.588802579936948e-16,
            0.6445170044898987,
            6.8495659828186035,
            "H",
            NaN,
            NaN,
            false
        ],
        [
            2.1158308628195066e-16,
            4.806372165679932,
            -1.350957989692688,
            "C",
            NaN,
            NaN,
            false
        ],
        [
            1.5102282459166915e-16,
            3.4553990364074707,
            -0.9890090227127075,
            "C",
            NaN,
            NaN,
            false
        ],
        [
            2.1158302010750165e-16,
            3.0934500694274902,
            0.3619630038738251,
            "C",
            NaN,
            NaN,
            false
        ],
        [
            3.326997450746918e-16,
            4.0824432373046875,
            1.3509559631347656,
            "C",
            NaN,
            NaN,
            false
        ],
        [
            3.9326005970453254e-16,
            5.43341588973999,
            0.9890080094337463,
            "C",
            NaN,
            NaN,
            false
        ],
        [
            3.3269979801425103e-16,
            5.795364856719971,
            -0.36196500062942505,
            "C",
            NaN,
            NaN,
            false
        ],
        [
            1.6433315326438243e-16,
            5.08892297744751,
            -2.4051589965820312,
            "H",
            NaN,
            NaN,
            false
        ],
        [
            5.651145081985085e-17,
            2.683655023574829,
            -1.7607530355453491,
            "H",
            NaN,
            NaN,
            false
        ],
        [
            1.6433320620394163e-16,
            2.0392489433288574,
            0.6445159912109375,
            "H",
            NaN,
            NaN,
            false
        ],
        [
            3.7994967809226005e-16,
            3.7998909950256348,
            2.405158042907715,
            "H",
            NaN,
            NaN,
            false
        ],
        [
            4.877714400937957e-16,
            6.205160140991211,
            1.7607519626617432,
            "H",
            NaN,
            NaN,
            false
        ],
        [
            3.7994967809226005e-16,
            6.8495659828186035,
            -0.6445170044898987,
            "H",
            NaN,
            NaN,
            false
        ]
    ]
}