{
    "properties": {
        "Z": 2,
        "number_of_atoms_in_molecule": 12,
        "unit_cell_volume": 243.279526,
        "attempted_spg": 136,
        "attempted_wyckoff_position": "2b",
        "site_symmetry_group": "mmm",
        "spg": 136,
        "lattice_vector_a": [
            3.444451,
            0.0,
            0.0
        ],
        "lattice_vector_b": [
            5.146045452059123e-16,
            8.40413,
            0.0
        ],
        "lattice_vector_c": [
            5.146045452059123e-16,
            5.146045452059123e-16,
            8.40413
        ],
        "cell_vol": 243.27951109984033,
        "a": 3.444451,
        "b": 8.40413,
        "c": 8.40413,
        "alpha": 90.0,
        "beta": 90.0,
        "gamma": 90.0,
        "RSF": [
            1.5119611024856567,
            2.848668336868286,
            4.907075881958008,
            7.530035018920898,
            9.473097801208496,
            10.752067565917969,
            12.852096557617188,
            14.975800514221191,
            14.685649871826172,
            11.864288330078125,
            8.408984184265137,
            5.438716888427734,
            1.321157455444336,
            2.7681188583374023,
            5.219306945800781,
            8.312131881713867,
            10.830164909362793,
            12.272472381591797,
            13.266189575195312,
            13.916595458984375,
            13.249821662902832,
            11.082114219665527,
            8.359013557434082,
            5.641338348388672,
            1.3211573362350464,
            2.7681186199188232,
            5.219306468963623,
            8.312132835388184,
            10.83016300201416,
            12.272473335266113,
            13.266190528869629,
            13.916595458984375,
            13.249823570251465,
            11.082114219665527,
            8.359013557434082,
            5.641338348388672,
            0.9644083976745605,
            2.6873586177825928,
            5.054720401763916,
            7.610469341278076,
            10.311991691589355,
            12.586005210876465,
            13.784321784973145,
            13.859162330627441,
            12.918850898742676,
            11.161925315856934,
            8.657256126403809,
            5.723413467407227
        ]
    },
    "struct_id": "geometry_e477684639",
    "input_ref": null,
    "geometry": [
        [
            1.7222260236740112,
            1.3509570360183716,
            -0.36196398735046387,
            "C",
            NaN,
            NaN,
            false
        ],
        [
            1.7222260236740112,
            0.3619630038738251,
            -1.3509570360183716,
            "C",
            NaN,
            NaN,
            false
        ],
        [
            1.7222260236740112,
            -0.9890069961547852,
            -0.9890080094337463,
            "C",
            NaN,
            NaN,
            false
        ],
        [
            1.7222260236740112,
            -1.3509559631347656,
            0.36196398735046387,
            "C",
            NaN,
            NaN,
            false
        ],
        [
            1.7222260236740112,
            -0.36196398735046387,
            1.3509570360183716,
            "C",
            NaN,
            NaN,
            false
        ],
        [
            1.7222260236740112,
            0.9890080094337463,
            0.9890080094337463,
            "C",
            NaN,
            NaN,
            false
        ],
        [
            1.7222260236740112,
            2.4051589965820312,
            -0.6445159912109375,
            "H",
            NaN,
            NaN,
            false
        ],
        [
            1.7222260236740112,
            0.6445170044898987,
            -2.405158042907715,
            "H",
            NaN,
            NaN,
            false
        ],
        [
            1.7222260236740112,
            -1.7607530355453491,
            -1.7607530355453491,
            "H",
            NaN,
            NaN,
            false
        ],
        [
            1.7222260236740112,
            -2.405158042907715,
            0.6445159912109375,
            "H",
            NaN,
            NaN,
            false
        ],
        [
            1.7222260236740112,
            -0.6445159912109375,
            2.405158042907715,
            "H",
            NaN,
            NaN,
            false
        ],
        [
            1.7222260236740112,
            1.7607539892196655,
            1.7607530355453491,
            "H",
            NaN,
            NaN,
            false
        ],
        [
            6.194907808642334e-16,
            4.564029216766357,
            5.553022861480713,
            "C",
            NaN,
            NaN,
            false
        ],
        [
            6.194907279246742e-16,
            5.5530219078063965,
            4.564029216766357,
            "C",
            NaN,
            NaN,
            false
        ],
        [
            5.146045438903055e-16,
            5.191072940826416,
            3.213057041168213,
            "C",
            NaN,
            NaN,
            false
        ],
        [
            4.097183863257164e-16,
            3.8401010036468506,
            2.8511080741882324,
            "C",
            NaN,
            NaN,
            false
        ],
        [
            4.097183863257164e-16,
            2.8511080741882324,
            3.8401010036468506,
            "C",
            NaN,
            NaN,
            false
        ],
        [
            5.146045438903055e-16,
            3.213057041168213,
            5.191072940826416,
            "C",
            NaN,
            NaN,
            false
        ],
        [
            7.013432803265607e-16,
            4.846580982208252,
            6.607223987579346,
            "H",
            NaN,
            NaN,
            false
        ],
        [
            7.013432273870015e-16,
            6.607223033905029,
            4.846580982208252,
            "H",
            NaN,
            NaN,
            false
        ],
        [
            5.146045968298647e-16,
            5.962818145751953,
            2.4413130283355713,
            "H",
            NaN,
            NaN,
            false
        ],
        [
            3.2786586039360954e-16,
            3.557548999786377,
            1.7969069480895996,
            "H",
            NaN,
            NaN,
            false
        ],
        [
            3.2786586039360954e-16,
            1.7969069480895996,
            3.557548999786377,
            "H",
            NaN,
            NaN,
            false
        ],
        [
            5.146045438903055e-16,
            2.4413130283355713,
            5.962817192077637,
            "H",
            NaN,
            NaN,
            false
        ]
    ]
}