{
    "properties": {
        "Z": 2,
        "number_of_atoms_in_molecule": 12,
        "unit_cell_volume": 208.130478,
        "attempted_spg": 193,
        "attempted_wyckoff_position": "2b",
        "site_symmetry_group": "-3m",
        "spg": 191,
        "lattice_vector_a": [
            5.92583,
            0.0,
            0.0
        ],
        "lattice_vector_b": [
            3.899498906526017e-16,
            6.368365,
            0.0
        ],
        "lattice_vector_c": [
            3.899498597953515e-16,
            -3.1841830000000004,
            5.515165
        ],
        "cell_vol": 208.13046049422488,
        "a": 5.92583,
        "b": 6.368365,
        "c": 6.3683644960628625,
        "alpha": 120.00000781202804,
        "beta": 90.0,
        "gamma": 90.0,
        "RSF": [
            1.7307242155075073,
            3.532136917114258,
            5.957334518432617,
            8.31124210357666,
            10.379637718200684,
            13.236598014831543,
            16.587491989135742,
            17.928850173950195,
            16.329940795898438,
            13.270899772644043,
            9.790908813476562,
            6.280640125274658,
            1.4007636308670044,
            3.142423629760742,
            6.2251877784729,
            10.0043306350708,
            12.870844841003418,
            14.47514820098877,
            15.610213279724121,
            15.925312995910645,
            14.814833641052246,
            12.750656127929688,
            10.133535385131836,
            7.002098560333252,
            1.4007636308670044,
            3.142423391342163,
            6.225188732147217,
            10.0043306350708,
            12.870844841003418,
            14.475150108337402,
            15.610213279724121,
            15.925312995910645,
            14.814833641052246,
            12.750657081604004,
            10.133536338806152,
            7.002098560333252,
            1.2429941892623901,
            3.231316328048706,
            6.1062493324279785,
            9.162981986999512,
            11.703925132751465,
            13.905238151550293,
            16.045822143554688,
            16.900476455688477,
            15.524046897888184,
            12.966880798339844,
            10.008102416992188,
            6.653709888458252
        ]
    },
    "struct_id": "geometry_feff6db651",
    "input_ref": null,
    "geometry": [
        [
            -1.4833501699646384e-16,
            -1.2112469673156738,
            -0.6993139982223511,
            "C",
            NaN,
            NaN,
            false
        ],
        [
            3.484983637608521e-23,
            -1.2112469673156738,
            0.6993139982223511,
            "C",
            NaN,
            NaN,
            false
        ],
        [
            1.4833504346624344e-16,
            0.0,
            1.3986279964447021,
            "C",
            NaN,
            NaN,
            false
        ],
        [
            1.4833506993602305e-16,
            1.2112480401992798,
            0.6993139982223511,
            "C",
            NaN,
            NaN,
            false
        ],
        [
            8.761484274925892e-23,
            1.2112489938735962,
            -0.6993139982223511,
            "C",
            NaN,
            NaN,
            false
        ],
        [
            -1.4833510964069245e-16,
            -9.999999974752427e-07,
            -1.3986279964447021,
            "C",
            NaN,
            NaN,
            false
        ],
        [
            -2.640873234900149e-16,
            -2.1564369201660156,
            -1.2450189590454102,
            "H",
            NaN,
            NaN,
            false
        ],
        [
            -3.0377708173740393e-23,
            -2.1564369201660156,
            1.2450189590454102,
            "H",
            NaN,
            NaN,
            false
        ],
        [
            2.6408740289935373e-16,
            0.0,
            2.490039110183716,
            "H",
            NaN,
            NaN,
            false
        ],
        [
            2.6408740289935373e-16,
            2.156438112258911,
            1.2450189590454102,
            "H",
            NaN,
            NaN,
            false
        ],
        [
            3.0377708173740393e-23,
            2.1564369201660156,
            -1.2450189590454102,
            "H",
            NaN,
            NaN,
            false
        ],
        [
            -2.6408740289935373e-16,
            0.0,
            -2.490039110183716,
            "H",
            NaN,
            NaN,
            false
        ],
        [
            2.9629149436950684,
            -9.999999974752427e-07,
            -1.3986279964447021,
            "C",
            NaN,
            NaN,
            false
        ],
        [
            2.9629149436950684,
            -1.2112469673156738,
            -0.6993139982223511,
            "C",
            NaN,
            NaN,
            false
        ],
        [
            2.9629149436950684,
            -1.2112480401992798,
            0.6993139982223511,
            "C",
            NaN,
            NaN,
            false
        ],
        [
            2.9629149436950684,
            -9.999999974752427e-07,
            1.3986279964447021,
            "C",
            NaN,
            NaN,
            false
        ],
        [
            2.9629149436950684,
            1.2112480401992798,
            0.6993139982223511,
            "C",
            NaN,
            NaN,
            false
        ],
        [
            2.9629149436950684,
            1.2112489938735962,
            -0.6993139982223511,
            "C",
            NaN,
            NaN,
            false
        ],
        [
            2.9629149436950684,
            0.0,
            -2.490039110183716,
            "H",
            NaN,
            NaN,
            false
        ],
        [
            2.9629149436950684,
            -2.156438112258911,
            -1.2450189590454102,
            "H",
            NaN,
            NaN,
            false
        ],
        [
            2.9629149436950684,
            -2.156438112258911,
            1.2450189590454102,
            "H",
            NaN,
            NaN,
            false
        ],
        [
            2.9629149436950684,
            0.0,
            2.490039110183716,
            "H",
            NaN,
            NaN,
            false
        ],
        [
            2.9629149436950684,
            2.1564369201660156,
            1.2450189590454102,
            "H",
            NaN,
            NaN,
            false
        ],
        [
            2.9629149436950684,
            2.156438112258911,
            -1.2450200319290161,
            "H",
            NaN,
            NaN,
            false
        ]
    ]
}