{
    "properties": {
        "Z": 2,
        "number_of_atoms_in_molecule": 12,
        "unit_cell_volume": 232.231873,
        "attempted_spg": 65,
        "attempted_wyckoff_position": "2c",
        "site_symmetry_group": "mmm",
        "spg": 65,
        "lattice_vector_a": [
            3.010469,
            0.0,
            0.0
        ],
        "lattice_vector_b": [
            4.0355430824730976e-16,
            6.590542,
            0.0
        ],
        "lattice_vector_c": [
            7.167165177644541e-16,
            7.167165177644541e-16,
            11.704869
        ],
        "cell_vol": 232.2318858855051,
        "a": 3.010469,
        "b": 6.590542,
        "c": 11.704869,
        "alpha": 90.0,
        "beta": 90.0,
        "gamma": 90.0,
        "RSF": [
            1.684904932975769,
            3.35050892829895,
            5.476127624511719,
            7.3614888191223145,
            8.837265968322754,
            11.159847259521484,
            14.408870697021484,
            16.1980037689209,
            15.136467933654785,
            12.351105690002441,
            9.048615455627441,
            5.714898586273193,
            1.2955108880996704,
            2.7745563983917236,
            5.444309711456299,
            8.873085021972656,
            11.556159019470215,
            13.030303955078125,
            14.097023963928223,
            14.469329833984375,
            13.364569664001465,
            11.319613456726074,
            8.886223793029785,
            6.154560565948486,
            1.2955111265182495,
            2.7745563983917236,
            5.444309234619141,
            8.873085021972656,
            11.556157112121582,
            13.030303001403809,
            14.097023010253906,
            14.469326972961426,
            13.364570617675781,
            11.319613456726074,
            8.886224746704102,
            6.154560565948486,
            0.9868348240852356,
            2.793773889541626,
            5.48821496963501,
            8.356605529785156,
            10.68819522857666,
            12.470175743103027,
            14.150408744812012,
            15.04212474822998,
            13.979572296142578,
            11.568302154541016,
            8.940887451171875,
            6.065246105194092
        ]
    },
    "struct_id": "geometry_a5e98edef4",
    "input_ref": null,
    "geometry": [
        [
            1.5052340030670166,
            4.4399452744842735e-16,
            7.250980854034424,
            "C",
            NaN,
            NaN,
            false
        ],
        [
            1.5052340030670166,
            -1.2113059759140015,
            6.551727771759033,
            "C",
            NaN,
            NaN,
            false
        ],
        [
            1.5052340030670166,
            -1.2113059759140015,
            5.153139114379883,
            "C",
            NaN,
            NaN,
            false
        ],
        [
            1.5052340030670166,
            2.7272197735432526e-16,
            4.453887939453125,
            "C",
            NaN,
            NaN,
            false
        ],
        [
            1.5052340030670166,
            1.2113059759140015,
            5.153139114379883,
            "C",
            NaN,
            NaN,
            false
        ],
        [
            1.5052340030670166,
            1.2113059759140015,
            6.551727771759033,
            "C",
            NaN,
            NaN,
            false
        ],
        [
            1.5052340030670166,
            5.108241299675912e-16,
            8.342391014099121,
            "H",
            NaN,
            NaN,
            false
        ],
        [
            1.5052340030670166,
            -2.156419038772583,
            7.097568988800049,
            "H",
            NaN,
            NaN,
            false
        ],
        [
            1.5052340030670166,
            -2.156419038772583,
            4.6072998046875,
            "H",
            NaN,
            NaN,
            false
        ],
        [
            1.5052340030670166,
            2.0589240130494105e-16,
            3.362478017807007,
            "H",
            NaN,
            NaN,
            false
        ],
        [
            1.5052340030670166,
            2.156419038772583,
            4.6072998046875,
            "H",
            NaN,
            NaN,
            false
        ],
        [
            1.5052340030670166,
            2.156419038772583,
            7.097568988800049,
            "H",
            NaN,
            NaN,
            false
        ],
        [
            1.5052340030670166,
            3.2952709197998047,
            1.3985470533370972,
            "C",
            NaN,
            NaN,
            false
        ],
        [
            1.5052340030670166,
            2.0839650630950928,
            0.6992949843406677,
            "C",
            NaN,
            NaN,
            false
        ],
        [
            1.5052340030670166,
            2.0839650630950928,
            -0.6992949843406677,
            "C",
            NaN,
            NaN,
            false
        ],
        [
            1.5052340030670166,
            3.2952709197998047,
            -1.3985480070114136,
            "C",
            NaN,
            NaN,
            false
        ],
        [
            1.5052340030670166,
            4.506576061248779,
            -0.6992949843406677,
            "C",
            NaN,
            NaN,
            false
        ],
        [
            1.5052340030670166,
            4.506576061248779,
            0.6992949843406677,
            "C",
            NaN,
            NaN,
            false
        ],
        [
            1.5052340030670166,
            3.2952709197998047,
            2.4899559020996094,
            "H",
            NaN,
            NaN,
            false
        ],
        [
            1.5052340030670166,
            1.1388510465621948,
            1.2451339960098267,
            "H",
            NaN,
            NaN,
            false
        ],
        [
            1.5052340030670166,
            1.1388510465621948,
            -1.2451339960098267,
            "H",
            NaN,
            NaN,
            false
        ],
        [
            1.5052340030670166,
            3.2952709197998047,
            -2.489957094192505,
            "H",
            NaN,
            NaN,
            false
        ],
        [
            1.5052340030670166,
            5.451688766479492,
            -1.2451339960098267,
            "H",
            NaN,
            NaN,
            false
        ],
        [
            1.5052340030670166,
            5.451688766479492,
            1.2451339960098267,
            "H",
            NaN,
            NaN,
            false
        ]
    ]
}