{
    "properties": {
        "Z": 2,
        "number_of_atoms_in_molecule": 12,
        "unit_cell_volume": 212.020828,
        "attempted_spg": 192,
        "attempted_wyckoff_position": "2a",
        "site_symmetry_group": "622",
        "spg": 191,
        "lattice_vector_a": [
            5.9112279999999995,
            0.0,
            0.0
        ],
        "lattice_vector_b": [
            3.9406329555391785e-16,
            6.435542,
            0.0
        ],
        "lattice_vector_c": [
            3.940632499957578e-16,
            -3.2177710000000017,
            5.573341999999999
        ],
        "cell_vol": 212.02083150242953,
        "a": 5.911228,
        "b": 6.435542,
        "c": 6.4355412559787855,
        "alpha": 120.00000382439072,
        "beta": 90.0,
        "gamma": 90.0,
        "RSF": [
            1.7316654920578003,
            3.5201265811920166,
            5.883422374725342,
            8.115097045898438,
            10.059098243713379,
            12.852585792541504,
            16.21647834777832,
            17.640275955200195,
            16.140979766845703,
            13.136622428894043,
            9.673011779785156,
            6.170532703399658,
            1.3793500661849976,
            3.0736911296844482,
            6.086738586425781,
            9.802922248840332,
            12.63171672821045,
            14.230805397033691,
            15.379685401916504,
            15.676039695739746,
            14.524916648864746,
            12.475127220153809,
            9.914900779724121,
            6.860641956329346,
            1.379350185394287,
            3.0736913681030273,
            6.086738586425781,
            9.802923202514648,
            12.63171672821045,
            14.230805397033691,
            15.379685401916504,
            15.676039695739746,
            14.524916648864746,
            12.475127220153809,
            9.914900779724121,
            6.860641956329346,
            1.1913957595825195,
            3.1609458923339844,
            6.013267993927002,
            9.024553298950195,
            11.516582489013672,
            13.64983081817627,
            15.714564323425293,
            16.5631103515625,
            15.227839469909668,
            12.720185279846191,
            9.849420547485352,
            6.562606334686279
        ]
    },
    "struct_id": "geometry_1beabf2290",
    "input_ref": null,
    "geometry": [
        [
            1.4778070449829102,
            1.2112469673156738,
            0.6993139982223511,
            "C",
            NaN,
            NaN,
            false
        ],
        [
            1.4778070449829102,
            1.2112469673156738,
            -0.6993139982223511,
            "C",
            NaN,
            NaN,
            false
        ],
        [
            1.4778070449829102,
            4.0411380754175113e-16,
            -1.3986279964447021,
            "C",
            NaN,
            NaN,
            false
        ],
        [
            1.4778070449829102,
            -1.2112480401992798,
            -0.6993139982223511,
            "C",
            NaN,
            NaN,
            false
        ],
        [
            1.4778070449829102,
            -1.2112469673156738,
            0.6993139982223511,
            "C",
            NaN,
            NaN,
            false
        ],
        [
            1.4778070449829102,
            -4.0411380754175113e-16,
            1.3986279964447021,
            "C",
            NaN,
            NaN,
            false
        ],
        [
            1.4778070449829102,
            2.156435966491699,
            1.2450189590454102,
            "H",
            NaN,
            NaN,
            false
        ],
        [
            1.4778070449829102,
            2.156435966491699,
            -1.2450189590454102,
            "H",
            NaN,
            NaN,
            false
        ],
        [
            1.4778070449829102,
            7.194613150683302e-16,
            -2.4900379180908203,
            "H",
            NaN,
            NaN,
            false
        ],
        [
            1.4778070449829102,
            -2.156435966491699,
            -1.2450189590454102,
            "H",
            NaN,
            NaN,
            false
        ],
        [
            1.4778070449829102,
            -2.156435966491699,
            1.2450189590454102,
            "H",
            NaN,
            NaN,
            false
        ],
        [
            1.4778070449829102,
            -7.194613150683302e-16,
            2.4900379180908203,
            "H",
            NaN,
            NaN,
            false
        ],
        [
            4.4334211349487305,
            -1.2112480401992798,
            -0.6993139982223511,
            "C",
            NaN,
            NaN,
            false
        ],
        [
            4.4334211349487305,
            -1.2112469673156738,
            0.6993139982223511,
            "C",
            NaN,
            NaN,
            false
        ],
        [
            4.4334211349487305,
            -4.0411380754175113e-16,
            1.3986279964447021,
            "C",
            NaN,
            NaN,
            false
        ],
        [
            4.4334211349487305,
            1.2112469673156738,
            0.6993139982223511,
            "C",
            NaN,
            NaN,
            false
        ],
        [
            4.4334211349487305,
            1.2112469673156738,
            -0.6993139982223511,
            "C",
            NaN,
            NaN,
            false
        ],
        [
            4.4334211349487305,
            4.0411380754175113e-16,
            -1.3986279964447021,
            "C",
            NaN,
            NaN,
            false
        ],
        [
            4.4334211349487305,
            -2.156435966491699,
            -1.2450189590454102,
            "H",
            NaN,
            NaN,
            false
        ],
        [
            4.4334211349487305,
            -2.156435966491699,
            1.2450189590454102,
            "H",
            NaN,
            NaN,
            false
        ],
        [
            4.4334211349487305,
            -7.194613150683302e-16,
            2.4900379180908203,
            "H",
            NaN,
            NaN,
            false
        ],
        [
            4.4334211349487305,
            2.156435966491699,
            1.2450189590454102,
            "H",
            NaN,
            NaN,
            false
        ],
        [
            4.4334211349487305,
            2.156435966491699,
            -1.2450189590454102,
            "H",
            NaN,
            NaN,
            false
        ],
        [
            4.4334211349487305,
            7.194613150683302e-16,
            -2.4900379180908203,
            "H",
            NaN,
            NaN,
            false
        ]
    ]
}