{
    "properties": {
        "Z": 2,
        "number_of_atoms_in_molecule": 12,
        "unit_cell_volume": 250.160858,
        "attempted_spg": 77,
        "attempted_wyckoff_position": "2c",
        "site_symmetry_group": "2",
        "spg": 84,
        "lattice_vector_a": [
            5.320562,
            0.0,
            0.0
        ],
        "lattice_vector_b": [
            0.0,
            5.320562,
            0.0
        ],
        "lattice_vector_c": [
            0.0,
            0.0,
            8.83699
        ],
        "cell_vol": 250.1608709394734,
        "RSF": [
            1.4246362447738647,
            2.4146339893341064,
            3.795668601989746,
            6.3954925537109375,
            10.177148818969727,
            13.34872055053711,
            14.210151672363281,
            13.360505104064941,
            12.173537254333496,
            10.507685661315918,
            8.139363288879395,
            5.536012172698975,
            1.3285058736801147,
            2.769268035888672,
            5.1545538902282715,
            8.077406883239746,
            10.449463844299316,
            11.862828254699707,
            12.60423755645752,
            13.059001922607422,
            13.008240699768066,
            11.476534843444824,
            8.53867244720459,
            5.407496929168701,
            1.3285057544708252,
            2.769268035888672,
            5.15455436706543,
            8.07740592956543,
            10.44946575164795,
            11.862828254699707,
            12.60423755645752,
            13.059000968933105,
            13.008240699768066,
            11.476534843444824,
            8.53867244720459,
            5.407495975494385,
            0.9024162888526917,
            2.601762533187866,
            4.8978047370910645,
            7.356073379516602,
            10.124946594238281,
            12.337246894836426,
            13.31454849243164,
            13.46601390838623,
            12.617019653320312,
            10.844612121582031,
            8.421607971191406,
            5.531016826629639
        ]
    },
    "struct_id": "geometry_285545dda3",
    "input_ref": null,
    "geometry": [
        [
            -0.4984000027179718,
            2.169718027114868,
            7.291144847869873,
            "C",
            NaN,
            NaN,
            false
        ],
        [
            0.4984009861946106,
            3.1508419513702393,
            7.291144847869873,
            "C",
            NaN,
            NaN,
            false
        ],
        [
            0.9968159794807434,
            3.641418933868408,
            6.079926013946533,
            "C",
            NaN,
            NaN,
            false
        ],
        [
            0.4984009861946106,
            3.1508419513702393,
            4.86870813369751,
            "C",
            NaN,
            NaN,
            false
        ],
        [
            -0.4984000027179718,
            2.169718027114868,
            4.86870813369751,
            "C",
            NaN,
            NaN,
            false
        ],
        [
            -0.996815025806427,
            1.6791410446166992,
            6.079926013946533,
            "C",
            NaN,
            NaN,
            false
        ],
        [
            -0.8872699737548828,
            1.7869629859924316,
            8.236371040344238,
            "H",
            NaN,
            NaN,
            false
        ],
        [
            0.887270987033844,
            3.533596992492676,
            8.236371040344238,
            "H",
            NaN,
            NaN,
            false
        ],
        [
            1.7746520042419434,
            4.407022953033447,
            6.079926013946533,
            "H",
            NaN,
            NaN,
            false
        ],
        [
            0.8872699737548828,
            3.533596992492676,
            3.9234819412231445,
            "H",
            NaN,
            NaN,
            false
        ],
        [
            -0.8872699737548828,
            1.7869629859924316,
            3.9234819412231445,
            "H",
            NaN,
            NaN,
            false
        ],
        [
            -1.774651050567627,
            0.9135370254516602,
            6.079926013946533,
            "H",
            NaN,
            NaN,
            false
        ],
        [
            3.150844097137451,
            -0.4984000027179718,
            2.872649908065796,
            "C",
            NaN,
            NaN,
            false
        ],
        [
            2.169719934463501,
            0.4984009861946106,
            2.872649908065796,
            "C",
            NaN,
            NaN,
            false
        ],
        [
            1.679142951965332,
            0.9968159794807434,
            1.6614320278167725,
            "C",
            NaN,
            NaN,
            false
        ],
        [
            2.169719934463501,
            0.4984009861946106,
            0.45021501183509827,
            "C",
            NaN,
            NaN,
            false
        ],
        [
            3.150844097137451,
            -0.4984000027179718,
            0.45021501183509827,
            "C",
            NaN,
            NaN,
            false
        ],
        [
            3.64142107963562,
            -0.996815025806427,
            1.6614320278167725,
            "C",
            NaN,
            NaN,
            false
        ],
        [
            3.533597946166992,
            -0.8872699737548828,
            3.8178770542144775,
            "H",
            NaN,
            NaN,
            false
        ],
        [
            1.786965012550354,
            0.887270987033844,
            3.8178770542144775,
            "H",
            NaN,
            NaN,
            false
        ],
        [
            0.9135389924049377,
            1.7746520042419434,
            1.6614309549331665,
            "H",
            NaN,
            NaN,
            false
        ],
        [
            1.786965012550354,
            0.8872699737548828,
            -0.4950129985809326,
            "H",
            NaN,
            NaN,
            false
        ],
        [
            3.533597946166992,
            -0.8872699737548828,
            -0.4950129985809326,
            "H",
            NaN,
            NaN,
            false
        ],
        [
            4.407023906707764,
            -1.774651050567627,
            1.6614309549331665,
            "H",
            NaN,
            NaN,
            false
        ]
    ]
}