{
    "properties": {
        "Z": 2,
        "number_of_atoms_in_molecule": 12,
        "unit_cell_volume": 241.396408,
        "attempted_spg": 13,
        "attempted_wyckoff_position": "2f",
        "site_symmetry_group": "2",
        "spg": 13,
        "lattice_vector_a": [
            3.6124385614242622,
            0.0,
            0.0
        ],
        "lattice_vector_b": [
            -0.7518631342322827,
            5.7081945523419595,
            0.0
        ],
        "lattice_vector_c": [
            7.168238580563993e-16,
            8.174327835074173e-16,
            11.706622
        ],
        "cell_vol": 241.39642373382512,
        "a": 3.6124385614242627,
        "b": 5.757498,
        "c": 11.706622,
        "alpha": 90.0,
        "beta": 90.0,
        "gamma": 97.50360186346347,
        "RSF": [
            1.6038947105407715,
            3.0952491760253906,
            5.083740234375,
            7.211728572845459,
            9.153665542602539,
            11.337676048278809,
            13.721413612365723,
            15.00870418548584,
            14.307818412780762,
            11.948176383972168,
            8.688050270080566,
            5.3877034187316895,
            1.4234169721603394,
            3.031261682510376,
            5.526823043823242,
            8.26242733001709,
            10.389653205871582,
            12.171212196350098,
            13.749938011169434,
            14.193257331848145,
            13.15484619140625,
            11.19437313079834,
            8.629950523376465,
            5.712621212005615,
            1.4234169721603394,
            3.031261444091797,
            5.526823043823242,
            8.262425422668457,
            10.389653205871582,
            12.17121410369873,
            13.749938011169434,
            14.193259239196777,
            13.154847145080566,
            11.194374084472656,
            8.629950523376465,
            5.712621688842773,
            0.9712823033332825,
            2.6408936977386475,
            5.139803409576416,
            7.947702884674072,
            10.4600248336792,
            12.517037391662598,
            13.928540229797363,
            14.022109985351562,
            12.908177375793457,
            11.163701057434082,
            8.778096199035645,
            5.854156494140625
        ]
    },
    "struct_id": "geometry_e7813b613d",
    "input_ref": null,
    "geometry": [
        [
            1.3036575317382812,
            1.6909074783325195,
            2.6530559062957764,
            "C",
            NaN,
            NaN,
            false
        ],
        [
            0.9154297113418579,
            2.27248477935791,
            3.8643620014190674,
            "C",
            NaN,
            NaN,
            false
        ],
        [
            0.13892634212970734,
            3.4357104301452637,
            3.8643620014190674,
            "C",
            NaN,
            NaN,
            false
        ],
        [
            -0.249302476644516,
            4.017287254333496,
            2.6530559062957764,
            "C",
            NaN,
            NaN,
            false
        ],
        [
            0.13892634212970734,
            3.4357104301452637,
            1.4417500495910645,
            "C",
            NaN,
            NaN,
            false
        ],
        [
            0.9154297113418579,
            2.27248477935791,
            1.4417500495910645,
            "C",
            NaN,
            NaN,
            false
        ],
        [
            1.9096128940582275,
            0.7831680774688721,
            2.6530559062957764,
            "H",
            NaN,
            NaN,
            false
        ],
        [
            1.2184826135635376,
            1.8185032606124878,
            4.809474945068359,
            "H",
            NaN,
            NaN,
            false
        ],
        [
            -0.16412656009197235,
            3.8896918296813965,
            4.809474945068359,
            "H",
            NaN,
            NaN,
            false
        ],
        [
            -0.8552578091621399,
            4.925026893615723,
            2.6530559062957764,
            "H",
            NaN,
            NaN,
            false
        ],
        [
            -0.16412656009197235,
            3.8896918296813965,
            0.4966380000114441,
            "H",
            NaN,
            NaN,
            false
        ],
        [
            1.2184816598892212,
            1.8185031414031982,
            0.4966380000114441,
            "H",
            NaN,
            NaN,
            false
        ],
        [
            1.5569167137145996,
            4.017287731170654,
            9.05356502532959,
            "C",
            NaN,
            NaN,
            false
        ],
        [
            1.9451446533203125,
            3.4357097148895264,
            7.842259883880615,
            "C",
            NaN,
            NaN,
            false
        ],
        [
            2.721648931503296,
            2.2724852561950684,
            7.842259883880615,
            "C",
            NaN,
            NaN,
            false
        ],
        [
            3.109876871109009,
            1.6909070014953613,
            9.05356502532959,
            "C",
            NaN,
            NaN,
            false
        ],
        [
            2.721649169921875,
            2.272484302520752,
            10.264872550964355,
            "C",
            NaN,
            NaN,
            false
        ],
        [
            1.9451446533203125,
            3.4357097148895264,
            10.264872550964355,
            "C",
            NaN,
            NaN,
            false
        ],
        [
            0.9509615302085876,
            4.9250264167785645,
            9.05356502532959,
            "H",
            NaN,
            NaN,
            false
        ],
        [
            1.6420928239822388,
            3.8896913528442383,
            6.897147178649902,
            "H",
            NaN,
            NaN,
            false
        ],
        [
            3.024700880050659,
            1.81850266456604,
            6.897147178649902,
            "H",
            NaN,
            NaN,
            false
        ],
        [
            3.715832233428955,
            0.7831675410270691,
            9.05356502532959,
            "H",
            NaN,
            NaN,
            false
        ],
        [
            3.024700880050659,
            1.81850266456604,
            11.209983825683594,
            "H",
            NaN,
            NaN,
            false
        ],
        [
            1.6420928239822388,
            3.8896913528442383,
            11.209983825683594,
            "H",
            NaN,
            NaN,
            false
        ]
    ]
}