{
    "properties": {
        "Z": 2,
        "number_of_atoms_in_molecule": 12,
        "unit_cell_volume": 249.612305,
        "attempted_spg": 90,
        "attempted_wyckoff_position": "2a",
        "site_symmetry_group": "222",
        "spg": 127,
        "lattice_vector_a": [
            3.058942,
            0.0,
            0.0
        ],
        "lattice_vector_b": [
            5.531312599513485e-16,
            9.033319,
            0.0
        ],
        "lattice_vector_c": [
            5.531312599513485e-16,
            5.531312599513485e-16,
            9.033319
        ],
        "cell_vol": 249.61227389504774,
        "a": 3.058942,
        "b": 9.033319,
        "c": 9.033319,
        "alpha": 90.0,
        "beta": 90.0,
        "gamma": 90.0,
        "RSF": [
            1.661469578742981,
            3.2940797805786133,
            5.403018474578857,
            7.2039666175842285,
            8.2429838180542,
            9.750970840454102,
            12.396178245544434,
            14.290824890136719,
            13.844799041748047,
            11.785931587219238,
            9.02449893951416,
            5.850845813751221,
            1.3243540525436401,
            2.769068479537964,
            5.174650192260742,
            8.102300643920898,
            10.350255966186523,
            11.677199363708496,
            12.882660865783691,
            13.711918830871582,
            13.025744438171387,
            10.895859718322754,
            8.265922546386719,
            5.568676471710205,
            1.3243540525436401,
            2.7690680027008057,
            5.1746506690979,
            8.102300643920898,
            10.350255966186523,
            11.677199363708496,
            12.882662773132324,
            13.711918830871582,
            13.025744438171387,
            10.895858764648438,
            8.265922546386719,
            5.5686774253845215,
            0.9358026385307312,
            2.5288808345794678,
            4.874424457550049,
            7.527872562408447,
            10.039911270141602,
            12.086181640625,
            13.467514038085938,
            13.828913688659668,
            12.762227058410645,
            10.585125923156738,
            8.16916561126709,
            5.633342742919922
        ]
    },
    "struct_id": "geometry_97bc8cbd81",
    "input_ref": null,
    "geometry": [
        [
            6.055841542315429e-17,
            1.3509570360183716,
            -0.3619630038738251,
            "C",
            NaN,
            NaN,
            false
        ],
        [
            -6.055829630914608e-17,
            0.36196398735046387,
            -1.3509559631347656,
            "C",
            NaN,
            NaN,
            false
        ],
        [
            -1.211185513819827e-16,
            -0.9890090227127075,
            -0.9890069961547852,
            "C",
            NaN,
            NaN,
            false
        ],
        [
            -6.055835586615019e-17,
            -1.350957989692688,
            0.36196500062942505,
            "C",
            NaN,
            NaN,
            false
        ],
        [
            6.055847498015839e-17,
            -0.36196398735046387,
            1.3509589433670044,
            "C",
            NaN,
            NaN,
            false
        ],
        [
            1.211186043215419e-16,
            0.9890080094337463,
            0.9890090227127075,
            "C",
            NaN,
            NaN,
            false
        ],
        [
            1.0780822932671431e-16,
            2.405158042907715,
            -0.6445159912109375,
            "H",
            NaN,
            NaN,
            false
        ],
        [
            -1.0780822932671431e-16,
            0.6445159912109375,
            -2.405158042907715,
            "H",
            NaN,
            NaN,
            false
        ],
        [
            -2.1562993177124589e-16,
            -1.7607530355453491,
            -1.7607510089874268,
            "H",
            NaN,
            NaN,
            false
        ],
        [
            -1.0780828888371841e-16,
            -2.4051589965820312,
            0.6445159912109375,
            "H",
            NaN,
            NaN,
            false
        ],
        [
            1.0780828888371841e-16,
            -0.6445159912109375,
            2.4051589965820312,
            "H",
            NaN,
            NaN,
            false
        ],
        [
            2.156299847108051e-16,
            1.7607519626617432,
            1.7607530355453491,
            "H",
            NaN,
            NaN,
            false
        ],
        [
            6.58017492134944e-16,
            4.878623962402344,
            5.867617130279541,
            "C",
            NaN,
            NaN,
            false
        ],
        [
            6.58017492134944e-16,
            5.867617130279541,
            4.878623962402344,
            "C",
            NaN,
            NaN,
            false
        ],
        [
            5.531313081005753e-16,
            5.5056681632995605,
            3.5276520252227783,
            "C",
            NaN,
            NaN,
            false
        ],
        [
            4.482451240662066e-16,
            4.154695987701416,
            3.1657021045684814,
            "C",
            NaN,
            NaN,
            false
        ],
        [
            4.482451240662066e-16,
            3.1657021045684814,
            4.154695987701416,
            "C",
            NaN,
            NaN,
            false
        ],
        [
            5.531313081005753e-16,
            3.5276520252227783,
            5.5056681632995605,
            "C",
            NaN,
            NaN,
            false
        ],
        [
            7.398699915972713e-16,
            5.1611762046813965,
            6.921817779541016,
            "H",
            NaN,
            NaN,
            false
        ],
        [
            7.398699915972713e-16,
            6.921817779541016,
            5.1611762046813965,
            "H",
            NaN,
            NaN,
            false
        ],
        [
            5.531313081005753e-16,
            6.277411937713623,
            2.7559080123901367,
            "H",
            NaN,
            NaN,
            false
        ],
        [
            3.6639257166432015e-16,
            3.8721439838409424,
            2.1115009784698486,
            "H",
            NaN,
            NaN,
            false
        ],
        [
            3.6639257166432015e-16,
            2.1115009784698486,
            3.8721439838409424,
            "H",
            NaN,
            NaN,
            false
        ],
        [
            5.531313081005753e-16,
            2.7559080123901367,
            6.277411937713623,
            "H",
            NaN,
            NaN,
            false
        ]
    ]
}