{
    "properties": {
        "Z": 2,
        "number_of_atoms_in_molecule": 12,
        "unit_cell_volume": 270.193146,
        "attempted_spg": 12,
        "attempted_wyckoff_position": "2b",
        "site_symmetry_group": "2/m",
        "spg": 12,
        "lattice_vector_a": [
            3.696317367686384,
            2.220446049250313e-16,
            0.0
        ],
        "lattice_vector_b": [
            -0.11279900626200101,
            7.059650157706917,
            0.0
        ],
        "lattice_vector_c": [
            6.340196708937507e-16,
            6.442309558663261e-16,
            10.354326999999998
        ],
        "cell_vol": 270.19313429722206,
        "a": 3.696317367686384,
        "b": 7.060551250789488,
        "c": 10.354327,
        "alpha": 90.0,
        "beta": 90.0,
        "gamma": 90.91539339017612,
        "RSF": [
            1.5417094230651855,
            2.8227970600128174,
            4.383303642272949,
            6.055985927581787,
            7.730491638183594,
            9.765484809875488,
            12.14193344116211,
            13.775821685791016,
            13.367340087890625,
            10.858986854553223,
            7.608882427215576,
            4.759313106536865,
            1.2616111040115356,
            2.580117702484131,
            4.772115230560303,
            7.386345386505127,
            9.438713073730469,
            10.920345306396484,
            12.069156646728516,
            12.500658988952637,
            11.841651916503906,
            10.104562759399414,
            7.722982406616211,
            5.179475784301758,
            1.2616111040115356,
            2.58011794090271,
            4.772114276885986,
            7.386345386505127,
            9.438712120056152,
            10.9203462600708,
            12.069156646728516,
            12.500657081604004,
            11.841651916503906,
            10.104562759399414,
            7.722981929779053,
            5.179476261138916,
            0.743910014629364,
            2.266672372817993,
            4.649709224700928,
            7.175811767578125,
            9.270384788513184,
            10.894627571105957,
            12.197193145751953,
            12.801228523254395,
            12.005217552185059,
            10.017051696777344,
            7.588699817657471,
            5.070803165435791
        ]
    },
    "struct_id": "geometry_bbaf824d91",
    "input_ref": null,
    "geometry": [
        [
            4.0264605826283704e-16,
            4.0913091603723636e-16,
            6.575708866119385,
            "C",
            NaN,
            NaN,
            false
        ],
        [
            -0.6933924555778503,
            0.9932107925415039,
            5.876458168029785,
            "C",
            NaN,
            NaN,
            false
        ],
        [
            -0.6933924555778503,
            0.9932107925415039,
            4.477869033813477,
            "C",
            NaN,
            NaN,
            false
        ],
        [
            2.3137361404785336e-16,
            2.3510002962018025e-16,
            3.778618097305298,
            "C",
            NaN,
            NaN,
            false
        ],
        [
            0.6933924555778503,
            -0.9932107925415039,
            4.477869033813477,
            "C",
            NaN,
            NaN,
            false
        ],
        [
            0.6933924555778503,
            -0.9932107925415039,
            5.876458168029785,
            "C",
            NaN,
            NaN,
            false
        ],
        [
            4.694755284331028e-16,
            4.77036726855446e-16,
            7.667117118835449,
            "H",
            NaN,
            NaN,
            false
        ],
        [
            -1.2344061136245728,
            1.7681567668914795,
            6.422296047210693,
            "H",
            NaN,
            NaN,
            false
        ],
        [
            -1.2344061136245728,
            1.7681567668914795,
            3.932029962539673,
            "H",
            NaN,
            NaN,
            false
        ],
        [
            1.6454409093802835e-16,
            1.6719417909730124e-16,
            2.687208890914917,
            "H",
            NaN,
            NaN,
            false
        ],
        [
            1.2344061136245728,
            -1.7681567668914795,
            3.932029962539673,
            "H",
            NaN,
            NaN,
            false
        ],
        [
            1.2344061136245728,
            -1.7681567668914795,
            6.422296047210693,
            "H",
            NaN,
            NaN,
            false
        ],
        [
            -0.0563991442322731,
            3.529825448989868,
            1.3985459804534912,
            "C",
            NaN,
            NaN,
            false
        ],
        [
            -0.7497916221618652,
            4.523036003112793,
            0.6992949843406677,
            "C",
            NaN,
            NaN,
            false
        ],
        [
            -0.7497916221618652,
            4.523036003112793,
            -0.6992939710617065,
            "C",
            NaN,
            NaN,
            false
        ],
        [
            -0.0563991442322731,
            3.529825448989868,
            -1.3985450267791748,
            "C",
            NaN,
            NaN,
            false
        ],
        [
            0.6369926333427429,
            2.536613941192627,
            -0.6992939710617065,
            "C",
            NaN,
            NaN,
            false
        ],
        [
            0.6369926333427429,
            2.536613941192627,
            0.6992949843406677,
            "C",
            NaN,
            NaN,
            false
        ],
        [
            -0.0563991442322731,
            3.529825448989868,
            2.489954948425293,
            "H",
            NaN,
            NaN,
            false
        ],
        [
            -1.2908059358596802,
            5.2979817390441895,
            1.2451330423355103,
            "H",
            NaN,
            NaN,
            false
        ],
        [
            -1.2908059358596802,
            5.2979817390441895,
            -1.2451319694519043,
            "H",
            NaN,
            NaN,
            false
        ],
        [
            -0.0563991442322731,
            3.529825448989868,
            -2.4899539947509766,
            "H",
            NaN,
            NaN,
            false
        ],
        [
            1.1780070066452026,
            1.7616685628890991,
            -1.2451319694519043,
            "H",
            NaN,
            NaN,
            false
        ],
        [
            1.1780070066452026,
            1.7616685628890991,
            1.2451330423355103,
            "H",
            NaN,
            NaN,
            false
        ]
    ]
}