{
    "properties": {
        "Z": 2,
        "number_of_atoms_in_molecule": 12,
        "unit_cell_volume": 290.711609,
        "attempted_spg": 89,
        "attempted_wyckoff_position": "2f",
        "site_symmetry_group": "222",
        "spg": 123,
        "lattice_vector_a": [
            3.0803889999999994,
            0.0,
            0.0
        ],
        "lattice_vector_b": [
            5.948524046400206e-16,
            9.714676999999998,
            0.0
        ],
        "lattice_vector_c": [
            5.948524046400206e-16,
            5.948524046400206e-16,
            9.714676999999998
        ],
        "cell_vol": 290.71155543537765,
        "a": 3.080389,
        "b": 9.714677,
        "c": 9.714677,
        "alpha": 90.0,
        "beta": 90.0,
        "gamma": 90.0,
        "RSF": [
            1.6367450952529907,
            3.1764678955078125,
            5.031595706939697,
            6.364240646362305,
            6.7724833488464355,
            7.629905700683594,
            9.795031547546387,
            11.639046669006348,
            11.648418426513672,
            10.202861785888672,
            8.015838623046875,
            5.35427713394165,
            1.2320942878723145,
            2.4618442058563232,
            4.51115608215332,
            7.019721508026123,
            8.822021484375,
            9.736894607543945,
            10.715031623840332,
            11.594269752502441,
            11.201722145080566,
            9.531113624572754,
            7.307573318481445,
            4.9062418937683105,
            1.2320942878723145,
            2.4618442058563232,
            4.51115608215332,
            7.019721984863281,
            8.822020530700684,
            9.736893653869629,
            10.715031623840332,
            11.594269752502441,
            11.2017240524292,
            9.531115531921387,
            7.3075737953186035,
            4.906240940093994,
            0.7307596802711487,
            2.066131830215454,
            4.179543972015381,
            6.576420307159424,
            8.587239265441895,
            10.13101863861084,
            11.479019165039062,
            12.019549369812012,
            11.096576690673828,
            9.205619812011719,
            6.984320163726807,
            4.710160255432129
        ]
    },
    "struct_id": "geometry_adbf4b93db",
    "input_ref": null,
    "geometry": [
        [
            1.5401949882507324,
            4.15801477432251,
            1.211217999458313,
            "C",
            NaN,
            NaN,
            false
        ],
        [
            1.5401949882507324,
            5.5566630363464355,
            1.211217999458313,
            "C",
            NaN,
            NaN,
            false
        ],
        [
            1.5401949882507324,
            6.256008148193359,
            0.0,
            "C",
            NaN,
            NaN,
            false
        ],
        [
            1.5401949882507324,
            5.5566630363464355,
            -1.211217999458313,
            "C",
            NaN,
            NaN,
            false
        ],
        [
            1.5401949882507324,
            4.15801477432251,
            -1.211217999458313,
            "C",
            NaN,
            NaN,
            false
        ],
        [
            1.5401949882507324,
            3.4586689472198486,
            0.0,
            "C",
            NaN,
            NaN,
            false
        ],
        [
            1.5401949882507324,
            3.6123769283294678,
            2.1564459800720215,
            "H",
            NaN,
            NaN,
            false
        ],
        [
            1.5401949882507324,
            6.102301120758057,
            2.1564459800720215,
            "H",
            NaN,
            NaN,
            false
        ],
        [
            1.5401949882507324,
            7.3474202156066895,
            0.0,
            "H",
            NaN,
            NaN,
            false
        ],
        [
            1.5401949882507324,
            6.102301120758057,
            -2.1564459800720215,
            "H",
            NaN,
            NaN,
            false
        ],
        [
            1.5401949882507324,
            3.6123769283294678,
            -2.1564459800720215,
            "H",
            NaN,
            NaN,
            false
        ],
        [
            1.5401949882507324,
            2.367258071899414,
            0.0,
            "H",
            NaN,
            NaN,
            false
        ],
        [
            1.5401949882507324,
            -1.211217999458313,
            4.15801477432251,
            "C",
            NaN,
            NaN,
            false
        ],
        [
            1.5401949882507324,
            -1.2112189531326294,
            5.5566630363464355,
            "C",
            NaN,
            NaN,
            false
        ],
        [
            1.5401949882507324,
            9.999999974752427e-07,
            6.256008148193359,
            "C",
            NaN,
            NaN,
            false
        ],
        [
            1.5401949882507324,
            1.2112200260162354,
            5.5566630363464355,
            "C",
            NaN,
            NaN,
            false
        ],
        [
            1.5401949882507324,
            1.2112200260162354,
            4.15801477432251,
            "C",
            NaN,
            NaN,
            false
        ],
        [
            1.5401949882507324,
            0.0,
            3.4586689472198486,
            "C",
            NaN,
            NaN,
            false
        ],
        [
            1.5401949882507324,
            -2.156446933746338,
            3.6123769283294678,
            "H",
            NaN,
            NaN,
            false
        ],
        [
            1.5401949882507324,
            -2.1564459800720215,
            6.102301120758057,
            "H",
            NaN,
            NaN,
            false
        ],
        [
            1.5401949882507324,
            0.0,
            7.3474202156066895,
            "H",
            NaN,
            NaN,
            false
        ],
        [
            1.5401949882507324,
            2.1564459800720215,
            6.102301120758057,
            "H",
            NaN,
            NaN,
            false
        ],
        [
            1.5401949882507324,
            2.156446933746338,
            3.6123769283294678,
            "H",
            NaN,
            NaN,
            false
        ],
        [
            1.5401949882507324,
            0.0,
            2.367258071899414,
            "H",
            NaN,
            NaN,
            false
        ]
    ]
}