{
    "properties": {
        "Z": 2,
        "number_of_atoms_in_molecule": 12,
        "unit_cell_volume": 258.673889,
        "attempted_spg": 23,
        "attempted_wyckoff_position": "2d",
        "site_symmetry_group": "222",
        "spg": 71,
        "lattice_vector_a": [
            3.291081,
            0.0,
            0.0
        ],
        "lattice_vector_b": [
            4.687754452941803e-16,
            7.655684,
            0.0
        ],
        "lattice_vector_c": [
            6.286528399935073e-16,
            6.286528399935073e-16,
            10.26668
        ],
        "cell_vol": 258.67389112489644,
        "a": 3.291081,
        "b": 7.655684,
        "c": 10.26668,
        "alpha": 90.0,
        "beta": 90.0,
        "gamma": 90.0,
        "RSF": [
            1.541110634803772,
            2.9063565731048584,
            4.811682224273682,
            6.908388614654541,
            8.318402290344238,
            9.61517333984375,
            12.10544490814209,
            14.346016883850098,
            13.906551361083984,
            11.195449829101562,
            8.041790962219238,
            5.261265277862549,
            1.221159815788269,
            2.5067880153656006,
            4.865243434906006,
            7.9474616050720215,
            10.283076286315918,
            11.54080867767334,
            12.49490737915039,
            13.03399658203125,
            12.331175804138184,
            10.341815948486328,
            7.921562194824219,
            5.4422760009765625,
            1.2211600542068481,
            2.5067880153656006,
            4.865243911743164,
            7.9474616050720215,
            10.283075332641602,
            11.54080867767334,
            12.49490737915039,
            13.033997535705566,
            12.331175804138184,
            10.341814994812012,
            7.9215617179870605,
            5.4422760009765625,
            0.8208599090576172,
            2.4711456298828125,
            4.88433313369751,
            7.349878311157227,
            9.610794067382812,
            11.48062515258789,
            12.806580543518066,
            13.296490669250488,
            12.481231689453125,
            10.534722328186035,
            7.95673131942749,
            5.279559135437012
        ]
    },
    "struct_id": "geometry_f8937c2ec2",
    "input_ref": null,
    "geometry": [
        [
            2.2869018720117213e-16,
            2.2869018720117213e-16,
            3.7347939014434814,
            "C",
            NaN,
            NaN,
            false
        ],
        [
            3.456781162414202e-16,
            1.2113059759140015,
            4.434045791625977,
            "C",
            NaN,
            NaN,
            false
        ],
        [
            4.3131703826643144e-16,
            1.2113059759140015,
            5.832635879516602,
            "C",
            NaN,
            NaN,
            false
        ],
        [
            3.9996279023483342e-16,
            3.9996279023483342e-16,
            6.531888008117676,
            "C",
            NaN,
            NaN,
            false
        ],
        [
            2.8297486119458534e-16,
            -1.2113059759140015,
            5.832635879516602,
            "C",
            NaN,
            NaN,
            false
        ],
        [
            1.9733591269979452e-16,
            -1.2113059759140015,
            4.434045791625977,
            "C",
            NaN,
            NaN,
            false
        ],
        [
            1.6186065085645732e-16,
            1.6186065085645732e-16,
            2.6433849334716797,
            "H",
            NaN,
            NaN,
            false
        ],
        [
            3.7012653112383353e-16,
            2.1564180850982666,
            3.888206958770752,
            "H",
            NaN,
            NaN,
            false
        ],
        [
            5.226115463407004e-16,
            2.1564180850982666,
            6.378476142883301,
            "H",
            NaN,
            NaN,
            false
        ],
        [
            4.66792339814438e-16,
            4.66792339814438e-16,
            7.623297214508057,
            "H",
            NaN,
            NaN,
            false
        ],
        [
            2.5852649925173124e-16,
            -2.1564180850982666,
            6.378476142883301,
            "H",
            NaN,
            NaN,
            false
        ],
        [
            1.0604149065230925e-16,
            -2.1564180850982666,
            3.888206958770752,
            "H",
            NaN,
            NaN,
            false
        ],
        [
            1.6455409526824951,
            3.8278419971466064,
            -1.3985459804534912,
            "C",
            NaN,
            NaN,
            false
        ],
        [
            1.6455409526824951,
            5.039147853851318,
            -0.6992939710617065,
            "C",
            NaN,
            NaN,
            false
        ],
        [
            1.6455409526824951,
            5.039147853851318,
            0.6992959976196289,
            "C",
            NaN,
            NaN,
            false
        ],
        [
            1.6455409526824951,
            3.8278419971466064,
            1.3985480070114136,
            "C",
            NaN,
            NaN,
            false
        ],
        [
            1.6455409526824951,
            2.6165359020233154,
            0.6992959976196289,
            "C",
            NaN,
            NaN,
            false
        ],
        [
            1.6455409526824951,
            2.6165359020233154,
            -0.6992939710617065,
            "C",
            NaN,
            NaN,
            false
        ],
        [
            1.6455409526824951,
            3.8278419971466064,
            -2.489954948425293,
            "H",
            NaN,
            NaN,
            false
        ],
        [
            1.6455409526824951,
            5.984260082244873,
            -1.2451339960098267,
            "H",
            NaN,
            NaN,
            false
        ],
        [
            1.6455409526824951,
            5.984260082244873,
            1.245136022567749,
            "H",
            NaN,
            NaN,
            false
        ],
        [
            1.6455409526824951,
            3.8278419971466064,
            2.489957094192505,
            "H",
            NaN,
            NaN,
            false
        ],
        [
            1.6455409526824951,
            1.6714240312576294,
            1.245136022567749,
            "H",
            NaN,
            NaN,
            false
        ],
        [
            1.6455409526824951,
            1.6714240312576294,
            -1.2451339960098267,
            "H",
            NaN,
            NaN,
            false
        ]
    ]
}