{
    "properties": {
        "Z": 2,
        "number_of_atoms_in_molecule": 12,
        "unit_cell_volume": 256.321411,
        "attempted_spg": 59,
        "attempted_wyckoff_position": "2a",
        "site_symmetry_group": "mm2",
        "spg": 59,
        "lattice_vector_a": [
            3.1701829999999998,
            0.0,
            0.0
        ],
        "lattice_vector_b": [
            4.379352874159324e-16,
            7.152025999999999,
            0.0
        ],
        "lattice_vector_c": [
            6.922329503295204e-16,
            6.922329503295204e-16,
            11.305022
        ],
        "cell_vol": 256.32137798785647,
        "a": 3.170183,
        "b": 7.152026,
        "c": 11.305022,
        "alpha": 90.0,
        "beta": 90.0,
        "gamma": 90.0,
        "RSF": [
            1.6065081357955933,
            3.137176513671875,
            5.198305606842041,
            7.106664657592773,
            8.173941612243652,
            9.532878875732422,
            12.124267578125,
            14.047996520996094,
            13.50322437286377,
            11.216148376464844,
            8.443020820617676,
            5.579354763031006,
            1.3064844608306885,
            2.700845956802368,
            5.0255584716796875,
            7.908552646636963,
            10.179230690002441,
            11.477608680725098,
            12.497512817382812,
            13.137202262878418,
            12.486567497253418,
            10.554896354675293,
            8.078242301940918,
            5.48917818069458,
            1.306484580039978,
            2.7008464336395264,
            5.0255584716796875,
            7.908553600311279,
            10.179231643676758,
            11.477608680725098,
            12.497512817382812,
            13.137202262878418,
            12.486567497253418,
            10.554896354675293,
            8.078242301940918,
            5.489177703857422,
            0.8861218094825745,
            2.4549543857574463,
            4.792629718780518,
            7.426320552825928,
            9.80780029296875,
            11.649593353271484,
            12.930569648742676,
            13.334857940673828,
            12.533289909362793,
            10.563769340515137,
            8.023237228393555,
            5.416507720947266
        ]
    },
    "struct_id": "geometry_dacb351baf",
    "input_ref": null,
    "geometry": [
        [
            2.807216212059909e-16,
            3.373311996459961,
            1.2112200260162354,
            "C",
            NaN,
            NaN,
            false
        ],
        [
            1.9507907282117424e-16,
            1.9746639728546143,
            1.2112189531326294,
            "C",
            NaN,
            NaN,
            false
        ],
        [
            7.809082614357093e-17,
            1.27531898021698,
            9.999999974752427e-07,
            "C",
            NaN,
            NaN,
            false
        ],
        [
            4.6747586231564775e-17,
            1.9746639728546143,
            -1.211217999458313,
            "C",
            NaN,
            NaN,
            false
        ],
        [
            1.3239007175065487e-16,
            3.373311996459961,
            -1.211217999458313,
            "C",
            NaN,
            NaN,
            false
        ],
        [
            2.493784375422664e-16,
            4.072658061981201,
            9.999999974752427e-07,
            "C",
            NaN,
            NaN,
            false
        ],
        [
            3.720107029754415e-16,
            3.918950080871582,
            2.1564459800720215,
            "H",
            NaN,
            NaN,
            false
        ],
        [
            2.1954683711247638e-16,
            1.4290260076522827,
            2.1564459800720215,
            "H",
            NaN,
            NaN,
            false
        ],
        [
            1.1261178129473428e-17,
            0.18390800058841705,
            9.999999974752427e-07,
            "H",
            NaN,
            NaN,
            false
        ],
        [
            -4.4541568329779755e-17,
            1.4290260076522827,
            -2.156445026397705,
            "H",
            NaN,
            NaN,
            false
        ],
        [
            1.0792230745935272e-16,
            3.918950080871582,
            -2.156445026397705,
            "H",
            NaN,
            NaN,
            false
        ],
        [
            3.162080930009894e-16,
            5.164069175720215,
            9.999999974752427e-07,
            "H",
            NaN,
            NaN,
            false
        ],
        [
            1.5850919485092163,
            3.7787139415740967,
            6.863729953765869,
            "C",
            NaN,
            NaN,
            false
        ],
        [
            1.5850919485092163,
            5.177361011505127,
            6.863729953765869,
            "C",
            NaN,
            NaN,
            false
        ],
        [
            1.5850919485092163,
            5.876707077026367,
            5.652512073516846,
            "C",
            NaN,
            NaN,
            false
        ],
        [
            1.5850919485092163,
            5.177361011505127,
            4.441292762756348,
            "C",
            NaN,
            NaN,
            false
        ],
        [
            1.5850919485092163,
            3.7787139415740967,
            4.441292762756348,
            "C",
            NaN,
            NaN,
            false
        ],
        [
            1.5850919485092163,
            3.079369068145752,
            5.652512073516846,
            "C",
            NaN,
            NaN,
            false
        ],
        [
            1.5850919485092163,
            3.2330760955810547,
            7.808958053588867,
            "H",
            NaN,
            NaN,
            false
        ],
        [
            1.5850919485092163,
            5.7230000495910645,
            7.808958053588867,
            "H",
            NaN,
            NaN,
            false
        ],
        [
            1.5850919485092163,
            6.968118190765381,
            5.652511119842529,
            "H",
            NaN,
            NaN,
            false
        ],
        [
            1.5850919485092163,
            5.7230000495910645,
            3.496066093444824,
            "H",
            NaN,
            NaN,
            false
        ],
        [
            1.5850919485092163,
            3.2330760955810547,
            3.496066093444824,
            "H",
            NaN,
            NaN,
            false
        ],
        [
            1.5850919485092163,
            1.9879579544067383,
            5.652512073516846,
            "H",
            NaN,
            NaN,
            false
        ]
    ]
}