{
    "properties": {
        "Z": 2,
        "number_of_atoms_in_molecule": 12,
        "unit_cell_volume": 278.02002,
        "attempted_spg": 55,
        "attempted_wyckoff_position": "2a",
        "site_symmetry_group": "2/m",
        "spg": 55,
        "lattice_vector_a": [
            2.979598,
            0.0,
            0.0
        ],
        "lattice_vector_b": [
            5.666237448286145e-16,
            9.253668,
            0.0
        ],
        "lattice_vector_c": [
            6.174266252504036e-16,
            6.174266252504036e-16,
            10.083342
        ],
        "cell_vol": 278.020029835921,
        "a": 2.979598,
        "b": 9.253668,
        "c": 10.083342,
        "alpha": 90.0,
        "beta": 90.0,
        "gamma": 90.0,
        "RSF": [
            1.6999974250793457,
            3.35815691947937,
            5.290566921234131,
            6.543619155883789,
            6.956939220428467,
            8.106429100036621,
            10.47385311126709,
            12.203391075134277,
            12.133221626281738,
            10.746464729309082,
            8.458636283874512,
            5.541909694671631,
            1.263780951499939,
            2.5802485942840576,
            4.749186038970947,
            7.3062896728515625,
            9.144408226013184,
            10.240776062011719,
            11.391131401062012,
            12.162986755371094,
            11.590057373046875,
            9.912461280822754,
            7.682947635650635,
            5.145674228668213,
            1.2637808322906494,
            2.5802485942840576,
            4.749186038970947,
            7.306290149688721,
            9.14440631866455,
            10.240775108337402,
            11.391131401062012,
            12.162986755371094,
            11.590058326721191,
            9.912460327148438,
            7.682947635650635,
            5.145674228668213,
            0.7632482647895813,
            2.2463502883911133,
            4.461397647857666,
            6.796998500823975,
            8.888731956481934,
            10.713443756103516,
            12.070377349853516,
            12.4579439163208,
            11.576362609863281,
            9.625012397766113,
            7.3195319175720215,
            5.000342845916748
        ]
    },
    "struct_id": "geometry_5711f6dfe0",
    "input_ref": null,
    "geometry": [
        [
            -6.7162694089768504e-18,
            -1.0422409772872925,
            0.9325559735298157,
            "C",
            NaN,
            NaN,
            false
        ],
        [
            1.0137405456280734e-16,
            0.2865679860115051,
            1.368996024131775,
            "C",
            NaN,
            NaN,
            false
        ],
        [
            1.0809063540528482e-16,
            1.3288429975509644,
            0.4364109933376312,
            "C",
            NaN,
            NaN,
            false
        ],
        [
            6.7162694089768504e-18,
            1.0422430038452148,
            -0.932558000087738,
            "C",
            NaN,
            NaN,
            false
        ],
        [
            -1.0137412073725634e-16,
            -0.28656598925590515,
            -1.3689990043640137,
            "C",
            NaN,
            NaN,
            false
        ],
        [
            -1.0809063540528482e-16,
            -1.328840970993042,
            -0.4364129900932312,
            "C",
            NaN,
            NaN,
            false
        ],
        [
            -1.1957696465286966e-17,
            -1.8555949926376343,
            1.660310983657837,
            "H",
            NaN,
            NaN,
            false
        ],
        [
            1.8046946178182187e-16,
            0.5099959969520569,
            2.4372940063476562,
            "H",
            NaN,
            NaN,
            false
        ],
        [
            1.9242844203141952e-16,
            2.3658249378204346,
            0.7767699956893921,
            "H",
            NaN,
            NaN,
            false
        ],
        [
            1.1957574042556309e-17,
            1.8555970191955566,
            -1.6603150367736816,
            "H",
            NaN,
            NaN,
            false
        ],
        [
            -1.8046939560737287e-16,
            -0.5099939703941345,
            -2.4372949600219727,
            "H",
            NaN,
            NaN,
            false
        ],
        [
            -1.9242857438031753e-16,
            -2.3658230304718018,
            -0.776773989200592,
            "H",
            NaN,
            NaN,
            false
        ],
        [
            4.71103631636844e-16,
            3.58459210395813,
            4.109114170074463,
            "C",
            NaN,
            NaN,
            false
        ],
        [
            5.257454623664229e-16,
            4.913402080535889,
            3.672672986984253,
            "C",
            NaN,
            NaN,
            false
        ],
        [
            6.466706917130846e-16,
            5.955676078796387,
            4.605257987976074,
            "C",
            NaN,
            NaN,
            false
        ],
        [
            7.129467317314381e-16,
            5.669076919555664,
            5.974226951599121,
            "C",
            NaN,
            NaN,
            false
        ],
        [
            6.583049010018592e-16,
            4.340267181396484,
            6.410667896270752,
            "C",
            NaN,
            NaN,
            false
        ],
        [
            5.373796716551975e-16,
            3.2979929447174072,
            5.47808313369751,
            "C",
            NaN,
            NaN,
            false
        ],
        [
            3.7673786150516976e-16,
            2.771238088607788,
            3.3813579082489014,
            "H",
            NaN,
            NaN,
            false
        ],
        [
            4.740122368985969e-16,
            5.136829853057861,
            2.604377031326294,
            "H",
            NaN,
            NaN,
            false
        ],
        [
            6.893265827225415e-16,
            6.992659091949463,
            4.26489782333374,
            "H",
            NaN,
            NaN,
            false
        ],
        [
            8.073124489235532e-16,
            6.4824299812316895,
            6.7019829750061035,
            "H",
            NaN,
            NaN,
            false
        ],
        [
            7.100381264696853e-16,
            4.116837978363037,
            7.478964805603027,
            "H",
            NaN,
            NaN,
            false
        ],
        [
            4.947238335852998e-16,
            2.261009931564331,
            5.8184428215026855,
            "H",
            NaN,
            NaN,
            false
        ]
    ]
}