{
    "properties": {
        "Z": 2,
        "number_of_atoms_in_molecule": 12,
        "unit_cell_volume": 215.025101,
        "attempted_spg": 158,
        "attempted_wyckoff_position": "2b",
        "site_symmetry_group": "3",
        "spg": 192,
        "lattice_vector_a": [
            5.87606,
            0.0,
            0.0
        ],
        "lattice_vector_b": [
            3.9803108995081524e-16,
            6.500341,
            0.0
        ],
        "lattice_vector_c": [
            3.9803113499416664e-16,
            -3.250170999999998,
            5.629461000000001
        ],
        "cell_vol": 215.0251088800459,
        "a": 5.87606,
        "b": 6.500341,
        "c": 6.500341735613752,
        "alpha": 120.00000134544106,
        "beta": 90.0,
        "gamma": 90.0,
        "RSF": [
            1.7418581247329712,
            3.535032272338867,
            5.846164226531982,
            7.946054935455322,
            9.785454750061035,
            12.550440788269043,
            15.915427207946777,
            17.408367156982422,
            16.020402908325195,
            13.072297096252441,
            9.608055114746094,
            6.088968753814697,
            1.38266122341156,
            3.055645704269409,
            5.970369338989258,
            9.581366539001465,
            12.437638282775879,
            14.07229232788086,
            15.185164451599121,
            15.494526863098145,
            14.368206024169922,
            12.301606178283691,
            9.733728408813477,
            6.716288089752197,
            1.3826613426208496,
            3.055645704269409,
            5.970369338989258,
            9.581366539001465,
            12.437638282775879,
            14.072291374206543,
            15.185164451599121,
            15.494529724121094,
            14.368205070495605,
            12.301606178283691,
            9.73372745513916,
            6.716288089752197,
            1.139734148979187,
            3.1460342407226562,
            5.934005260467529,
            8.864312171936035,
            11.478476524353027,
            13.523120880126953,
            15.402205467224121,
            16.254240036010742,
            14.994795799255371,
            12.592791557312012,
            9.709518432617188,
            6.444389820098877
        ]
    },
    "struct_id": "geometry_19e82803a2",
    "input_ref": null,
    "geometry": [
        [
            3.9712040424346924,
            0.2730390131473541,
            5.124691009521484,
            "C",
            NaN,
            NaN,
            false
        ],
        [
            3.9712040424346924,
            1.3244630098342896,
            4.202373027801514,
            "C",
            NaN,
            NaN,
            false
        ],
        [
            3.9712040424346924,
            1.0514229536056519,
            2.830656051635742,
            "C",
            NaN,
            NaN,
            false
        ],
        [
            3.9712040424346924,
            -0.2730399966239929,
            2.381256103515625,
            "C",
            NaN,
            NaN,
            false
        ],
        [
            3.9712040424346924,
            -1.3244620561599731,
            3.3035740852355957,
            "C",
            NaN,
            NaN,
            false
        ],
        [
            3.9712040424346924,
            -1.0514229536056519,
            4.675291061401367,
            "C",
            NaN,
            NaN,
            false
        ],
        [
            3.9712040424346924,
            0.48610401153564453,
            6.195102214813232,
            "H",
            NaN,
            NaN,
            false
        ],
        [
            3.9712040424346924,
            2.3579978942871094,
            4.553060054779053,
            "H",
            NaN,
            NaN,
            false
        ],
        [
            3.9712040424346924,
            1.8718940019607544,
            2.110930919647217,
            "H",
            NaN,
            NaN,
            false
        ],
        [
            3.9712040424346924,
            -0.48610401153564453,
            1.3108450174331665,
            "H",
            NaN,
            NaN,
            false
        ],
        [
            3.9712040424346924,
            -2.3579978942871094,
            2.952888011932373,
            "H",
            NaN,
            NaN,
            false
        ],
        [
            3.9712040424346924,
            -1.8718940019607544,
            5.395016193389893,
            "H",
            NaN,
            NaN,
            false
        ],
        [
            1.033174991607666,
            -1.0514229536056519,
            2.830656051635742,
            "C",
            NaN,
            NaN,
            false
        ],
        [
            1.033174991607666,
            0.2730390131473541,
            2.381256103515625,
            "C",
            NaN,
            NaN,
            false
        ],
        [
            1.033174991607666,
            1.3244620561599731,
            3.3035740852355957,
            "C",
            NaN,
            NaN,
            false
        ],
        [
            1.033174991607666,
            1.0514229536056519,
            4.675291061401367,
            "C",
            NaN,
            NaN,
            false
        ],
        [
            1.033174991607666,
            -0.2730399966239929,
            5.124691009521484,
            "C",
            NaN,
            NaN,
            false
        ],
        [
            1.033174991607666,
            -1.3244630098342896,
            4.202373027801514,
            "C",
            NaN,
            NaN,
            false
        ],
        [
            1.033174991607666,
            -1.8718940019607544,
            2.110930919647217,
            "H",
            NaN,
            NaN,
            false
        ],
        [
            1.033174991607666,
            0.48610401153564453,
            1.3108450174331665,
            "H",
            NaN,
            NaN,
            false
        ],
        [
            1.033174991607666,
            2.357996940612793,
            2.952888011932373,
            "H",
            NaN,
            NaN,
            false
        ],
        [
            1.033174991607666,
            1.8718940019607544,
            5.395016193389893,
            "H",
            NaN,
            NaN,
            false
        ],
        [
            1.033174991607666,
            -0.48610401153564453,
            6.195100784301758,
            "H",
            NaN,
            NaN,
            false
        ],
        [
            1.033174991607666,
            -2.3579978942871094,
            4.553060054779053,
            "H",
            NaN,
            NaN,
            false
        ]
    ]
}