{
    "properties": {
        "Z": 2,
        "number_of_atoms_in_molecule": 12,
        "unit_cell_volume": 262.20282,
        "attempted_spg": 51,
        "attempted_wyckoff_position": "2f",
        "site_symmetry_group": "mm2",
        "spg": 51,
        "lattice_vector_a": [
            2.909692,
            0.0,
            0.0
        ],
        "lattice_vector_b": [
            4.436726964375978e-16,
            7.245724999999999,
            0.0
        ],
        "lattice_vector_c": [
            7.615341206524303e-16,
            7.615341206524303e-16,
            12.436796
        ],
        "cell_vol": 262.2028317686223,
        "a": 2.909692,
        "b": 7.245725,
        "c": 12.436796,
        "alpha": 90.0,
        "beta": 90.0,
        "gamma": 90.0,
        "RSF": [
            1.7567716836929321,
            3.539597749710083,
            5.646520137786865,
            7.027332782745361,
            7.555291652679443,
            8.930259704589844,
            11.36084270477295,
            12.768416404724121,
            12.492505073547363,
            11.175838470458984,
            8.862640380859375,
            5.807911396026611,
            1.3243292570114136,
            2.805575132369995,
            5.198528289794922,
            7.782430171966553,
            9.542633056640625,
            10.859488487243652,
            12.18051528930664,
            12.741409301757812,
            12.08077335357666,
            10.530972480773926,
            8.265652656555176,
            5.4751877784729,
            1.3243293762207031,
            2.805574655532837,
            5.198527812957764,
            7.782429218292236,
            9.542632102966309,
            10.859489440917969,
            12.18051528930664,
            12.741409301757812,
            12.08077335357666,
            10.530974388122559,
            8.265652656555176,
            5.4751877784729,
            0.9073109030723572,
            2.4912025928497314,
            4.679754734039307,
            7.014770984649658,
            9.406229972839355,
            11.550681114196777,
            12.880019187927246,
            13.090424537658691,
            12.086211204528809,
            10.186963081359863,
            7.907005310058594,
            5.35508394241333
        ]
    },
    "struct_id": "geometry_aad5d3a4b4",
    "input_ref": null,
    "geometry": [
        [
            2.0798380374908447,
            2.224315881729126,
            9.327596664428711,
            "C",
            NaN,
            NaN,
            false
        ],
        [
            2.0798380374908447,
            2.9235680103302,
            8.116291046142578,
            "C",
            NaN,
            NaN,
            false
        ],
        [
            2.0798380374908447,
            4.32215690612793,
            8.116291046142578,
            "C",
            NaN,
            NaN,
            false
        ],
        [
            2.0798380374908447,
            5.021409034729004,
            9.327596664428711,
            "C",
            NaN,
            NaN,
            false
        ],
        [
            2.0798380374908447,
            4.32215690612793,
            10.53890323638916,
            "C",
            NaN,
            NaN,
            false
        ],
        [
            2.0798380374908447,
            2.9235680103302,
            10.53890323638916,
            "C",
            NaN,
            NaN,
            false
        ],
        [
            2.0798380374908447,
            1.1329079866409302,
            9.327596664428711,
            "H",
            NaN,
            NaN,
            false
        ],
        [
            2.0798380374908447,
            2.377729892730713,
            7.171177864074707,
            "H",
            NaN,
            NaN,
            false
        ],
        [
            2.0798380374908447,
            4.8679962158203125,
            7.171177864074707,
            "H",
            NaN,
            NaN,
            false
        ],
        [
            2.0798380374908447,
            6.112817764282227,
            9.327596664428711,
            "H",
            NaN,
            NaN,
            false
        ],
        [
            2.0798380374908447,
            4.8679962158203125,
            11.484016418457031,
            "H",
            NaN,
            NaN,
            false
        ],
        [
            2.0798380374908447,
            2.377729892730713,
            11.484016418457031,
            "H",
            NaN,
            NaN,
            false
        ],
        [
            0.8298529982566833,
            5.021409034729004,
            3.109199047088623,
            "C",
            NaN,
            NaN,
            false
        ],
        [
            0.8298529982566833,
            4.32215690612793,
            4.320505142211914,
            "C",
            NaN,
            NaN,
            false
        ],
        [
            0.8298529982566833,
            2.9235680103302,
            4.320505142211914,
            "C",
            NaN,
            NaN,
            false
        ],
        [
            0.8298529982566833,
            2.224315881729126,
            3.109199047088623,
            "C",
            NaN,
            NaN,
            false
        ],
        [
            0.8298529982566833,
            2.9235680103302,
            1.897894024848938,
            "C",
            NaN,
            NaN,
            false
        ],
        [
            0.8298529982566833,
            4.32215690612793,
            1.897894024848938,
            "C",
            NaN,
            NaN,
            false
        ],
        [
            0.8298529982566833,
            6.112817764282227,
            3.109199047088623,
            "H",
            NaN,
            NaN,
            false
        ],
        [
            0.8298529982566833,
            4.8679962158203125,
            5.265617847442627,
            "H",
            NaN,
            NaN,
            false
        ],
        [
            0.8298529982566833,
            2.377729892730713,
            5.265617847442627,
            "H",
            NaN,
            NaN,
            false
        ],
        [
            0.8298529982566833,
            1.1329079866409302,
            3.109199047088623,
            "H",
            NaN,
            NaN,
            false
        ],
        [
            0.8298529982566833,
            2.377729892730713,
            0.95278000831604,
            "H",
            NaN,
            NaN,
            false
        ],
        [
            0.8298529982566833,
            4.8679962158203125,
            0.95278000831604,
            "H",
            NaN,
            NaN,
            false
        ]
    ]
}