{
    "properties": {
        "Z": 2,
        "number_of_atoms_in_molecule": 12,
        "unit_cell_volume": 253.877213,
        "attempted_spg": 101,
        "attempted_wyckoff_position": "2b",
        "site_symmetry_group": "mm2",
        "spg": 132,
        "lattice_vector_a": [
            5.840024,
            0.0,
            0.0
        ],
        "lattice_vector_b": [
            4.0372477908175117e-16,
            6.593326,
            0.0
        ],
        "lattice_vector_c": [
            4.0372477908175117e-16,
            4.037247790817511e-16,
            6.593326
        ],
        "cell_vol": 253.87721814163757,
        "a": 5.840024,
        "b": 6.593326,
        "c": 6.593326,
        "alpha": 90.0,
        "beta": 90.0,
        "gamma": 90.0,
        "RSF": [
            1.7470430135726929,
            3.5059893131256104,
            5.585011005401611,
            7.02842903137207,
            7.778646469116211,
            9.354388236999512,
            11.959467887878418,
            13.649563789367676,
            13.391533851623535,
            11.756904602050781,
            9.1409273147583,
            5.897367477416992,
            1.3248625993728638,
            2.791566848754883,
            5.187158107757568,
            7.962276935577393,
            10.013409614562988,
            11.343398094177246,
            12.689337730407715,
            13.440220832824707,
            12.668253898620605,
            10.798065185546875,
            8.358433723449707,
            5.563753128051758,
            1.3248625993728638,
            2.791566848754883,
            5.187157154083252,
            7.962277889251709,
            10.013409614562988,
            11.343396186828613,
            12.689337730407715,
            13.440220832824707,
            12.668253898620605,
            10.798065185546875,
            8.358433723449707,
            5.563753604888916,
            0.8936055302619934,
            2.538994789123535,
            4.8712334632873535,
            7.342571258544922,
            9.763901710510254,
            11.826472282409668,
            13.335795402526855,
            13.704338073730469,
            12.472469329833984,
            10.416043281555176,
            8.096169471740723,
            5.510820388793945
        ]
    },
    "struct_id": "geometry_25b7f61056",
    "input_ref": null,
    "geometry": [
        [
            4.441198825836182,
            1.9457060098648071,
            2.934699058532715,
            "C",
            NaN,
            NaN,
            false
        ],
        [
            4.441198825836182,
            2.3076539039611816,
            4.285672187805176,
            "C",
            NaN,
            NaN,
            false
        ],
        [
            4.441198825836182,
            3.6586270332336426,
            4.647621154785156,
            "C",
            NaN,
            NaN,
            false
        ],
        [
            4.441198825836182,
            4.647621154785156,
            3.6586270332336426,
            "C",
            NaN,
            NaN,
            false
        ],
        [
            4.441198825836182,
            4.285672187805176,
            2.3076539039611816,
            "C",
            NaN,
            NaN,
            false
        ],
        [
            4.441198825836182,
            2.934699058532715,
            1.9457060098648071,
            "C",
            NaN,
            NaN,
            false
        ],
        [
            4.441198825836182,
            0.8915050029754639,
            2.652147054672241,
            "H",
            NaN,
            NaN,
            false
        ],
        [
            4.441198825836182,
            1.5359100103378296,
            5.057415008544922,
            "H",
            NaN,
            NaN,
            false
        ],
        [
            4.441198825836182,
            3.941179037094116,
            5.7018208503723145,
            "H",
            NaN,
            NaN,
            false
        ],
        [
            4.441198825836182,
            5.7018208503723145,
            3.941179037094116,
            "H",
            NaN,
            NaN,
            false
        ],
        [
            4.441198825836182,
            5.057415008544922,
            1.5359100103378296,
            "H",
            NaN,
            NaN,
            false
        ],
        [
            4.441198825836182,
            2.652147054672241,
            0.8915050029754639,
            "H",
            NaN,
            NaN,
            false
        ],
        [
            1.5211869478225708,
            3.6586270332336426,
            1.9457060098648071,
            "C",
            NaN,
            NaN,
            false
        ],
        [
            1.5211869478225708,
            2.3076539039611816,
            2.3076539039611816,
            "C",
            NaN,
            NaN,
            false
        ],
        [
            1.5211869478225708,
            1.9457060098648071,
            3.6586270332336426,
            "C",
            NaN,
            NaN,
            false
        ],
        [
            1.5211869478225708,
            2.934699058532715,
            4.647621154785156,
            "C",
            NaN,
            NaN,
            false
        ],
        [
            1.5211869478225708,
            4.285672187805176,
            4.285672187805176,
            "C",
            NaN,
            NaN,
            false
        ],
        [
            1.5211869478225708,
            4.647621154785156,
            2.934699058532715,
            "C",
            NaN,
            NaN,
            false
        ],
        [
            1.5211869478225708,
            3.941179037094116,
            0.8915050029754639,
            "H",
            NaN,
            NaN,
            false
        ],
        [
            1.5211869478225708,
            1.5359100103378296,
            1.5359100103378296,
            "H",
            NaN,
            NaN,
            false
        ],
        [
            1.5211869478225708,
            0.8915050029754639,
            3.941179037094116,
            "H",
            NaN,
            NaN,
            false
        ],
        [
            1.5211869478225708,
            2.652147054672241,
            5.7018208503723145,
            "H",
            NaN,
            NaN,
            false
        ],
        [
            1.5211869478225708,
            5.057415008544922,
            5.057415008544922,
            "H",
            NaN,
            NaN,
            false
        ],
        [
            1.5211869478225708,
            5.7018208503723145,
            2.652147054672241,
            "H",
            NaN,
            NaN,
            false
        ]
    ]
}