{
    "properties": {
        "Z": 2,
        "number_of_atoms_in_molecule": 12,
        "unit_cell_volume": 225.392807,
        "attempted_spg": 191,
        "attempted_wyckoff_position": "2e",
        "site_symmetry_group": "6mm",
        "spg": 191,
        "lattice_vector_a": [
            6.123529,
            0.0,
            0.0
        ],
        "lattice_vector_b": [
            3.9919462687468523e-16,
            6.519343,
            0.0
        ],
        "lattice_vector_c": [
            3.9919460750279754e-16,
            -3.2596719999999997,
            5.645916
        ],
        "cell_vol": 225.39279151607232,
        "a": 6.123529,
        "b": 6.519343,
        "c": 6.519342683633067,
        "alpha": 120.00000667936497,
        "beta": 90.0,
        "gamma": 90.0,
        "RSF": [
            1.6612716913223267,
            3.3020076751708984,
            5.503726959228516,
            7.661314010620117,
            9.42641544342041,
            11.83108901977539,
            15.024612426757812,
            16.69857406616211,
            15.42300033569336,
            12.455577850341797,
            9.1171875,
            5.821074962615967,
            1.319069266319275,
            2.860555410385132,
            5.640796661376953,
            9.196908950805664,
            11.973057746887207,
            13.425674438476562,
            14.379073143005371,
            14.766474723815918,
            13.807830810546875,
            11.748696327209473,
            9.180503845214844,
            6.359442234039307,
            1.319069266319275,
            2.860555410385132,
            5.640796661376953,
            9.19690990447998,
            11.973057746887207,
            13.425674438476562,
            14.379073143005371,
            14.766474723815918,
            13.807830810546875,
            11.748696327209473,
            9.180503845214844,
            6.359442234039307,
            1.0784697532653809,
            2.9102725982666016,
            5.609355449676514,
            8.552186012268066,
            10.977446556091309,
            12.821454048156738,
            14.59949016571045,
            15.554078102111816,
            14.453872680664062,
            11.9675931930542,
            9.189990043640137,
            6.169835567474365
        ]
    },
    "struct_id": "geometry_4e652fd08b",
    "input_ref": null,
    "geometry": [
        [
            1.4935059547424316,
            8.706783351980472e-17,
            1.3986279964447021,
            "C",
            NaN,
            NaN,
            false
        ],
        [
            1.4935059547424316,
            1.2112480401992798,
            0.6993139982223511,
            "C",
            NaN,
            NaN,
            false
        ],
        [
            1.4935059547424316,
            1.2112480401992798,
            -0.6993139982223511,
            "C",
            NaN,
            NaN,
            false
        ],
        [
            1.4935059547424316,
            -8.706783351980472e-17,
            -1.3986279964447021,
            "C",
            NaN,
            NaN,
            false
        ],
        [
            1.4935059547424316,
            -1.2112469673156738,
            -0.6993139982223511,
            "C",
            NaN,
            NaN,
            false
        ],
        [
            1.4935059547424316,
            -1.2112469673156738,
            0.6993139982223511,
            "C",
            NaN,
            NaN,
            false
        ],
        [
            1.4935059547424316,
            1.550106954120118e-16,
            2.490039110183716,
            "H",
            NaN,
            NaN,
            false
        ],
        [
            1.4935059547424316,
            2.1564369201660156,
            1.2450189590454102,
            "H",
            NaN,
            NaN,
            false
        ],
        [
            1.4935059547424316,
            2.1564369201660156,
            -1.2450189590454102,
            "H",
            NaN,
            NaN,
            false
        ],
        [
            1.4935059547424316,
            9.999999974752427e-07,
            -2.4900379180908203,
            "H",
            NaN,
            NaN,
            false
        ],
        [
            1.4935059547424316,
            -2.156435966491699,
            -1.2450189590454102,
            "H",
            NaN,
            NaN,
            false
        ],
        [
            1.4935059547424316,
            -2.156435966491699,
            1.2450189590454102,
            "H",
            NaN,
            NaN,
            false
        ],
        [
            4.630023002624512,
            0.0,
            -1.3986289501190186,
            "C",
            NaN,
            NaN,
            false
        ],
        [
            4.630023002624512,
            -1.2112480401992798,
            -0.6993139982223511,
            "C",
            NaN,
            NaN,
            false
        ],
        [
            4.630023002624512,
            -1.2112480401992798,
            0.6993150115013123,
            "C",
            NaN,
            NaN,
            false
        ],
        [
            4.630023002624512,
            -9.999999974752427e-07,
            1.3986289501190186,
            "C",
            NaN,
            NaN,
            false
        ],
        [
            4.630023002624512,
            1.2112480401992798,
            0.6993150115013123,
            "C",
            NaN,
            NaN,
            false
        ],
        [
            4.630023002624512,
            1.2112469673156738,
            -0.6993139982223511,
            "C",
            NaN,
            NaN,
            false
        ],
        [
            4.630023002624512,
            -9.999999974752427e-07,
            -2.4900379180908203,
            "H",
            NaN,
            NaN,
            false
        ],
        [
            4.630023002624512,
            -2.1564369201660156,
            -1.2450180053710938,
            "H",
            NaN,
            NaN,
            false
        ],
        [
            4.630023002624512,
            -2.1564369201660156,
            1.2450189590454102,
            "H",
            NaN,
            NaN,
            false
        ],
        [
            4.630023002624512,
            -9.999999974752427e-07,
            2.490036964416504,
            "H",
            NaN,
            NaN,
            false
        ],
        [
            4.630023002624512,
            2.156435966491699,
            1.2450180053710938,
            "H",
            NaN,
            NaN,
            false
        ],
        [
            4.630023002624512,
            2.1564369201660156,
            -1.2450189590454102,
            "H",
            NaN,
            NaN,
            false
        ]
    ]
}