{
    "properties": {
        "Z": 2,
        "number_of_atoms_in_molecule": 12,
        "unit_cell_volume": 238.210159,
        "attempted_spg": 5,
        "attempted_wyckoff_position": "2a",
        "site_symmetry_group": "2",
        "spg": 12,
        "lattice_vector_a": [
            3.629596586205415,
            0.0,
            0.0
        ],
        "lattice_vector_b": [
            -0.1151495825140576,
            7.395788891731892,
            0.0
        ],
        "lattice_vector_c": [
            5.433733354880823e-16,
            5.518993052529599e-16,
            8.87396
        ],
        "cell_vol": 238.2101872800001,
        "a": 3.6295965862054147,
        "b": 7.396685254721739,
        "c": 8.87396,
        "alpha": 90.0,
        "beta": 90.0,
        "gamma": 90.89200113086115,
        "RSF": [
            1.4817184209823608,
            2.732325792312622,
            4.718403339385986,
            7.588073253631592,
            10.145816802978516,
            11.723549842834473,
            13.344494819641113,
            14.97882080078125,
            14.832587242126465,
            12.10593032836914,
            8.396260261535645,
            5.301522254943848,
            1.3375264406204224,
            2.79803729057312,
            5.285360336303711,
            8.531181335449219,
            11.26388168334961,
            12.697632789611816,
            13.373246192932129,
            13.846932411193848,
            13.455323219299316,
            11.517234802246094,
            8.683510780334473,
            5.773672103881836,
            1.3375264406204224,
            2.79803729057312,
            5.285360813140869,
            8.531182289123535,
            11.26388168334961,
            12.6976318359375,
            13.373245239257812,
            13.846930503845215,
            13.45532512664795,
            11.51723575592041,
            8.683511734008789,
            5.773672103881836,
            1.0402833223342896,
            2.748460531234741,
            5.1152424812316895,
            7.822708606719971,
            10.50203800201416,
            12.64779281616211,
            14.052506446838379,
            14.289998054504395,
            13.378982543945312,
            11.492267608642578,
            8.716934204101562,
            5.740451335906982
        ]
    },
    "struct_id": "geometry_4ff23d341b",
    "input_ref": null,
    "geometry": [
        [
            0.04538328945636749,
            8.596322059631348,
            7.513829231262207,
            "C",
            NaN,
            NaN,
            false
        ],
        [
            -0.1151491329073906,
            7.395788192749023,
            6.814483165740967,
            "C",
            NaN,
            NaN,
            false
        ],
        [
            -0.2756824493408203,
            6.195256233215332,
            7.513829231262207,
            "C",
            NaN,
            NaN,
            false
        ],
        [
            -0.2756824493408203,
            6.195256233215332,
            8.9124755859375,
            "C",
            NaN,
            NaN,
            false
        ],
        [
            -0.1151491329073906,
            7.395788192749023,
            9.611821174621582,
            "C",
            NaN,
            NaN,
            false
        ],
        [
            0.04538328945636749,
            8.596322059631348,
            8.9124755859375,
            "C",
            NaN,
            NaN,
            false
        ],
        [
            0.17066100239753723,
            9.533209800720215,
            6.9681901931762695,
            "H",
            NaN,
            NaN,
            false
        ],
        [
            -0.11515003442764282,
            7.395789623260498,
            5.723072052001953,
            "H",
            NaN,
            NaN,
            false
        ],
        [
            -0.40096062421798706,
            5.258368968963623,
            6.9681901931762695,
            "H",
            NaN,
            NaN,
            false
        ],
        [
            -0.40096062421798706,
            5.258368968963623,
            9.458113670349121,
            "H",
            NaN,
            NaN,
            false
        ],
        [
            -0.11515003442764282,
            7.395789623260498,
            10.703232765197754,
            "H",
            NaN,
            NaN,
            false
        ],
        [
            0.17066100239753723,
            9.533209800720215,
            9.458113670349121,
            "H",
            NaN,
            NaN,
            false
        ],
        [
            1.9177559614181519,
            4.898427963256836,
            3.076848030090332,
            "C",
            NaN,
            NaN,
            false
        ],
        [
            1.7572230100631714,
            3.6978952884674072,
            2.377502918243408,
            "C",
            NaN,
            NaN,
            false
        ],
        [
            1.5966906547546387,
            2.497361660003662,
            3.076848030090332,
            "C",
            NaN,
            NaN,
            false
        ],
        [
            1.5966906547546387,
            2.497361660003662,
            4.4754958152771,
            "C",
            NaN,
            NaN,
            false
        ],
        [
            1.7572230100631714,
            3.6978952884674072,
            5.174840927124023,
            "C",
            NaN,
            NaN,
            false
        ],
        [
            1.9177559614181519,
            4.898427963256836,
            4.4754958152771,
            "C",
            NaN,
            NaN,
            false
        ],
        [
            2.043034076690674,
            5.835315704345703,
            2.531209945678711,
            "H",
            NaN,
            NaN,
            false
        ],
        [
            1.7572230100631714,
            3.6978952884674072,
            1.2860920429229736,
            "H",
            NaN,
            NaN,
            false
        ],
        [
            1.4714128971099854,
            1.5604734420776367,
            2.531209945678711,
            "H",
            NaN,
            NaN,
            false
        ],
        [
            1.4714124202728271,
            1.5604742765426636,
            5.021133899688721,
            "H",
            NaN,
            NaN,
            false
        ],
        [
            1.7572230100631714,
            3.6978952884674072,
            6.266252040863037,
            "H",
            NaN,
            NaN,
            false
        ],
        [
            2.043034076690674,
            5.835315704345703,
            5.021133899688721,
            "H",
            NaN,
            NaN,
            false
        ]
    ]
}