{
    "properties": {
        "Z": 2,
        "number_of_atoms_in_molecule": 12,
        "unit_cell_volume": 271.723145,
        "attempted_spg": 47,
        "attempted_wyckoff_position": "2n",
        "site_symmetry_group": "mm2",
        "spg": 47,
        "lattice_vector_a": [
            2.897014,
            0.0,
            0.0
        ],
        "lattice_vector_b": [
            4.419167366246404e-16,
            7.217048,
            0.0
        ],
        "lattice_vector_c": [
            7.957878590186214e-16,
            7.957878590186214e-16,
            12.996201999999998
        ],
        "cell_vol": 271.72315006795446,
        "a": 2.897014,
        "b": 7.217048,
        "c": 12.996202,
        "alpha": 90.0,
        "beta": 90.0,
        "gamma": 90.0,
        "RSF": [
            1.7614985704421997,
            3.52842116355896,
            5.535383701324463,
            6.735257625579834,
            7.1392822265625,
            8.419733047485352,
            10.730713844299316,
            12.204298973083496,
            12.138740539550781,
            10.922516822814941,
            8.629485130310059,
            5.648939609527588,
            1.302178144454956,
            2.7061240673065186,
            4.973342418670654,
            7.517772197723389,
            9.264572143554688,
            10.400814056396484,
            11.654475212097168,
            12.339454650878906,
            11.707836151123047,
            10.16110897064209,
            7.978975772857666,
            5.319092750549316,
            1.3021782636642456,
            2.7061235904693604,
            4.973342418670654,
            7.517772197723389,
            9.264571189880371,
            10.400813102722168,
            11.654475212097168,
            12.339454650878906,
            11.70783519744873,
            10.16110897064209,
            7.978976726531982,
            5.319092273712158,
            0.8423197269439697,
            2.3389179706573486,
            4.521713733673096,
            6.880840301513672,
            9.084952354431152,
            11.002723693847656,
            12.378220558166504,
            12.733695983886719,
            11.748790740966797,
            9.818921089172363,
            7.589672565460205,
            5.151971340179443
        ]
    },
    "struct_id": "geometry_81a95e4843",
    "input_ref": null,
    "geometry": [
        [
            1.4485069513320923,
            -1.3985470533370972,
            3.2224249839782715,
            "C",
            NaN,
            NaN,
            false
        ],
        [
            1.4485069513320923,
            -0.6992949843406677,
            4.4337310791015625,
            "C",
            NaN,
            NaN,
            false
        ],
        [
            1.4485069513320923,
            0.6992939710617065,
            4.4337310791015625,
            "C",
            NaN,
            NaN,
            false
        ],
        [
            1.4485069513320923,
            1.3985459804534912,
            3.2224249839782715,
            "C",
            NaN,
            NaN,
            false
        ],
        [
            1.4485069513320923,
            0.6992939710617065,
            2.0111188888549805,
            "C",
            NaN,
            NaN,
            false
        ],
        [
            1.4485069513320923,
            -0.6992949843406677,
            2.0111188888549805,
            "C",
            NaN,
            NaN,
            false
        ],
        [
            1.4485069513320923,
            -2.4899559020996094,
            3.2224249839782715,
            "H",
            NaN,
            NaN,
            false
        ],
        [
            1.4485069513320923,
            -1.245134949684143,
            5.378843784332275,
            "H",
            NaN,
            NaN,
            false
        ],
        [
            1.4485069513320923,
            1.2451330423355103,
            5.378843784332275,
            "H",
            NaN,
            NaN,
            false
        ],
        [
            1.4485069513320923,
            2.489954948425293,
            3.2224249839782715,
            "H",
            NaN,
            NaN,
            false
        ],
        [
            1.4485069513320923,
            1.2451330423355103,
            1.0660070180892944,
            "H",
            NaN,
            NaN,
            false
        ],
        [
            1.4485069513320923,
            -1.2451330423355103,
            1.0660070180892944,
            "H",
            NaN,
            NaN,
            false
        ],
        [
            1.4485069513320923,
            1.3985470533370972,
            9.77377700805664,
            "C",
            NaN,
            NaN,
            false
        ],
        [
            1.4485069513320923,
            0.6992949843406677,
            8.562470436096191,
            "C",
            NaN,
            NaN,
            false
        ],
        [
            1.4485069513320923,
            -0.6992939710617065,
            8.562470436096191,
            "C",
            NaN,
            NaN,
            false
        ],
        [
            1.4485069513320923,
            -1.3985459804534912,
            9.77377700805664,
            "C",
            NaN,
            NaN,
            false
        ],
        [
            1.4485069513320923,
            -0.6992939710617065,
            10.985081672668457,
            "C",
            NaN,
            NaN,
            false
        ],
        [
            1.4485069513320923,
            0.6992949843406677,
            10.985081672668457,
            "C",
            NaN,
            NaN,
            false
        ],
        [
            1.4485069513320923,
            2.4899559020996094,
            9.77377700805664,
            "H",
            NaN,
            NaN,
            false
        ],
        [
            1.4485069513320923,
            1.2451339960098267,
            7.617358207702637,
            "H",
            NaN,
            NaN,
            false
        ],
        [
            1.4485069513320923,
            -1.2451330423355103,
            7.617358207702637,
            "H",
            NaN,
            NaN,
            false
        ],
        [
            1.4485069513320923,
            -2.4899539947509766,
            9.77377700805664,
            "H",
            NaN,
            NaN,
            false
        ],
        [
            1.4485069513320923,
            -1.2451330423355103,
            11.930194854736328,
            "H",
            NaN,
            NaN,
            false
        ],
        [
            1.4485069513320923,
            1.2451339960098267,
            11.930194854736328,
            "H",
            NaN,
            NaN,
            false
        ]
    ]
}