{
    "properties": {
        "Z": 2,
        "number_of_atoms_in_molecule": 12,
        "unit_cell_volume": 247.014771,
        "attempted_spg": 112,
        "attempted_wyckoff_position": "2d",
        "site_symmetry_group": "222",
        "spg": 131,
        "lattice_vector_a": [
            3.793651,
            0.0,
            0.0
        ],
        "lattice_vector_b": [
            4.940985693422693e-16,
            8.069242,
            0.0
        ],
        "lattice_vector_c": [
            4.940985693422693e-16,
            4.940985693422693e-16,
            8.069242
        ],
        "cell_vol": 247.01473220802305,
        "a": 3.793651,
        "b": 8.069242,
        "c": 8.069242,
        "alpha": 90.0,
        "beta": 90.0,
        "gamma": 90.0,
        "RSF": [
            1.453600525856018,
            2.5943591594696045,
            4.386794567108154,
            7.2387237548828125,
            10.025080680847168,
            11.552555084228516,
            12.676825523376465,
            14.019997596740723,
            14.25485897064209,
            12.057751655578613,
            8.337162971496582,
            5.014088153839111,
            1.3280911445617676,
            2.7183048725128174,
            5.031631946563721,
            8.10720443725586,
            10.84360122680664,
            12.353423118591309,
            12.992504119873047,
            13.328831672668457,
            12.8970308303833,
            11.122791290283203,
            8.41193675994873,
            5.542588710784912,
            1.3280911445617676,
            2.7183048725128174,
            5.031632423400879,
            8.107205390930176,
            10.843602180480957,
            12.353421211242676,
            12.99250316619873,
            13.328831672668457,
            12.897029876708984,
            11.122791290283203,
            8.41193675994873,
            5.542588710784912,
            0.9633767604827881,
            2.5757205486297607,
            4.928523063659668,
            7.5664191246032715,
            10.172755241394043,
            12.383561134338379,
            13.536797523498535,
            13.498581886291504,
            12.742717742919922,
            11.195396423339844,
            8.651692390441895,
            5.621463298797607
        ]
    },
    "struct_id": "geometry_b4e4d56b32",
    "input_ref": null,
    "geometry": [
        [
            0.9484130144119263,
            -1.3985459804534912,
            4.034620761871338,
            "C",
            NaN,
            NaN,
            false
        ],
        [
            0.9484130144119263,
            -0.6992949843406677,
            5.245926856994629,
            "C",
            NaN,
            NaN,
            false
        ],
        [
            0.9484130144119263,
            0.6992949843406677,
            5.245926856994629,
            "C",
            NaN,
            NaN,
            false
        ],
        [
            0.9484130144119263,
            1.3985470533370972,
            4.034620761871338,
            "C",
            NaN,
            NaN,
            false
        ],
        [
            0.9484130144119263,
            0.6992949843406677,
            2.8233160972595215,
            "C",
            NaN,
            NaN,
            false
        ],
        [
            0.9484130144119263,
            -0.6992949843406677,
            2.8233160972595215,
            "C",
            NaN,
            NaN,
            false
        ],
        [
            0.9484130144119263,
            -2.489954948425293,
            4.034620761871338,
            "H",
            NaN,
            NaN,
            false
        ],
        [
            0.9484130144119263,
            -1.2451330423355103,
            6.1910400390625,
            "H",
            NaN,
            NaN,
            false
        ],
        [
            0.9484130144119263,
            1.2451339960098267,
            6.1910400390625,
            "H",
            NaN,
            NaN,
            false
        ],
        [
            0.9484130144119263,
            2.4899539947509766,
            4.034620761871338,
            "H",
            NaN,
            NaN,
            false
        ],
        [
            0.9484130144119263,
            1.2451330423355103,
            1.87820303440094,
            "H",
            NaN,
            NaN,
            false
        ],
        [
            0.9484130144119263,
            -1.2451330423355103,
            1.87820303440094,
            "H",
            NaN,
            NaN,
            false
        ],
        [
            2.845237970352173,
            4.034620761871338,
            1.3985459804534912,
            "C",
            NaN,
            NaN,
            false
        ],
        [
            2.845237970352173,
            5.245926856994629,
            0.6992949843406677,
            "C",
            NaN,
            NaN,
            false
        ],
        [
            2.845237970352173,
            5.245926856994629,
            -0.6992939710617065,
            "C",
            NaN,
            NaN,
            false
        ],
        [
            2.845237970352173,
            4.034620761871338,
            -1.3985450267791748,
            "C",
            NaN,
            NaN,
            false
        ],
        [
            2.845237970352173,
            2.823314905166626,
            -0.6992939710617065,
            "C",
            NaN,
            NaN,
            false
        ],
        [
            2.845237970352173,
            2.823314905166626,
            0.6992949843406677,
            "C",
            NaN,
            NaN,
            false
        ],
        [
            2.845237970352173,
            4.034620761871338,
            2.489954948425293,
            "H",
            NaN,
            NaN,
            false
        ],
        [
            2.845237970352173,
            6.1910400390625,
            1.2451339960098267,
            "H",
            NaN,
            NaN,
            false
        ],
        [
            2.845237970352173,
            6.1910400390625,
            -1.2451330423355103,
            "H",
            NaN,
            NaN,
            false
        ],
        [
            2.845237970352173,
            4.034620761871338,
            -2.489954948425293,
            "H",
            NaN,
            NaN,
            false
        ],
        [
            2.845237970352173,
            1.87820303440094,
            -1.2451330423355103,
            "H",
            NaN,
            NaN,
            false
        ],
        [
            2.845237970352173,
            1.87820303440094,
            1.2451339960098267,
            "H",
            NaN,
            NaN,
            false
        ]
    ]
}