{
    "properties": {
        "Z": 2,
        "number_of_atoms_in_molecule": 12,
        "unit_cell_volume": 268.620178,
        "attempted_spg": 17,
        "attempted_wyckoff_position": "2b",
        "site_symmetry_group": "2",
        "spg": 17,
        "lattice_vector_a": [
            3.099587,
            0.0,
            0.0
        ],
        "lattice_vector_b": [
            4.0280053814243457e-16,
            6.578232,
            0.0
        ],
        "lattice_vector_c": [
            8.066895423599512e-16,
            8.066895423599512e-16,
            13.17424
        ],
        "cell_vol": 268.62015024085775,
        "a": 3.099587,
        "b": 6.578232,
        "c": 13.17424,
        "alpha": 90.0,
        "beta": 90.0,
        "gamma": 90.0,
        "RSF": [
            1.6663812398910522,
            3.275056838989258,
            5.241569995880127,
            6.789033889770508,
            7.702696323394775,
            9.285231590270996,
            11.946910858154297,
            13.67657470703125,
            13.047211647033691,
            10.869770050048828,
            8.075943946838379,
            5.103054046630859,
            1.277319312095642,
            2.656712770462036,
            5.004332542419434,
            7.821338176727295,
            9.90120792388916,
            11.224200248718262,
            12.310063362121582,
            12.603092193603516,
            11.700386047363281,
            9.944914817810059,
            7.643860340118408,
            5.126502513885498,
            1.277319312095642,
            2.656712770462036,
            5.004333019256592,
            7.821338653564453,
            9.90120792388916,
            11.224198341369629,
            12.310063362121582,
            12.603092193603516,
            11.700385093688965,
            9.944914817810059,
            7.64385986328125,
            5.126502513885498,
            0.8280976414680481,
            2.4235448837280273,
            4.814344882965088,
            7.332876682281494,
            9.509016990661621,
            11.207364082336426,
            12.484585762023926,
            12.848601341247559,
            11.790093421936035,
            9.895672798156738,
            7.679988861083984,
            5.165335178375244
        ]
    },
    "struct_id": "geometry_9b350032bc",
    "input_ref": null,
    "geometry": [
        [
            1.8560789823532104,
            1.1718519926071167,
            10.064462661743164,
            "C",
            NaN,
            NaN,
            false
        ],
        [
            1.8560789823532104,
            1.171852946281433,
            8.665816307067871,
            "C",
            NaN,
            NaN,
            false
        ],
        [
            1.5497939586639404,
            8.881784197001252e-16,
            7.966469764709473,
            "C",
            NaN,
            NaN,
            false
        ],
        [
            1.24350905418396,
            -1.171852946281433,
            8.665816307067871,
            "C",
            NaN,
            NaN,
            false
        ],
        [
            1.24350905418396,
            -1.171852946281433,
            10.064462661743164,
            "C",
            NaN,
            NaN,
            false
        ],
        [
            1.5497939586639404,
            9.999999974752427e-07,
            10.76380729675293,
            "C",
            NaN,
            NaN,
            false
        ],
        [
            2.095102071762085,
            2.0863609313964844,
            10.610101699829102,
            "H",
            NaN,
            NaN,
            false
        ],
        [
            2.095102071762085,
            2.086359977722168,
            8.120177268981934,
            "H",
            NaN,
            NaN,
            false
        ],
        [
            1.5497939586639404,
            0.0,
            6.875059127807617,
            "H",
            NaN,
            NaN,
            false
        ],
        [
            1.0044859647750854,
            -2.086359977722168,
            8.120177268981934,
            "H",
            NaN,
            NaN,
            false
        ],
        [
            1.0044859647750854,
            -2.086359977722168,
            10.610101699829102,
            "H",
            NaN,
            NaN,
            false
        ],
        [
            1.5497939586639404,
            9.999999974752427e-07,
            11.855219841003418,
            "H",
            NaN,
            NaN,
            false
        ],
        [
            1.24350905418396,
            4.460968971252441,
            3.1097769737243652,
            "C",
            NaN,
            NaN,
            false
        ],
        [
            1.24350905418396,
            4.460968971252441,
            4.508425235748291,
            "C",
            NaN,
            NaN,
            false
        ],
        [
            1.5497939586639404,
            3.2891159057617188,
            5.207769870758057,
            "C",
            NaN,
            NaN,
            false
        ],
        [
            1.8560789823532104,
            2.117263078689575,
            4.508425235748291,
            "C",
            NaN,
            NaN,
            false
        ],
        [
            1.8560789823532104,
            2.117263078689575,
            3.1097769737243652,
            "C",
            NaN,
            NaN,
            false
        ],
        [
            1.5497939586639404,
            3.2891159057617188,
            2.4104321002960205,
            "C",
            NaN,
            NaN,
            false
        ],
        [
            1.0044859647750854,
            5.375475883483887,
            2.5641379356384277,
            "H",
            NaN,
            NaN,
            false
        ],
        [
            1.0044859647750854,
            5.375475883483887,
            5.054062843322754,
            "H",
            NaN,
            NaN,
            false
        ],
        [
            1.5497939586639404,
            3.2891159057617188,
            6.299181938171387,
            "H",
            NaN,
            NaN,
            false
        ],
        [
            2.095102071762085,
            1.2027560472488403,
            5.054062843322754,
            "H",
            NaN,
            NaN,
            false
        ],
        [
            2.095102071762085,
            1.2027560472488403,
            2.5641379356384277,
            "H",
            NaN,
            NaN,
            false
        ],
        [
            1.5497939586639404,
            3.2891159057617188,
            1.3190200328826904,
            "H",
            NaN,
            NaN,
            false
        ]
    ]
}