{
    "properties": {
        "Z": 2,
        "number_of_atoms_in_molecule": 12,
        "unit_cell_volume": 244.236282,
        "attempted_spg": 93,
        "attempted_wyckoff_position": "2d",
        "site_symmetry_group": "222",
        "spg": 131,
        "lattice_vector_a": [
            4.602857,
            0.0,
            0.0
        ],
        "lattice_vector_b": [
            4.460383466595108e-16,
            7.284359,
            0.0
        ],
        "lattice_vector_c": [
            4.460383466595108e-16,
            4.460383466595108e-16,
            7.284359
        ],
        "cell_vol": 244.23627359647153,
        "a": 4.602857,
        "b": 7.284359,
        "c": 7.284359,
        "alpha": 90.0,
        "beta": 90.0,
        "gamma": 90.0,
        "RSF": [
            1.446550965309143,
            2.48777174949646,
            3.9337732791900635,
            6.652223587036133,
            10.654162406921387,
            13.70003890991211,
            14.04076862335205,
            13.131171226501465,
            12.481278419494629,
            11.387242317199707,
            9.016100883483887,
            5.828532695770264,
            1.3771933317184448,
            2.8544418811798096,
            5.166544437408447,
            8.039939880371094,
            10.755175590515137,
            12.619032859802246,
            13.322982788085938,
            13.240157127380371,
            12.70253849029541,
            11.336650848388672,
            8.877725601196289,
            5.852785110473633,
            1.3771930932998657,
            2.8544416427612305,
            5.166544437408447,
            8.039937973022461,
            10.755175590515137,
            12.619032859802246,
            13.322981834411621,
            13.240155220031738,
            12.70253849029541,
            11.336651802062988,
            8.877726554870605,
            5.852784633636475,
            0.9809134602546692,
            2.6978981494903564,
            5.0529303550720215,
            7.546727657318115,
            10.169665336608887,
            12.447108268737793,
            13.673023223876953,
            13.89162826538086,
            13.143689155578613,
            11.274353981018066,
            8.514012336730957,
            5.555257320404053
        ]
    },
    "struct_id": "geometry_2754da36ee",
    "input_ref": null,
    "geometry": [
        [
            2.3014280796051025,
            -1.3985459804534912,
            3.6421799659729004,
            "C",
            NaN,
            NaN,
            false
        ],
        [
            2.3014280796051025,
            -0.6992949843406677,
            4.853486061096191,
            "C",
            NaN,
            NaN,
            false
        ],
        [
            2.3014280796051025,
            0.6992949843406677,
            4.853486061096191,
            "C",
            NaN,
            NaN,
            false
        ],
        [
            2.3014280796051025,
            1.3985459804534912,
            3.6421799659729004,
            "C",
            NaN,
            NaN,
            false
        ],
        [
            2.3014280796051025,
            0.6992949843406677,
            2.4308741092681885,
            "C",
            NaN,
            NaN,
            false
        ],
        [
            2.3014280796051025,
            -0.6992949843406677,
            2.4308741092681885,
            "C",
            NaN,
            NaN,
            false
        ],
        [
            2.3014280796051025,
            -2.489954948425293,
            3.642179012298584,
            "H",
            NaN,
            NaN,
            false
        ],
        [
            2.3014280796051025,
            -1.2451330423355103,
            5.798597812652588,
            "H",
            NaN,
            NaN,
            false
        ],
        [
            2.3014280796051025,
            1.2451339960098267,
            5.798597812652588,
            "H",
            NaN,
            NaN,
            false
        ],
        [
            2.3014280796051025,
            2.4899559020996094,
            3.6421799659729004,
            "H",
            NaN,
            NaN,
            false
        ],
        [
            2.3014280796051025,
            1.2451339960098267,
            1.485761046409607,
            "H",
            NaN,
            NaN,
            false
        ],
        [
            2.3014280796051025,
            -1.2451330423355103,
            1.485761046409607,
            "H",
            NaN,
            NaN,
            false
        ],
        [
            1.3738296039780454e-16,
            3.6421799659729004,
            -1.3985459804534912,
            "C",
            NaN,
            NaN,
            false
        ],
        [
            1.0602863295686773e-16,
            2.4308741092681885,
            -0.6992949843406677,
            "C",
            NaN,
            NaN,
            false
        ],
        [
            1.9166756821676874e-16,
            2.4308741092681885,
            0.6992949843406677,
            "C",
            NaN,
            NaN,
            false
        ],
        [
            3.0865544431745763e-16,
            3.6421799659729004,
            1.3985459804534912,
            "C",
            NaN,
            NaN,
            false
        ],
        [
            3.4000977175839445e-16,
            4.853486061096191,
            0.6992949843406677,
            "C",
            NaN,
            NaN,
            false
        ],
        [
            2.5437082326360363e-16,
            4.853486061096191,
            -0.6992949843406677,
            "C",
            NaN,
            NaN,
            false
        ],
        [
            7.055343067053464e-17,
            3.6421799659729004,
            -2.489954948425293,
            "H",
            NaN,
            NaN,
            false
        ],
        [
            1.4734215872466134e-17,
            1.485761046409607,
            -1.2451330423355103,
            "H",
            NaN,
            NaN,
            false
        ],
        [
            1.6721908715990643e-16,
            1.485761046409607,
            1.2451339960098267,
            "H",
            NaN,
            NaN,
            false
        ],
        [
            3.7548496742728264e-16,
            3.642179012298584,
            2.4899559020996094,
            "H",
            NaN,
            NaN,
            false
        ],
        [
            4.313042004233246e-16,
            5.798597812652588,
            1.2451339960098267,
            "H",
            NaN,
            NaN,
            false
        ],
        [
            2.7881931755535574e-16,
            5.798597812652588,
            -1.2451330423355103,
            "H",
            NaN,
            NaN,
            false
        ]
    ]
}