{
    "properties": {
        "Z": 2,
        "number_of_atoms_in_molecule": 12,
        "unit_cell_volume": 206.111115,
        "attempted_spg": 163,
        "attempted_wyckoff_position": "2d",
        "site_symmetry_group": "32",
        "spg": 194,
        "lattice_vector_a": [
            5.457122,
            0.0,
            0.0
        ],
        "lattice_vector_b": [
            4.0437512776443827e-16,
            6.603947,
            0.0
        ],
        "lattice_vector_c": [
            4.043750970835435e-16,
            -3.301973999999999,
            5.719185000000001
        ],
        "cell_vol": 206.1111029005192,
        "a": 5.457122,
        "b": 6.603947,
        "c": 6.603946498942962,
        "alpha": 120.00000751892357,
        "beta": 90.0,
        "gamma": 90.0,
        "RSF": [
            1.6038202047348022,
            3.1125688552856445,
            5.367717266082764,
            8.52968978881836,
            12.147416114807129,
            15.17638111114502,
            16.490720748901367,
            16.019817352294922,
            14.970818519592285,
            13.552845001220703,
            10.737934112548828,
            6.896204471588135,
            1.524017333984375,
            3.4952518939971924,
            6.632470607757568,
            9.75753116607666,
            11.948824882507324,
            14.136585235595703,
            16.209951400756836,
            16.6618709564209,
            15.408438682556152,
            13.125274658203125,
            10.071224212646484,
            6.684307098388672,
            1.5240174531936646,
            3.4952518939971924,
            6.632469654083252,
            9.75753116607666,
            11.948824882507324,
            14.136588096618652,
            16.20994758605957,
            16.6618709564209,
            15.408438682556152,
            13.125274658203125,
            10.071224212646484,
            6.684307098388672,
            1.1426764726638794,
            3.22975754737854,
            6.220863342285156,
            9.269449234008789,
            12.036693572998047,
            14.50246810913086,
            16.287734985351562,
            16.486631393432617,
            15.212921142578125,
            13.2675142288208,
            10.342347145080566,
            6.731465816497803
        ]
    },
    "struct_id": "geometry_69442d3fb2",
    "input_ref": null,
    "geometry": [
        [
            1.3642810583114624,
            2.090725898742676,
            2.6057090759277344,
            "C",
            NaN,
            NaN,
            false
        ],
        [
            1.3642810583114624,
            3.3019731044769287,
            3.305022954940796,
            "C",
            NaN,
            NaN,
            false
        ],
        [
            1.3642810583114624,
            4.51322078704834,
            2.6057090759277344,
            "C",
            NaN,
            NaN,
            false
        ],
        [
            1.3642810583114624,
            4.51322078704834,
            1.2070809602737427,
            "C",
            NaN,
            NaN,
            false
        ],
        [
            1.3642810583114624,
            3.3019731044769287,
            0.5077670216560364,
            "C",
            NaN,
            NaN,
            false
        ],
        [
            1.3642810583114624,
            2.090725898742676,
            1.2070809602737427,
            "C",
            NaN,
            NaN,
            false
        ],
        [
            1.3642810583114624,
            1.14553701877594,
            3.151413917541504,
            "H",
            NaN,
            NaN,
            false
        ],
        [
            1.3642810583114624,
            3.3019731044769287,
            4.396431922912598,
            "H",
            NaN,
            NaN,
            false
        ],
        [
            1.3642810583114624,
            5.458409786224365,
            3.151413917541504,
            "H",
            NaN,
            NaN,
            false
        ],
        [
            1.3642810583114624,
            5.458409786224365,
            0.6613759994506836,
            "H",
            NaN,
            NaN,
            false
        ],
        [
            1.3642810583114624,
            3.3019731044769287,
            -0.5836420059204102,
            "H",
            NaN,
            NaN,
            false
        ],
        [
            1.3642810583114624,
            1.14553701877594,
            0.6613759994506836,
            "H",
            NaN,
            NaN,
            false
        ],
        [
            4.092842102050781,
            1.2112480401992798,
            3.113476037979126,
            "C",
            NaN,
            NaN,
            false
        ],
        [
            4.092842102050781,
            4.031259553670158e-16,
            2.4141619205474854,
            "C",
            NaN,
            NaN,
            false
        ],
        [
            4.092842102050781,
            -1.2112469673156738,
            3.113476037979126,
            "C",
            NaN,
            NaN,
            false
        ],
        [
            4.092842102050781,
            -1.2112469673156738,
            4.512104034423828,
            "C",
            NaN,
            NaN,
            false
        ],
        [
            4.092842102050781,
            8.702223800095181e-16,
            5.211418151855469,
            "C",
            NaN,
            NaN,
            false
        ],
        [
            4.092842102050781,
            1.2112469673156738,
            4.512104034423828,
            "C",
            NaN,
            NaN,
            false
        ],
        [
            4.092842102050781,
            2.156435966491699,
            2.5677709579467773,
            "H",
            NaN,
            NaN,
            false
        ],
        [
            4.092842102050781,
            2.2087816114732333e-16,
            1.3227519989013672,
            "H",
            NaN,
            NaN,
            false
        ],
        [
            4.092842102050781,
            -2.156435966491699,
            2.5677709579467773,
            "H",
            NaN,
            NaN,
            false
        ],
        [
            4.092842102050781,
            -2.156435966491699,
            5.057807922363281,
            "H",
            NaN,
            NaN,
            false
        ],
        [
            4.092842102050781,
            1.0524699889407534e-15,
            6.302826881408691,
            "H",
            NaN,
            NaN,
            false
        ],
        [
            4.092842102050781,
            2.156435966491699,
            5.057807922363281,
            "H",
            NaN,
            NaN,
            false
        ]
    ]
}