{
    "properties": {
        "Z": 2,
        "number_of_atoms_in_molecule": 12,
        "unit_cell_volume": 201.763153,
        "attempted_spg": 150,
        "attempted_wyckoff_position": "2d",
        "site_symmetry_group": "3",
        "spg": 150,
        "lattice_vector_a": [
            6.087447,
            0.0,
            0.0
        ],
        "lattice_vector_b": [
            3.788077479122593e-16,
            6.1864,
            0.0
        ],
        "lattice_vector_c": [
            3.7880777135245434e-16,
            -3.0932000000000013,
            5.357579999999999
        ],
        "cell_vol": 201.76315246275553,
        "a": 6.087447,
        "b": 6.1864,
        "c": 6.186400382807436,
        "alpha": 119.99999795306364,
        "beta": 90.0,
        "gamma": 90.0,
        "RSF": [
            1.5748480558395386,
            3.0731780529022217,
            5.4758429527282715,
            8.941975593566895,
            12.586265563964844,
            15.329829216003418,
            16.789308547973633,
            16.75311851501465,
            15.470963478088379,
            13.396984100341797,
            10.516451835632324,
            7.074935436248779,
            1.5702873468399048,
            3.5668795108795166,
            6.736196041107178,
            10.116995811462402,
            12.467445373535156,
            14.118975639343262,
            15.968585014343262,
            17.216896057128906,
            16.25487518310547,
            13.39554214477539,
            10.086882591247559,
            6.827064037322998,
            1.5702877044677734,
            3.5668795108795166,
            6.736196994781494,
            10.116995811462402,
            12.467445373535156,
            14.118972778320312,
            15.968583106994629,
            17.216896057128906,
            16.25487518310547,
            13.39554214477539,
            10.086880683898926,
            6.827064514160156,
            1.3241115808486938,
            3.262735366821289,
            6.019080638885498,
            9.407829284667969,
            12.584141731262207,
            14.780231475830078,
            16.400190353393555,
            16.992782592773438,
            15.794661521911621,
            13.39397144317627,
            10.347677230834961,
            6.953850269317627
        ]
    },
    "struct_id": "geometry_9627e1ff82",
    "input_ref": null,
    "geometry": [
        [
            4.675674915313721,
            1.0338419675827026,
            2.6297359466552734,
            "C",
            NaN,
            NaN,
            false
        ],
        [
            4.675674915313721,
            -0.29886099696159363,
            2.205394983291626,
            "C",
            NaN,
            NaN,
            false
        ],
        [
            4.675674915313721,
            -1.3327029943466187,
            3.147378921508789,
            "C",
            NaN,
            NaN,
            false
        ],
        [
            4.675674915313721,
            -1.0338419675827026,
            4.513702869415283,
            "C",
            NaN,
            NaN,
            false
        ],
        [
            4.675674915313721,
            0.29886099696159363,
            4.938045024871826,
            "C",
            NaN,
            NaN,
            false
        ],
        [
            4.675674915313721,
            1.3327020406723022,
            3.9960620403289795,
            "C",
            NaN,
            NaN,
            false
        ],
        [
            4.675674915313721,
            1.8405929803848267,
            1.8946659564971924,
            "H",
            NaN,
            NaN,
            false
        ],
        [
            4.675674915313721,
            -0.5320749878883362,
            1.139193058013916,
            "H",
            NaN,
            NaN,
            false
        ],
        [
            4.675674915313721,
            -2.3726680278778076,
            2.8162460327148438,
            "H",
            NaN,
            NaN,
            false
        ],
        [
            4.675674915313721,
            -1.8405929803848267,
            5.24877405166626,
            "H",
            NaN,
            NaN,
            false
        ],
        [
            4.675674915313721,
            0.532073974609375,
            6.004247188568115,
            "H",
            NaN,
            NaN,
            false
        ],
        [
            4.675674915313721,
            2.372667074203491,
            4.327192783355713,
            "H",
            NaN,
            NaN,
            false
        ],
        [
            1.4117720127105713,
            1.760498046875,
            2.2102010250091553,
            "C",
            NaN,
            NaN,
            false
        ],
        [
            1.4117720127105713,
            2.059359073638916,
            0.8438770174980164,
            "C",
            NaN,
            NaN,
            false
        ],
        [
            1.4117720127105713,
            3.3920609951019287,
            0.4195350110530853,
            "C",
            NaN,
            NaN,
            false
        ],
        [
            1.4117720127105713,
            4.425902843475342,
            1.3615180253982544,
            "C",
            NaN,
            NaN,
            false
        ],
        [
            1.4117720127105713,
            4.127042770385742,
            2.727843999862671,
            "C",
            NaN,
            NaN,
            false
        ],
        [
            1.4117720127105713,
            2.794339895248413,
            3.1521849632263184,
            "C",
            NaN,
            NaN,
            false
        ],
        [
            1.4117720127105713,
            0.7205320000648499,
            2.541332960128784,
            "H",
            NaN,
            NaN,
            false
        ],
        [
            1.4117720127105713,
            1.252606987953186,
            0.10880599915981293,
            "H",
            NaN,
            NaN,
            false
        ],
        [
            1.4117720127105713,
            3.625274896621704,
            -0.646668016910553,
            "H",
            NaN,
            NaN,
            false
        ],
        [
            1.4117720127105713,
            5.46586799621582,
            1.030385971069336,
            "H",
            NaN,
            NaN,
            false
        ],
        [
            1.4117720127105713,
            4.933794021606445,
            3.4629130363464355,
            "H",
            NaN,
            NaN,
            false
        ],
        [
            1.4117720127105713,
            2.5611250400543213,
            4.218387126922607,
            "H",
            NaN,
            NaN,
            false
        ]
    ]
}