{
    "properties": {
        "lattice_vector_a": [
            6.111002,
            0.0,
            0.0
        ],
        "lattice_vector_b": [
            0.0,
            13.56839,
            0.0
        ],
        "lattice_vector_c": [
            -0.812766,
            0.0,
            2.914965
        ],
        "unit_cell_volume": 241.69857423801878,
        "cell_vol": 241.69857423801878,
        "spg": 6,
        "molecule_harris_info": [
            [
                -33.29018049554947,
                -62.59216370453776,
                -152.81938552421894,
                4.513869752275182,
                3.378540874795711,
                0.881372720419251,
                false
            ],
            [
                34.422570830893356,
                -111.66192639447146,
                29.904077460197694,
                4.513869752275182,
                10.189845223376091,
                0.881372720419251,
                false
            ]
        ],
        "harris_energy": -17100.988560068,
        "rcd": [
            [
                [
                    -0.3863297694182765,
                    0.2303565507888467,
                    -2.9925397760536248
                ],
                [
                    0.9999997615814209,
                    1.0,
                    1.0000001192092896
                ]
            ],
            [
                [
                    0.38632977151881953,
                    -0.23035655391132592,
                    2.9925397766140005
                ],
                [
                    0.9999997615814209,
                    1.0000001192092896,
                    1.0000001192092896
                ]
            ],
            [
                [
                    -2.9890023745783236,
                    4.794642627016446,
                    2.1553637564929113
                ],
                [
                    0.9999997615814209,
                    1.0,
                    1.0000001192092896
                ]
            ],
            [
                [
                    2.989002356890736,
                    -4.7946426006795,
                    -2.155363760840541
                ],
                [
                    0.9999997615814209,
                    1.0000001192092896,
                    1.0000001192092896
                ]
            ],
            [
                [
                    -0.7726595402370566,
                    0.4607131036603379,
                    -5.985079552474305
                ],
                [
                    0.9999997615814209,
                    1.0,
                    1.0000001192092896
                ]
            ],
            [
                [
                    0.7726594441124808,
                    -0.4607129683511395,
                    5.9850794631393365
                ],
                [
                    0.9999997615814209,
                    1.0000001192092896,
                    1.0
                ]
            ],
            [
                [
                    -3.375332146797608,
                    5.024999181970584,
                    -0.837176020294824
                ],
                [
                    0.9999997615814209,
                    1.0,
                    1.0000001192092896
                ]
            ],
            [
                [
                    3.375332084992532,
                    -5.024999089958762,
                    0.8371760049654503
                ],
                [
                    0.9999997615814209,
                    1.0000001192092896,
                    1.0000001192092896
                ]
            ],
            [
                [
                    5.630980221405583,
                    3.708826580592854,
                    -0.4414518699072502
                ],
                [
                    -0.38892579078674316,
                    0.3974624276161194,
                    -0.9914636015892029
                ]
            ],
            [
                [
                    -5.676163147072575,
                    -3.738586165800714,
                    0.4449940750366078
                ],
                [
                    -0.3889257609844208,
                    0.397462397813797,
                    -0.9914636015892029
                ]
            ],
            [
                [
                    -2.6026726009426118,
                    4.564286062151075,
                    5.1479034680794795
                ],
                [
                    0.9999997615814209,
                    1.0000001192092896,
                    1.0
                ]
            ],
            [
                [
                    2.6026726380814678,
                    -4.564286125236762,
                    -5.1479035243614195
                ],
                [
                    0.9999997615814209,
                    1.0000001192092896,
                    1.0000001192092896
                ]
            ],
            [
                [
                    5.244650451987306,
                    3.9391831313817005,
                    -3.433991645960875
                ],
                [
                    -0.38892579078674316,
                    0.3974624276161194,
                    -0.9914636015892029
                ]
            ],
            [
                [
                    6.017309992924403,
                    3.478470026681528,
                    2.5510879067067505
                ],
                [
                    -0.38892579078674316,
                    0.3974624276161194,
                    -0.9914636015892029
                ]
            ],
            [
                [
                    -6.062492916490852,
                    -3.5082296150118673,
                    -2.547545701017017
                ],
                [
                    -0.3889257609844208,
                    0.3974623382091522,
                    -0.9914636015892029
                ]
            ],
            [
                [
                    -5.289833375553755,
                    -3.96894271971204,
                    3.4375338516506084
                ],
                [
                    -0.3889257609844208,
                    0.397462397813797,
                    -0.9914636015892029
                ]
            ]
        ],
        "file_path": "./sample_structures_exemplars/target1_2mpc_11fbe0605a.json",
        "replica": "init_pool",
        "AP_cluster": 1
    },
    "struct_id": "target1_2mpc_11fbe0605a",
    "input_ref": null,