{
    "properties": {
        "lattice_vector_a": [
            3.058021,
            0.0,
            0.0
        ],
        "lattice_vector_b": [
            0.0,
            14.580271,
            0.0
        ],
        "lattice_vector_c": [
            -0.288437,
            0.0,
            5.038143
        ],
        "unit_cell_volume": 224.63454787360644,
        "cell_vol": 224.63454787360644,
        "spg": 6,
        "molecule_harris_info": [
            [
                -57.86077309746211,
                -11.50930736287583,
                66.392580377987,
                1.4951922966444746,
                4.202137778414057,
                0.27575535862211215,
                false
            ],
            [
                -167.7075005396864,
                -40.45588162147541,
                39.44185805069806,
                1.4951922966444746,
                10.37812941251917,
                0.27575535862211215,
                false
            ]
        ],
        "harris_energy": -17360.591055679
    },
    "struct_id": "target1_2mpc_179fb2fb7a",
    "input_ref": null,
    "geometry": [
        [
            1.9292370080947876,
            5.812172889709473,
            -0.5150930285453796,
            "O",
            NaN,
            NaN,
            false
        ],
        [
            1.303117036819458,
            4.749389171600342,
            -1.1408560276031494,
            "C",
            NaN,
            NaN,
            false
        ],
        [
            1.0623350143432617,
            4.913877964019775,
            -2.183336019515991,
            "H",
            NaN,
            NaN,
            false
        ],
        [
            1.159924030303955,
            3.751600980758667,
            -0.22939999401569366,
            "C",
            NaN,
            NaN,
            false
        ],
        [
            0.7694740295410156,
            2.4001739025115967,
            0.3508799970149994,
            "C",
            NaN,
            NaN,
            false
        ],
        [
            1.281798005104065,
            1.5334069728851318,
            -0.08623799681663513,
            "H",
            NaN,
            NaN,
            false
        ],
        [
            -0.3079499900341034,
            2.1926090717315674,
            0.38148099184036255,
            "H",
            NaN,
            NaN,
            false
        ],
        [
            1.3843179941177368,
            2.908025026321411,
            1.7223570346832275,
            "C",
            NaN,
            NaN,
            false
        ],
        [
            2.2494258880615234,
            2.3327760696411133,
            2.0768721103668213,
            "H",
            NaN,
            NaN,
            false
        ],
        [
            0.6603530049324036,
            2.995803117752075,
            2.5427279472351074,
            "H",
            NaN,
            NaN,
            false
        ],
        [
            1.7123169898986816,
            4.2062811851501465,
            0.9993219971656799,
            "C",
            NaN,
            NaN,
            false
        ],
        [
            2.176382064819336,
            5.46815299987793,
            0.8013839721679688,
            "C",
            NaN,
            NaN,
            false
        ],
        [
            2.667855978012085,
            6.234402179718018,
            1.3871610164642334,
            "H",
            NaN,
            NaN,
            false
        ],
        [
            1.9292370080947876,
            8.768096923828125,
            -0.5150930285453796,
            "O",
            NaN,
            NaN,
            false
        ],
        [
            1.303117036819458,
            9.830881118774414,
            -1.1408560276031494,
            "C",
            NaN,
            NaN,
            false
        ],
        [
            1.0623350143432617,
            9.66639232635498,
            -2.183336019515991,
            "H",
            NaN,
            NaN,
            false
        ],
        [
            1.159924030303955,
            10.828669548034668,
            -0.22939999401569366,
            "C",
            NaN,
            NaN,
            false
        ],
        [
            0.7694740295410156,
            12.180097579956055,
            0.3508799970149994,
            "C",
            NaN,
            NaN,
            false
        ],
        [
            1.281798005104065,
            13.046863555908203,
            -0.08623799681663513,
            "H",
            NaN,
            NaN,
            false
        ],
        [
            -0.3079499900341034,
            12.387661933898926,
            0.38148099184036255,
            "H",
            NaN,
            NaN,
            false
        ],
        [
            1.3843179941177368,
            11.672245979309082,
            1.7223570346832275,
            "C",
            NaN,
            NaN,
            false
        ],
        [
            2.2494258880615234,
            12.247493743896484,
            2.0768721103668213,
            "H",
            NaN,
            NaN,
            false
        ],
        [
            0.6603530049324036,
            11.584467887878418,
            2.5427279472351074,
            "H",
            NaN,
            NaN,
            false
        ],
        [
            1.7123169898986816,
            10.373990058898926,
            0.9993219971656799,
            "C",
            NaN,
            NaN,
            false
        ],
        [
            2.176382064819336,
            9.1121187210083,
            0.8013839721679688,
            "C",
            NaN,
            NaN,
            false
        ],
        [
            2.667855978012085,
            8.345868110656738,
            1.3871610164642334,
            "H",
            NaN,
            NaN,
            false
        ]
    ]
}