{
    "properties": {
        "Z": 2,
        "number_of_atoms_in_molecule": 12,
        "unit_cell_volume": 223.825424,
        "attempted_spg": 112,
        "attempted_wyckoff_position": "2d",
        "site_symmetry_group": "222",
        "spg": 131,
        "lattice_vector_a": [
            4.104506,
            0.0,
            0.0
        ],
        "lattice_vector_b": [
            4.521735209615392e-16,
            7.384553999999999,
            0.0
        ],
        "lattice_vector_c": [
            4.521735209615392e-16,
            4.521735209615391e-16,
            7.384553999999999
        ],
        "cell_vol": 223.82543445338732,
        "a": 4.104506,
        "b": 7.384554,
        "c": 7.384554,
        "alpha": 90.0,
        "beta": 90.0,
        "gamma": 90.0
    },
    "struct_id": "geometry_65874b8be6",
    "input_ref": null,
    "geometry": [
        [
            1.0261260000000005,
            0.6993240000000002,
            4.903495999999999,
            "C",
            NaN,
            NaN,
            false
        ],
        [
            1.0261260000000003,
            1.39867,
            3.6922769999999994,
            "C",
            NaN,
            NaN,
            false
        ],
        [
            1.0261260000000003,
            0.699324,
            2.4810589999999997,
            "C",
            NaN,
            NaN,
            false
        ],
        [
            1.026126,
            -0.6993239999999997,
            2.4810589999999997,
            "C",
            NaN,
            NaN,
            false
        ],
        [
            1.0261260000000003,
            -1.3986689999999995,
            3.6922769999999994,
            "C",
            NaN,
            NaN,
            false
        ],
        [
            1.0261260000000003,
            -0.6993239999999995,
            4.903495999999999,
            "C",
            NaN,
            NaN,
            false
        ],
        [
            1.0261260000000005,
            1.2449630000000003,
            5.8487219999999995,
            "H",
            NaN,
            NaN,
            false
        ],
        [
            1.0261260000000005,
            2.49008,
            3.6922779999999995,
            "H",
            NaN,
            NaN,
            false
        ],
        [
            1.0261260000000003,
            1.2449629999999998,
            1.5358319999999999,
            "H",
            NaN,
            NaN,
            false
        ],
        [
            1.026126,
            -1.2449619999999997,
            1.5358319999999999,
            "H",
            NaN,
            NaN,
            false
        ],
        [
            1.026126,
            -2.490079999999999,
            3.6922769999999994,
            "H",
            NaN,
            NaN,
            false
        ],
        [
            1.0261260000000003,
            -1.2449619999999992,
            5.848722999999999,
            "H",
            NaN,
            NaN,
            false
        ],
        [
            3.0783790000000004,
            4.903495999999998,
            -0.6993229999999997,
            "C",
            NaN,
            NaN,
            false
        ],
        [
            3.078379,
            3.6922769999999994,
            -1.398669,
            "C",
            NaN,
            NaN,
            false
        ],
        [
            3.078379,
            2.4810589999999997,
            -0.6993229999999997,
            "C",
            NaN,
            NaN,
            false
        ],
        [
            3.078379,
            2.4810589999999997,
            0.6993239999999998,
            "C",
            NaN,
            NaN,
            false
        ],
        [
            3.0783790000000004,
            3.6922769999999994,
            1.3986709999999993,
            "C",
            NaN,
            NaN,
            false
        ],
        [
            3.0783790000000004,
            4.903495999999999,
            0.6993239999999998,
            "C",
            NaN,
            NaN,
            false
        ],
        [
            3.0783790000000004,
            5.848721999999999,
            -1.2449619999999992,
            "H",
            NaN,
            NaN,
            false
        ],
        [
            3.078379,
            3.6922779999999995,
            -2.4900789999999997,
            "H",
            NaN,
            NaN,
            false
        ],
        [
            3.078379,
            1.5358319999999999,
            -1.2449619999999992,
            "H",
            NaN,
            NaN,
            false
        ],
        [
            3.078379,
            1.5358319999999999,
            1.2449629999999994,
            "H",
            NaN,
            NaN,
            false
        ],
        [
            3.0783790000000004,
            3.6922769999999994,
            2.490080999999999,
            "H",
            NaN,
            NaN,
            false
        ],
        [
            3.0783790000000004,
            5.8487219999999995,
            1.2449629999999994,
            "H",
            NaN,
            NaN,
            false
        ]
    ]
}