{
    "properties": {
        "Z": 2,
        "number_of_atoms_in_molecule": 12,
        "unit_cell_volume": 263.158478,
        "attempted_spg": 12,
        "attempted_wyckoff_position": "2b",
        "site_symmetry_group": "2/m",
        "spg": 12,
        "lattice_vector_a": [
            4.126169154512693,
            -2.220446049250313e-16,
            0.0
        ],
        "lattice_vector_b": [
            -1.8090708420705977,
            5.493828359966298,
            0.0
        ],
        "lattice_vector_c": [
            7.108470305855007e-16,
            9.824708244225077e-16,
            11.609013
        ],
        "cell_vol": 263.15850625744633,
        "a": 4.126169154512693,
        "b": 5.78402,
        "c": 11.609013,
        "alpha": 90.0,
        "beta": 90.0,
        "gamma": 108.22627341344351
    },
    "struct_id": "geometry_00c3602574",
    "input_ref": null,
    "geometry": [
        [
            4.410597287945971e-16,
            6.095943244096801e-16,
            7.203052,
            "C",
            NaN,
            NaN,
            false
        ],
        [
            0.7347806482931413,
            0.962994364719707,
            6.5038,
            "C",
            NaN,
            NaN,
            false
        ],
        [
            0.7347806482931412,
            0.9629943647197069,
            5.105211,
            "C",
            NaN,
            NaN,
            false
        ],
        [
            2.697872405585637e-16,
            3.7287641538282307e-16,
            4.40596,
            "C",
            NaN,
            NaN,
            false
        ],
        [
            -0.7347806482931406,
            -0.962994364719706,
            5.105211,
            "C",
            NaN,
            NaN,
            false
        ],
        [
            -0.7347806482931405,
            -0.9629943647197059,
            6.5038,
            "C",
            NaN,
            NaN,
            false
        ],
        [
            5.078891332504479e-16,
            7.019601039182822e-16,
            8.294459,
            "H",
            NaN,
            NaN,
            false
        ],
        [
            1.3080869504991095,
            1.714363826524563,
            7.049639,
            "H",
            NaN,
            NaN,
            false
        ],
        [
            1.3080869504991095,
            1.7143638265245629,
            4.559372,
            "H",
            NaN,
            NaN,
            false
        ],
        [
            2.0295777487037293e-16,
            2.805105512442162e-16,
            3.314552,
            "H",
            NaN,
            NaN,
            false
        ],
        [
            -1.3080869504991088,
            -1.714363826524562,
            4.559372,
            "H",
            NaN,
            NaN,
            false
        ],
        [
            -1.3080869504991086,
            -1.7143638265245618,
            7.049639,
            "H",
            NaN,
            NaN,
            false
        ],
        [
            -0.9045354210352987,
            2.746914179983149,
            1.398545,
            "C",
            NaN,
            NaN,
            false
        ],
        [
            -0.1697547727421579,
            3.7099085447028557,
            0.699293,
            "C",
            NaN,
            NaN,
            false
        ],
        [
            -0.1697547727421579,
            3.7099085447028557,
            -0.699295,
            "C",
            NaN,
            NaN,
            false
        ],
        [
            -0.9045354210352989,
            2.746914179983149,
            -1.398546,
            "C",
            NaN,
            NaN,
            false
        ],
        [
            -1.6393160693284399,
            1.7839198152634428,
            -0.699295,
            "C",
            NaN,
            NaN,
            false
        ],
        [
            -1.6393160693284399,
            1.7839198152634428,
            0.699293,
            "C",
            NaN,
            NaN,
            false
        ],
        [
            -0.9045354210352987,
            2.746914179983149,
            2.489953,
            "H",
            NaN,
            NaN,
            false
        ],
        [
            0.40355121669330773,
            4.4612789563364394,
            1.245132,
            "H",
            NaN,
            NaN,
            false
        ],
        [
            0.40355121669330773,
            4.4612789563364394,
            -1.245134,
            "H",
            NaN,
            NaN,
            false
        ],
        [
            -0.9045354210352989,
            2.746914179983149,
            -2.489954,
            "H",
            NaN,
            NaN,
            false
        ],
        [
            -2.2126220587639054,
            1.0325494036298588,
            -1.245134,
            "H",
            NaN,
            NaN,
            false
        ],
        [
            -2.2126220587639054,
            1.0325494036298588,
            1.245132,
            "H",
            NaN,
            NaN,
            false
        ]
    ]
}