{
    "properties": {
        "Z": 2,
        "number_of_atoms_in_molecule": 12,
        "unit_cell_volume": 264.145264,
        "attempted_spg": 84,
        "attempted_wyckoff_position": "2c",
        "site_symmetry_group": "2/m",
        "spg": 84,
        "lattice_vector_a": [
            6.051703,
            0.0,
            0.0
        ],
        "lattice_vector_b": [
            0.0,
            6.051703,
            0.0
        ],
        "lattice_vector_c": [
            0.0,
            0.0,
            7.21253
        ],
        "cell_vol": 264.14527379978347
    },
    "struct_id": "geometry_5452eab077",
    "input_ref": null,
    "geometry": [
        [
            0.5758150000000004,
            4.300359,
            0.0,
            "C",
            NaN,
            NaN,
            false
        ],
        [
            0.2879170000000002,
            3.663125,
            1.211306,
            "C",
            NaN,
            NaN,
            false
        ],
        [
            -0.2879170000000002,
            2.388578,
            1.211306,
            "C",
            NaN,
            NaN,
            false
        ],
        [
            -0.5758159999999997,
            1.751345,
            0.0,
            "C",
            NaN,
            NaN,
            false
        ],
        [
            -0.2879170000000002,
            2.388578,
            -1.211306,
            "C",
            NaN,
            NaN,
            false
        ],
        [
            0.28791600000000006,
            3.663125,
            -1.211306,
            "C",
            NaN,
            NaN,
            false
        ],
        [
            1.025175,
            5.294969,
            0.0,
            "H",
            NaN,
            NaN,
            false
        ],
        [
            0.512651,
            4.160553,
            2.156419,
            "H",
            NaN,
            NaN,
            false
        ],
        [
            -0.512651,
            1.891151,
            2.156419,
            "H",
            NaN,
            NaN,
            false
        ],
        [
            -1.025175,
            0.756734,
            0.0,
            "H",
            NaN,
            NaN,
            false
        ],
        [
            -0.512651,
            1.891151,
            -2.156419,
            "H",
            NaN,
            NaN,
            false
        ],
        [
            0.512651,
            4.160553,
            -2.156419,
            "H",
            NaN,
            NaN,
            false
        ],
        [
            1.751344,
            0.5758150000000004,
            3.606265,
            "C",
            NaN,
            NaN,
            false
        ],
        [
            2.388578,
            0.2879170000000002,
            4.817571,
            "C",
            NaN,
            NaN,
            false
        ],
        [
            3.663125,
            -0.2879170000000002,
            4.817571,
            "C",
            NaN,
            NaN,
            false
        ],
        [
            4.300358,
            -0.5758159999999997,
            3.606265,
            "C",
            NaN,
            NaN,
            false
        ],
        [
            3.663125,
            -0.2879170000000002,
            2.394959,
            "C",
            NaN,
            NaN,
            false
        ],
        [
            2.388578,
            0.28791600000000006,
            2.394959,
            "C",
            NaN,
            NaN,
            false
        ],
        [
            0.756734,
            1.025175,
            3.606265,
            "H",
            NaN,
            NaN,
            false
        ],
        [
            1.89115,
            0.512651,
            5.762684,
            "H",
            NaN,
            NaN,
            false
        ],
        [
            4.160553,
            -0.512651,
            5.762684,
            "H",
            NaN,
            NaN,
            false
        ],
        [
            5.294969,
            -1.025175,
            3.606265,
            "H",
            NaN,
            NaN,
            false
        ],
        [
            4.160553,
            -0.512651,
            1.449846,
            "H",
            NaN,
            NaN,
            false
        ],
        [
            1.89115,
            0.512651,
            1.449846,
            "H",
            NaN,
            NaN,
            false
        ]
    ]
}