{
    "properties": {
        "Z": 2,
        "number_of_atoms_in_molecule": 12,
        "unit_cell_volume": 241.064819,
        "attempted_spg": 136,
        "attempted_wyckoff_position": "2b",
        "site_symmetry_group": "mmm",
        "spg": 136,
        "lattice_vector_a": [
            3.9502569999999997,
            0.0,
            0.0
        ],
        "lattice_vector_b": [
            4.783382222900024e-16,
            7.811856,
            0.0
        ],
        "lattice_vector_c": [
            4.783382222900024e-16,
            4.783382222900024e-16,
            7.811856
        ],
        "cell_vol": 241.06480539990764,
        "a": 3.950257,
        "b": 7.811856,
        "c": 7.811856,
        "alpha": 90.0,
        "beta": 90.0,
        "gamma": 90.0
    },
    "struct_id": "geometry_cd3dceac73",
    "input_ref": null,
    "geometry": [
        [
            1.9751289999999997,
            1.350957,
            -0.3619639999999995,
            "C",
            NaN,
            NaN,
            false
        ],
        [
            1.9751289999999997,
            0.3619639999999999,
            -1.3509579999999994,
            "C",
            NaN,
            NaN,
            false
        ],
        [
            1.9751289999999997,
            -0.989008,
            -0.9890080000000001,
            "C",
            NaN,
            NaN,
            false
        ],
        [
            1.9751289999999997,
            -1.350957,
            0.3619639999999995,
            "C",
            NaN,
            NaN,
            false
        ],
        [
            1.9751289999999997,
            -0.36196399999999995,
            1.3509570000000002,
            "C",
            NaN,
            NaN,
            false
        ],
        [
            1.975129,
            0.9890080000000001,
            0.989008000000001,
            "C",
            NaN,
            NaN,
            false
        ],
        [
            1.975129,
            2.405158,
            -0.6445149999999993,
            "H",
            NaN,
            NaN,
            false
        ],
        [
            1.9751289999999997,
            0.6445159999999999,
            -2.4051589999999994,
            "H",
            NaN,
            NaN,
            false
        ],
        [
            1.9751289999999995,
            -1.760752,
            -1.760752,
            "H",
            NaN,
            NaN,
            false
        ],
        [
            1.9751289999999997,
            -2.405158,
            0.6445150000000011,
            "H",
            NaN,
            NaN,
            false
        ],
        [
            1.975129,
            -0.6445159999999998,
            2.405157,
            "H",
            NaN,
            NaN,
            false
        ],
        [
            1.975129,
            1.7607520000000003,
            1.760752000000001,
            "H",
            NaN,
            NaN,
            false
        ],
        [
            5.832243832821166e-16,
            4.267892,
            5.256885,
            "C",
            NaN,
            NaN,
            false
        ],
        [
            5.832243832821166e-16,
            5.256885,
            4.267892,
            "C",
            NaN,
            NaN,
            false
        ],
        [
            4.783381610576624e-16,
            4.894936,
            2.916919,
            "C",
            NaN,
            NaN,
            false
        ],
        [
            3.734520612978882e-16,
            3.543964,
            2.554971,
            "C",
            NaN,
            NaN,
            false
        ],
        [
            3.734520612978882e-16,
            2.554971,
            3.543964,
            "C",
            NaN,
            NaN,
            false
        ],
        [
            4.783381610576624e-16,
            2.9169190000000005,
            4.894936,
            "C",
            NaN,
            NaN,
            false
        ],
        [
            6.650767749524677e-16,
            4.550443,
            6.311085,
            "H",
            NaN,
            NaN,
            false
        ],
        [
            6.650768974171476e-16,
            6.311087,
            4.550443,
            "H",
            NaN,
            NaN,
            false
        ],
        [
            4.783382222900024e-16,
            5.66668,
            2.145176,
            "H",
            NaN,
            NaN,
            false
        ],
        [
            2.915995471628571e-16,
            3.261412,
            1.50077,
            "H",
            NaN,
            NaN,
            false
        ],
        [
            2.915995471628571e-16,
            1.5007700000000002,
            3.261412,
            "H",
            NaN,
            NaN,
            false
        ],
        [
            4.783381610576624e-16,
            2.1451760000000006,
            5.666679,
            "H",
            NaN,
            NaN,
            false
        ]
    ]
}