{
    "properties": {
        "Z": 2,
        "number_of_atoms_in_molecule": 12,
        "unit_cell_volume": 218.990662,
        "attempted_spg": 176,
        "attempted_wyckoff_position": "2b",
        "site_symmetry_group": "-3",
        "spg": 175,
        "lattice_vector_a": [
            5.959623,
            0.0,
            0.0
        ],
        "lattice_vector_b": [
            3.988585837929991e-16,
            6.5138549999999995,
            0.0
        ],
        "lattice_vector_c": [
            3.98858604055653e-16,
            -3.256927999999999,
            5.641164
        ],
        "cell_vol": 218.99066385215977,
        "a": 5.959623,
        "b": 6.513855,
        "c": 6.51385533091425,
        "alpha": 120.00000339786159,
        "beta": 90.0,
        "gamma": 90.0
    },
    "struct_id": "geometry_8b9d84fc08",
    "input_ref": null,
    "geometry": [
        [
            1.5825120494761504e-16,
            1.1095189999999993,
            0.8515449999999998,
            "C",
            NaN,
            NaN,
            false
        ],
        [
            2.2374208196966487e-17,
            1.2922189999999998,
            -0.5350999999999999,
            "C",
            NaN,
            NaN,
            false
        ],
        [
            -1.3587695192545738e-16,
            0.1826989999999995,
            -1.3866439999999995,
            "C",
            NaN,
            NaN,
            false
        ],
        [
            -1.5825109889008386e-16,
            -1.1095190000000001,
            -0.8515439999999996,
            "C",
            NaN,
            NaN,
            false
        ],
        [
            -2.237431425449772e-17,
            -1.2922190000000007,
            0.5350989999999998,
            "C",
            NaN,
            NaN,
            false
        ],
        [
            1.3587695192545752e-16,
            -0.18269899999999994,
            1.3866440000000004,
            "C",
            NaN,
            NaN,
            false
        ],
        [
            2.817412926607157e-16,
            1.9753259999999995,
            1.5160400000000003,
            "H",
            NaN,
            NaN,
            false
        ],
        [
            3.9833880243164934e-17,
            2.300594,
            -0.952661,
            "H",
            NaN,
            NaN,
            false
        ],
        [
            -2.4190757970742186e-16,
            0.3252669999999993,
            -2.468702,
            "H",
            NaN,
            NaN,
            false
        ],
        [
            -2.817413987182469e-16,
            -1.9753260000000004,
            -1.5160409999999995,
            "H",
            NaN,
            NaN,
            false
        ],
        [
            -3.983371295329394e-17,
            -2.3005929999999997,
            0.9526620000000001,
            "H",
            NaN,
            NaN,
            false
        ],
        [
            2.41907579707422e-16,
            -0.3252670000000002,
            2.4687020000000004,
            "H",
            NaN,
            NaN,
            false
        ],
        [
            2.979812,
            -0.18269800000000025,
            1.3866440000000004,
            "C",
            NaN,
            NaN,
            false
        ],
        [
            2.979812,
            1.1095189999999993,
            0.8515440000000005,
            "C",
            NaN,
            NaN,
            false
        ],
        [
            2.979812,
            1.292219999999999,
            -0.535101,
            "C",
            NaN,
            NaN,
            false
        ],
        [
            2.9798119999999995,
            0.18269999999999964,
            -1.3866449999999997,
            "C",
            NaN,
            NaN,
            false
        ],
        [
            2.9798119999999995,
            -1.1095190000000001,
            -0.8515449999999998,
            "C",
            NaN,
            NaN,
            false
        ],
        [
            2.979812,
            -1.2922179999999996,
            0.5350989999999998,
            "C",
            NaN,
            NaN,
            false
        ],
        [
            2.979812,
            -0.32526600000000006,
            2.4687020000000004,
            "H",
            NaN,
            NaN,
            false
        ],
        [
            2.979812,
            1.9753259999999995,
            1.5160400000000003,
            "H",
            NaN,
            NaN,
            false
        ],
        [
            2.979812,
            2.3005929999999997,
            -0.9526620000000001,
            "H",
            NaN,
            NaN,
            false
        ],
        [
            2.9798119999999995,
            0.32526799999999945,
            -2.4687029999999996,
            "H",
            NaN,
            NaN,
            false
        ],
        [
            2.9798119999999995,
            -1.9753250000000002,
            -1.5160419999999997,
            "H",
            NaN,
            NaN,
            false
        ],
        [
            2.979812,
            -2.3005929999999997,
            0.952661,
            "H",
            NaN,
            NaN,
            false
        ]
    ]
}