{
    "properties": {
        "Z": 2,
        "number_of_atoms_in_molecule": 12,
        "unit_cell_volume": 243.891403,
        "attempted_spg": 28,
        "attempted_wyckoff_position": "2c",
        "site_symmetry_group": "m",
        "spg": 28,
        "lattice_vector_a": [
            4.140443,
            0.0,
            0.0
        ],
        "lattice_vector_b": [
            3.765254349050283e-16,
            6.149127,
            0.0
        ],
        "lattice_vector_c": [
            5.865663219323096e-16,
            5.865663219323096e-16,
            9.579355
        ],
        "cell_vol": 243.8914305275916,
        "a": 4.140443,
        "b": 6.149127,
        "c": 9.579355,
        "alpha": 90.0,
        "beta": 90.0,
        "gamma": 90.0
    },
    "struct_id": "geometry_308b5c4ad7",
    "input_ref": null,
    "geometry": [
        [
            0.7508750000000006,
            2.2724530000000005,
            6.485193,
            "C",
            NaN,
            NaN,
            false
        ],
        [
            0.7508750000000006,
            2.2724530000000005,
            7.883839999999999,
            "C",
            NaN,
            NaN,
            false
        ],
        [
            1.6045410000000009,
            1.4132070000000005,
            8.583185,
            "C",
            NaN,
            NaN,
            false
        ],
        [
            2.4582070000000007,
            0.5539610000000007,
            7.883839999999999,
            "C",
            NaN,
            NaN,
            false
        ],
        [
            2.4582070000000007,
            0.5539610000000007,
            6.485193,
            "C",
            NaN,
            NaN,
            false
        ],
        [
            1.6045410000000009,
            1.4132070000000005,
            5.7858469999999995,
            "C",
            NaN,
            NaN,
            false
        ],
        [
            0.08468000000000149,
            2.943003,
            5.9395549999999995,
            "H",
            NaN,
            NaN,
            false
        ],
        [
            0.08468000000000149,
            2.9430030000000005,
            8.429478,
            "H",
            NaN,
            NaN,
            false
        ],
        [
            1.6045410000000009,
            1.4132070000000005,
            9.674596,
            "H",
            NaN,
            NaN,
            false
        ],
        [
            3.124402000000001,
            -0.11658899999999969,
            8.429478,
            "H",
            NaN,
            NaN,
            false
        ],
        [
            3.124402000000001,
            -0.11658899999999969,
            5.9395549999999995,
            "H",
            NaN,
            NaN,
            false
        ],
        [
            1.6045410000000009,
            1.4132070000000005,
            4.694437,
            "H",
            NaN,
            NaN,
            false
        ],
        [
            0.7508750000000006,
            3.876675,
            3.094163,
            "C",
            NaN,
            NaN,
            false
        ],
        [
            0.7508750000000006,
            3.876675,
            1.6955139999999993,
            "C",
            NaN,
            NaN,
            false
        ],
        [
            1.6045410000000009,
            4.735921,
            0.9961699999999993,
            "C",
            NaN,
            NaN,
            false
        ],
        [
            2.4582070000000007,
            5.595167000000001,
            1.6955149999999994,
            "C",
            NaN,
            NaN,
            false
        ],
        [
            2.4582070000000007,
            5.595167000000001,
            3.094163,
            "C",
            NaN,
            NaN,
            false
        ],
        [
            1.6045410000000009,
            4.735921,
            3.7935089999999994,
            "C",
            NaN,
            NaN,
            false
        ],
        [
            0.0846800000000006,
            3.206125,
            3.6397999999999993,
            "H",
            NaN,
            NaN,
            false
        ],
        [
            0.0846800000000006,
            3.206125,
            1.149877,
            "H",
            NaN,
            NaN,
            false
        ],
        [
            1.6045410000000004,
            4.73592,
            -0.09524099999999969,
            "H",
            NaN,
            NaN,
            false
        ],
        [
            3.124402000000001,
            6.265717,
            1.149877,
            "H",
            NaN,
            NaN,
            false
        ],
        [
            3.124402000000001,
            6.265717,
            3.6397999999999993,
            "H",
            NaN,
            NaN,
            false
        ],
        [
            1.6045410000000009,
            4.735920000000001,
            4.884918,
            "H",
            NaN,
            NaN,
            false
        ]
    ]
}