{
    "properties": {
        "Z": 2,
        "number_of_atoms_in_molecule": 12,
        "unit_cell_volume": 234.186081,
        "attempted_spg": 44,
        "attempted_wyckoff_position": "2a",
        "site_symmetry_group": "mm2",
        "spg": 71,
        "lattice_vector_a": [
            3.333726,
            0.0,
            0.0
        ],
        "lattice_vector_b": [
            4.1093580559683046e-16,
            6.711091,
            0.0
        ],
        "lattice_vector_c": [
            6.40942231855291e-16,
            6.40942231855291e-16,
            10.467381
        ],
        "cell_vol": 234.18607194546516,
        "a": 3.333726,
        "b": 6.711091,
        "c": 10.467381,
        "alpha": 90.0,
        "beta": 90.0,
        "gamma": 90.0
    },
    "struct_id": "geometry_d226172243",
    "input_ref": null,
    "geometry": [
        [
            1.0576349999999999,
            -1.2112170000000004,
            0.699324,
            "C",
            NaN,
            NaN,
            false
        ],
        [
            1.0576349999999999,
            -1.2112170000000004,
            -0.699324,
            "C",
            NaN,
            NaN,
            false
        ],
        [
            1.0576349999999999,
            9.999999992515995e-07,
            -1.398669,
            "C",
            NaN,
            NaN,
            false
        ],
        [
            1.0576349999999999,
            1.2112189999999998,
            -0.699324,
            "C",
            NaN,
            NaN,
            false
        ],
        [
            1.0576349999999999,
            1.2112189999999998,
            0.699324,
            "C",
            NaN,
            NaN,
            false
        ],
        [
            1.0576349999999999,
            9.999999992515995e-07,
            1.398669,
            "C",
            NaN,
            NaN,
            false
        ],
        [
            1.0576349999999999,
            -2.1564440000000005,
            1.244962,
            "H",
            NaN,
            NaN,
            false
        ],
        [
            1.0576349999999999,
            -2.1564440000000005,
            -1.244962,
            "H",
            NaN,
            NaN,
            false
        ],
        [
            1.0576349999999999,
            9.999999992515995e-07,
            -2.49008,
            "H",
            NaN,
            NaN,
            false
        ],
        [
            1.0576349999999999,
            2.1564449999999997,
            -1.244962,
            "H",
            NaN,
            NaN,
            false
        ],
        [
            1.0576350000000003,
            2.1564449999999997,
            1.244962,
            "H",
            NaN,
            NaN,
            false
        ],
        [
            1.0576349999999999,
            0.0,
            2.49008,
            "H",
            NaN,
            NaN,
            false
        ],
        [
            2.7244980000000005,
            2.1443290000000004,
            5.933014,
            "C",
            NaN,
            NaN,
            false
        ],
        [
            2.724498,
            2.1443290000000004,
            4.5343659999999995,
            "C",
            NaN,
            NaN,
            false
        ],
        [
            2.724498,
            3.3555459999999995,
            3.8350209999999993,
            "C",
            NaN,
            NaN,
            false
        ],
        [
            2.7244980000000005,
            4.566764,
            4.5343659999999995,
            "C",
            NaN,
            NaN,
            false
        ],
        [
            2.7244980000000005,
            4.566765,
            5.933014,
            "C",
            NaN,
            NaN,
            false
        ],
        [
            2.7244980000000005,
            3.3555459999999995,
            6.632358999999999,
            "C",
            NaN,
            NaN,
            false
        ],
        [
            2.7244980000000005,
            1.1991020000000006,
            6.478651999999999,
            "H",
            NaN,
            NaN,
            false
        ],
        [
            2.724498,
            1.1991010000000004,
            3.9887289999999993,
            "H",
            NaN,
            NaN,
            false
        ],
        [
            2.724498,
            3.3555459999999995,
            2.7436099999999994,
            "H",
            NaN,
            NaN,
            false
        ],
        [
            2.7244980000000005,
            5.511991,
            3.9887289999999993,
            "H",
            NaN,
            NaN,
            false
        ],
        [
            2.7244980000000005,
            5.511991,
            6.478651999999999,
            "H",
            NaN,
            NaN,
            false
        ],
        [
            2.7244980000000005,
            3.355546,
            7.72377,
            "H",
            NaN,
            NaN,
            false
        ]
    ]
}