{
    "properties": {
        "Z": 2,
        "number_of_atoms_in_molecule": 12,
        "unit_cell_volume": 212.829361,
        "attempted_spg": 188,
        "attempted_wyckoff_position": "2a",
        "site_symmetry_group": "32",
        "spg": 191,
        "lattice_vector_a": [
            5.832339,
            0.0,
            0.0
        ],
        "lattice_vector_b": [
            3.9747510030400234e-16,
            6.491261,
            0.0
        ],
        "lattice_vector_c": [
            3.974751193985973e-16,
            -3.2456310000000004,
            5.621597
        ],
        "cell_vol": 212.82936015267103,
        "a": 5.832339,
        "b": 6.491261,
        "c": 6.491261311838402,
        "alpha": 120.00000350689979,
        "beta": 90.0,
        "gamma": 90.0
    },
    "struct_id": "geometry_7cc5ebf923",
    "input_ref": null,
    "geometry": [
        [
            -3.28174740209448e-23,
            -1.211248,
            0.699314,
            "C",
            NaN,
            NaN,
            false
        ],
        [
            1.4833513903994669e-16,
            -1.5660215479566637e-16,
            1.398629,
            "C",
            NaN,
            NaN,
            false
        ],
        [
            1.4833506579988934e-16,
            1.211248,
            0.699314,
            "C",
            NaN,
            NaN,
            false
        ],
        [
            3.28174740209448e-23,
            1.211248,
            -0.699314,
            "C",
            NaN,
            NaN,
            false
        ],
        [
            -1.483350329824153e-16,
            1.566020428273354e-16,
            -1.398628,
            "C",
            NaN,
            NaN,
            false
        ],
        [
            -1.4833506579988934e-16,
            -1.211248,
            -0.699314,
            "C",
            NaN,
            NaN,
            false
        ],
        [
            -4.183416551982243e-23,
            -2.156437,
            1.245019,
            "H",
            NaN,
            NaN,
            false
        ],
        [
            2.6408738935049235e-16,
            -2.788055109147932e-16,
            2.490039,
            "H",
            NaN,
            NaN,
            false
        ],
        [
            2.6408726389478656e-16,
            2.156436,
            1.245019,
            "H",
            NaN,
            NaN,
            false
        ],
        [
            -6.422336583546155e-23,
            2.156437,
            -1.24502,
            "H",
            NaN,
            NaN,
            false
        ],
        [
            -2.6408738935049235e-16,
            2.788055109147932e-16,
            -2.490039,
            "H",
            NaN,
            NaN,
            false
        ],
        [
            -2.640874311846579e-16,
            -2.156437,
            -1.24502,
            "H",
            NaN,
            NaN,
            false
        ],
        [
            2.91617,
            1.2112470000000002,
            0.6993139999999993,
            "C",
            NaN,
            NaN,
            false
        ],
        [
            2.91617,
            1.2112479999999994,
            -0.6993150000000004,
            "C",
            NaN,
            NaN,
            false
        ],
        [
            2.9161699999999997,
            0.0,
            -1.3986280000000004,
            "C",
            NaN,
            NaN,
            false
        ],
        [
            2.9161699999999997,
            -1.2112480000000003,
            -0.6993140000000002,
            "C",
            NaN,
            NaN,
            false
        ],
        [
            2.91617,
            -1.2112480000000003,
            0.6993149999999995,
            "C",
            NaN,
            NaN,
            false
        ],
        [
            2.91617,
            -4.440892098500626e-16,
            1.3986289999999997,
            "C",
            NaN,
            NaN,
            false
        ],
        [
            2.91617,
            2.1564359999999994,
            1.2450199999999993,
            "H",
            NaN,
            NaN,
            false
        ],
        [
            2.91617,
            2.1564369999999995,
            -1.245019,
            "H",
            NaN,
            NaN,
            false
        ],
        [
            2.9161699999999997,
            0.0,
            -2.4900390000000003,
            "H",
            NaN,
            NaN,
            false
        ],
        [
            2.9161699999999997,
            -2.1564360000000002,
            -1.245019,
            "H",
            NaN,
            NaN,
            false
        ],
        [
            2.91617,
            -2.1564369999999995,
            1.2450199999999993,
            "H",
            NaN,
            NaN,
            false
        ],
        [
            2.91617,
            -4.440892098500626e-16,
            2.4900399999999996,
            "H",
            NaN,
            NaN,
            false
        ]
    ]
}