{
    "properties": {
        "Z": 2,
        "number_of_atoms_in_molecule": 12,
        "unit_cell_volume": 285.685486,
        "attempted_spg": 49,
        "attempted_wyckoff_position": "2h",
        "site_symmetry_group": "222",
        "spg": 47,
        "lattice_vector_a": [
            5.951117,
            0.0,
            0.0
        ],
        "lattice_vector_b": [
            4.126935411476467e-16,
            6.739797,
            0.0
        ],
        "lattice_vector_c": [
            4.3613781207648387e-16,
            4.3613781207648387e-16,
            7.122671
        ],
        "cell_vol": 285.685493978197,
        "a": 5.951117,
        "b": 6.739797,
        "c": 7.122671,
        "alpha": 90.0,
        "beta": 90.0,
        "gamma": 90.0
    },
    "struct_id": "geometry_55ad3ec082",
    "input_ref": null,
    "geometry": [
        [
            1.4877790000000004,
            3.3698980000000005,
            4.959882,
            "C",
            NaN,
            NaN,
            false
        ],
        [
            1.4877790000000004,
            4.581204,
            4.260631,
            "C",
            NaN,
            NaN,
            false
        ],
        [
            1.4877790000000004,
            4.581204,
            2.862041,
            "C",
            NaN,
            NaN,
            false
        ],
        [
            1.4877790000000004,
            3.369898,
            2.162789,
            "C",
            NaN,
            NaN,
            false
        ],
        [
            1.4877790000000002,
            2.158593,
            2.862041,
            "C",
            NaN,
            NaN,
            false
        ],
        [
            1.4877790000000004,
            2.1585930000000007,
            4.260631,
            "C",
            NaN,
            NaN,
            false
        ],
        [
            1.4877790000000006,
            3.3698980000000005,
            6.051291,
            "H",
            NaN,
            NaN,
            false
        ],
        [
            1.4877790000000006,
            5.526317,
            4.806469,
            "H",
            NaN,
            NaN,
            false
        ],
        [
            1.4877790000000004,
            5.526317,
            2.316202,
            "H",
            NaN,
            NaN,
            false
        ],
        [
            1.4877790000000002,
            3.369898,
            1.071381,
            "H",
            NaN,
            NaN,
            false
        ],
        [
            1.4877790000000002,
            1.2134800000000001,
            2.316202,
            "H",
            NaN,
            NaN,
            false
        ],
        [
            1.4877790000000004,
            1.2134800000000001,
            4.806469,
            "H",
            NaN,
            NaN,
            false
        ],
        [
            4.463337,
            3.369898,
            2.162789,
            "C",
            NaN,
            NaN,
            false
        ],
        [
            4.463337,
            2.158593,
            2.862041,
            "C",
            NaN,
            NaN,
            false
        ],
        [
            4.463337,
            2.1585930000000007,
            4.260631,
            "C",
            NaN,
            NaN,
            false
        ],
        [
            4.463337000000001,
            3.3698980000000005,
            4.959882,
            "C",
            NaN,
            NaN,
            false
        ],
        [
            4.463337000000001,
            4.581204,
            4.260631,
            "C",
            NaN,
            NaN,
            false
        ],
        [
            4.463337000000001,
            4.581204,
            2.862041,
            "C",
            NaN,
            NaN,
            false
        ],
        [
            4.463337,
            3.369898,
            1.071381,
            "H",
            NaN,
            NaN,
            false
        ],
        [
            4.463337,
            1.2134800000000001,
            2.316202,
            "H",
            NaN,
            NaN,
            false
        ],
        [
            4.463337,
            1.2134800000000001,
            4.806469,
            "H",
            NaN,
            NaN,
            false
        ],
        [
            4.463337000000001,
            3.3698980000000005,
            6.051291,
            "H",
            NaN,
            NaN,
            false
        ],
        [
            4.463337000000001,
            5.526317,
            4.806469,
            "H",
            NaN,
            NaN,
            false
        ],
        [
            4.463337000000001,
            5.526317,
            2.316202,
            "H",
            NaN,
            NaN,
            false
        ]
    ]
}