{
    "properties": {
        "Z": 2,
        "number_of_atoms_in_molecule": 12,
        "unit_cell_volume": 229.981659,
        "attempted_spg": 177,
        "attempted_wyckoff_position": "2e",
        "site_symmetry_group": "6",
        "spg": 177,
        "lattice_vector_a": [
            6.280851,
            0.0,
            0.0
        ],
        "lattice_vector_b": [
            3.981556977626285e-16,
            6.502376,
            0.0
        ],
        "lattice_vector_c": [
            3.9815565528880527e-16,
            -3.2511879999999986,
            5.631222
        ],
        "cell_vol": 229.98166757089297,
        "a": 6.280851,
        "b": 6.502376,
        "c": 6.502375306349826,
        "alpha": 120.0000035288279,
        "beta": 90.0,
        "gamma": 90.0
    },
    "struct_id": "geometry_573b9d9e15",
    "input_ref": null,
    "geometry": [
        [
            1.4745319999999997,
            -0.9675719999999997,
            -1.009934,
            "C",
            NaN,
            NaN,
            false
        ],
        [
            1.474532,
            -1.358415,
            0.332974,
            "C",
            NaN,
            NaN,
            false
        ],
        [
            1.474532,
            -0.3908430000000003,
            1.342909,
            "C",
            NaN,
            NaN,
            false
        ],
        [
            1.4745320000000002,
            0.9675710000000004,
            1.009934,
            "C",
            NaN,
            NaN,
            false
        ],
        [
            1.474532,
            1.3584139999999998,
            -0.332974,
            "C",
            NaN,
            NaN,
            false
        ],
        [
            1.4745319999999997,
            0.3908430000000003,
            -1.342909,
            "C",
            NaN,
            NaN,
            false
        ],
        [
            1.4745319999999995,
            -1.7226099999999995,
            -1.79803,
            "H",
            NaN,
            NaN,
            false
        ],
        [
            1.4745319999999997,
            -2.418445,
            0.592809,
            "H",
            NaN,
            NaN,
            false
        ],
        [
            1.4745320000000002,
            -0.695835999999999,
            2.390839,
            "H",
            NaN,
            NaN,
            false
        ],
        [
            1.4745320000000002,
            1.7226079999999993,
            1.79803,
            "H",
            NaN,
            NaN,
            false
        ],
        [
            1.474532,
            2.418443,
            -0.592809,
            "H",
            NaN,
            NaN,
            false
        ],
        [
            1.4745319999999997,
            0.6958339999999996,
            -2.390839,
            "H",
            NaN,
            NaN,
            false
        ],
        [
            4.806320000000001,
            0.39084299999999983,
            1.3429099999999998,
            "C",
            NaN,
            NaN,
            false
        ],
        [
            4.806320000000001,
            -0.967571,
            1.0099349999999996,
            "C",
            NaN,
            NaN,
            false
        ],
        [
            4.80632,
            -1.3584140000000002,
            -0.3329740000000001,
            "C",
            NaN,
            NaN,
            false
        ],
        [
            4.80632,
            -0.3908430000000003,
            -1.3429080000000004,
            "C",
            NaN,
            NaN,
            false
        ],
        [
            4.80632,
            0.9675709999999995,
            -1.0099330000000002,
            "C",
            NaN,
            NaN,
            false
        ],
        [
            4.806320000000001,
            1.358414,
            0.33297500000000024,
            "C",
            NaN,
            NaN,
            false
        ],
        [
            4.806320000000001,
            0.6958340000000005,
            2.39084,
            "H",
            NaN,
            NaN,
            false
        ],
        [
            4.806320000000001,
            -1.72261,
            1.798031,
            "H",
            NaN,
            NaN,
            false
        ],
        [
            4.80632,
            -2.4184440000000005,
            -0.5928079999999998,
            "H",
            NaN,
            NaN,
            false
        ],
        [
            4.80632,
            -0.6958350000000006,
            -2.3908370000000003,
            "H",
            NaN,
            NaN,
            false
        ],
        [
            4.80632,
            1.7226089999999996,
            -1.798029,
            "H",
            NaN,
            NaN,
            false
        ],
        [
            4.806320000000001,
            2.418444,
            0.5928089999999999,
            "H",
            NaN,
            NaN,
            false
        ]
    ]
}