{
    "properties": {
        "Z": 2,
        "number_of_atoms_in_molecule": 12,
        "unit_cell_volume": 265.592957,
        "attempted_spg": 75,
        "attempted_wyckoff_position": "2c",
        "site_symmetry_group": "2",
        "spg": 83,
        "lattice_vector_a": [
            3.27009,
            0.0,
            0.0
        ],
        "lattice_vector_b": [
            5.518350937791309e-16,
            9.012151,
            0.0
        ],
        "lattice_vector_c": [
            5.518350937791309e-16,
            5.518350937791309e-16,
            9.012151
        ],
        "cell_vol": 265.5930003629474,
        "a": 3.27009,
        "b": 9.012151,
        "c": 9.012151,
        "alpha": 90.0,
        "beta": 90.0,
        "gamma": 90.0
    },
    "struct_id": "geometry_ac771e4b5c",
    "input_ref": null,
    "geometry": [
        [
            1.3582860000000003,
            -1.3530369999999996,
            4.859943,
            "C",
            NaN,
            NaN,
            false
        ],
        [
            1.3582860000000005,
            -0.3700479999999988,
            5.854905,
            "C",
            NaN,
            NaN,
            false
        ],
        [
            1.3582860000000005,
            0.9830310000000004,
            5.501025,
            "C",
            NaN,
            NaN,
            false
        ],
        [
            1.3582860000000005,
            1.3530380000000015,
            4.152207,
            "C",
            NaN,
            NaN,
            false
        ],
        [
            1.3582860000000003,
            0.37004700000000135,
            3.157246,
            "C",
            NaN,
            NaN,
            false
        ],
        [
            1.3582860000000003,
            -0.9830309999999987,
            3.511125,
            "C",
            NaN,
            NaN,
            false
        ],
        [
            1.3582860000000003,
            -2.408930999999999,
            5.136098,
            "H",
            NaN,
            NaN,
            false
        ],
        [
            1.3582860000000005,
            -0.6589869999999998,
            6.907373,
            "H",
            NaN,
            NaN,
            false
        ],
        [
            1.3582860000000008,
            1.7502460000000006,
            6.277272,
            "H",
            NaN,
            NaN,
            false
        ],
        [
            1.3582860000000005,
            2.408931000000001,
            3.876053,
            "H",
            NaN,
            NaN,
            false
        ],
        [
            1.3582860000000003,
            0.6589869999999998,
            2.104777,
            "H",
            NaN,
            NaN,
            false
        ],
        [
            1.3582860000000003,
            -1.7502459999999997,
            2.734879,
            "H",
            NaN,
            NaN,
            false
        ],
        [
            1.3582860000000003,
            4.152207,
            -1.3530369999999996,
            "C",
            NaN,
            NaN,
            false
        ],
        [
            1.3582860000000003,
            3.157246,
            -0.3700479999999988,
            "C",
            NaN,
            NaN,
            false
        ],
        [
            1.3582860000000005,
            3.511125,
            0.9830310000000004,
            "C",
            NaN,
            NaN,
            false
        ],
        [
            1.3582860000000005,
            4.859943,
            1.3530380000000015,
            "C",
            NaN,
            NaN,
            false
        ],
        [
            1.3582860000000005,
            5.854905,
            0.37004700000000135,
            "C",
            NaN,
            NaN,
            false
        ],
        [
            1.3582860000000005,
            5.501025,
            -0.9830309999999987,
            "C",
            NaN,
            NaN,
            false
        ],
        [
            1.3582860000000003,
            3.876053,
            -2.408930999999999,
            "H",
            NaN,
            NaN,
            false
        ],
        [
            1.3582860000000003,
            2.104777,
            -0.6589869999999998,
            "H",
            NaN,
            NaN,
            false
        ],
        [
            1.3582860000000005,
            2.734879,
            1.7502460000000006,
            "H",
            NaN,
            NaN,
            false
        ],
        [
            1.3582860000000008,
            5.136098,
            2.408931000000001,
            "H",
            NaN,
            NaN,
            false
        ],
        [
            1.3582860000000008,
            6.907373,
            0.6589869999999998,
            "H",
            NaN,
            NaN,
            false
        ],
        [
            1.3582860000000005,
            6.277272,
            -1.7502459999999997,
            "H",
            NaN,
            NaN,
            false
        ]
    ]
}