{
    "properties": {
        "Z": 2,
        "number_of_atoms_in_molecule": 12,
        "unit_cell_volume": 239.68335,
        "attempted_spg": 48,
        "attempted_wyckoff_position": "2a",
        "site_symmetry_group": "222",
        "spg": 71,
        "lattice_vector_a": [
            3.018795,
            0.0,
            0.0
        ],
        "lattice_vector_b": [
            4.3499227746056147e-16,
            7.103963,
            0.0
        ],
        "lattice_vector_c": [
            6.843595735931222e-16,
            6.843595735931222e-16,
            11.17644
        ],
        "cell_vol": 239.68331561523505,
        "a": 3.018795,
        "b": 7.103963,
        "c": 11.17644,
        "alpha": 90.0,
        "beta": 90.0,
        "gamma": 90.0
    },
    "struct_id": "geometry_e70c21bc12",
    "input_ref": null,
    "geometry": [
        [
            -8.563630535035667e-17,
            -8.563630535035667e-17,
            -1.398547,
            "C",
            NaN,
            NaN,
            false
        ],
        [
            -1.169905699548866e-16,
            -1.211306,
            -0.699295,
            "C",
            NaN,
            NaN,
            false
        ],
        [
            -3.135163161391177e-17,
            -1.211306,
            0.699295,
            "C",
            NaN,
            NaN,
            false
        ],
        [
            8.563630535035667e-17,
            8.563630535035667e-17,
            1.398547,
            "C",
            NaN,
            NaN,
            false
        ],
        [
            1.169905699548866e-16,
            1.211306,
            0.699295,
            "C",
            NaN,
            NaN,
            false
        ],
        [
            3.135163161391177e-17,
            1.211306,
            -0.699295,
            "C",
            NaN,
            NaN,
            false
        ],
        [
            -1.524657710385474e-16,
            -1.524657710385474e-16,
            -2.489955,
            "H",
            NaN,
            NaN,
            false
        ],
        [
            -2.0828504967900385e-16,
            -2.156419,
            -1.245134,
            "H",
            NaN,
            NaN,
            false
        ],
        [
            -5.58001129180498e-17,
            -2.156419,
            1.245134,
            "H",
            NaN,
            NaN,
            false
        ],
        [
            1.524657710385474e-16,
            1.524657710385474e-16,
            2.489955,
            "H",
            NaN,
            NaN,
            false
        ],
        [
            2.0828504967900385e-16,
            2.156419,
            1.245134,
            "H",
            NaN,
            NaN,
            false
        ],
        [
            5.58001129180498e-17,
            2.156419,
            -1.245134,
            "H",
            NaN,
            NaN,
            false
        ],
        [
            1.5093980000000007,
            3.5519810000000005,
            6.986768,
            "C",
            NaN,
            NaN,
            false
        ],
        [
            1.5093980000000007,
            4.763288,
            6.287516,
            "C",
            NaN,
            NaN,
            false
        ],
        [
            1.5093980000000007,
            4.763288,
            4.888926,
            "C",
            NaN,
            NaN,
            false
        ],
        [
            1.5093980000000005,
            3.5519810000000005,
            4.189673,
            "C",
            NaN,
            NaN,
            false
        ],
        [
            1.5093980000000005,
            2.3406750000000005,
            4.888926,
            "C",
            NaN,
            NaN,
            false
        ],
        [
            1.5093980000000005,
            2.3406750000000005,
            6.287516,
            "C",
            NaN,
            NaN,
            false
        ],
        [
            1.5093980000000007,
            3.5519810000000005,
            8.078176,
            "H",
            NaN,
            NaN,
            false
        ],
        [
            1.5093980000000007,
            5.7084,
            6.833355,
            "H",
            NaN,
            NaN,
            false
        ],
        [
            1.5093980000000007,
            5.7084,
            4.343087,
            "H",
            NaN,
            NaN,
            false
        ],
        [
            1.5093980000000005,
            3.551981,
            3.098265,
            "H",
            NaN,
            NaN,
            false
        ],
        [
            1.5093980000000005,
            1.3955630000000003,
            4.343088,
            "H",
            NaN,
            NaN,
            false
        ],
        [
            1.5093980000000005,
            1.3955630000000006,
            6.833355,
            "H",
            NaN,
            NaN,
            false
        ]
    ]
}