{
    "properties": {
        "Z": 2,
        "number_of_atoms_in_molecule": 12,
        "unit_cell_volume": 217.480286,
        "attempted_spg": 186,
        "attempted_wyckoff_position": "2b",
        "site_symmetry_group": "3m",
        "spg": 194,
        "lattice_vector_a": [
            5.08395,
            0.0,
            0.0
        ],
        "lattice_vector_b": [
            4.303530092236915e-16,
            7.028198,
            0.0
        ],
        "lattice_vector_c": [
            4.3035300864954994e-16,
            -3.5140990000000007,
            6.086597999999999
        ],
        "cell_vol": 217.4802770960194,
        "a": 5.08395,
        "b": 7.028198,
        "c": 7.028197990623557,
        "alpha": 120.00000004413228,
        "beta": 90.0,
        "gamma": 90.0
    },
    "struct_id": "geometry_ae353acd7f",
    "input_ref": null,
    "geometry": [
        [
            3.2353430000000003,
            -1.3986280000000006,
            4.057731999999999,
            "C",
            NaN,
            NaN,
            false
        ],
        [
            3.2353430000000003,
            -0.6993140000000009,
            5.268979999999999,
            "C",
            NaN,
            NaN,
            false
        ],
        [
            3.2353430000000003,
            0.6993139999999991,
            5.268979999999999,
            "C",
            NaN,
            NaN,
            false
        ],
        [
            3.2353430000000003,
            1.3986279999999993,
            4.057731999999999,
            "C",
            NaN,
            NaN,
            false
        ],
        [
            3.2353430000000003,
            0.6993139999999995,
            2.8464839999999993,
            "C",
            NaN,
            NaN,
            false
        ],
        [
            3.2353430000000003,
            -0.6993140000000004,
            2.8464849999999995,
            "C",
            NaN,
            NaN,
            false
        ],
        [
            3.2353430000000003,
            -2.490039000000001,
            4.057732999999999,
            "H",
            NaN,
            NaN,
            false
        ],
        [
            3.2353430000000003,
            -1.2450190000000012,
            6.214168999999998,
            "H",
            NaN,
            NaN,
            false
        ],
        [
            3.2353430000000007,
            1.2450179999999988,
            6.214168999999998,
            "H",
            NaN,
            NaN,
            false
        ],
        [
            3.2353430000000003,
            2.4900379999999993,
            4.057732999999999,
            "H",
            NaN,
            NaN,
            false
        ],
        [
            3.2353430000000003,
            1.2450189999999999,
            1.9012949999999995,
            "H",
            NaN,
            NaN,
            false
        ],
        [
            3.235343,
            -1.2450200000000002,
            1.9012949999999995,
            "H",
            NaN,
            NaN,
            false
        ],
        [
            0.6933670000000002,
            2.814785,
            0.8176179999999997,
            "C",
            NaN,
            NaN,
            false
        ],
        [
            0.6933670000000003,
            2.1154699999999997,
            2.0288659999999994,
            "C",
            NaN,
            NaN,
            false
        ],
        [
            0.6933670000000005,
            2.8147849999999996,
            3.2401139999999993,
            "C",
            NaN,
            NaN,
            false
        ],
        [
            0.6933670000000005,
            4.213412999999999,
            3.2401139999999993,
            "C",
            NaN,
            NaN,
            false
        ],
        [
            0.6933670000000005,
            4.912727,
            2.0288659999999994,
            "C",
            NaN,
            NaN,
            false
        ],
        [
            0.6933670000000003,
            4.213413,
            0.8176179999999997,
            "C",
            NaN,
            NaN,
            false
        ],
        [
            0.6933670000000001,
            2.26908,
            -0.12757099999999996,
            "H",
            NaN,
            NaN,
            false
        ],
        [
            0.6933670000000003,
            1.0240599999999995,
            2.0288659999999994,
            "H",
            NaN,
            NaN,
            false
        ],
        [
            0.6933670000000005,
            2.269078999999999,
            4.185302999999999,
            "H",
            NaN,
            NaN,
            false
        ],
        [
            0.6933670000000007,
            4.759118999999999,
            4.185302999999999,
            "H",
            NaN,
            NaN,
            false
        ],
        [
            0.6933670000000005,
            6.004138,
            2.0288659999999994,
            "H",
            NaN,
            NaN,
            false
        ],
        [
            0.6933670000000003,
            4.759119,
            -0.12757099999999996,
            "H",
            NaN,
            NaN,
            false
        ]
    ]
}