{
    "properties": {
        "Z": 2,
        "number_of_atoms_in_molecule": 12,
        "unit_cell_volume": 258.503784,
        "attempted_spg": 16,
        "attempted_wyckoff_position": "2n",
        "site_symmetry_group": "2",
        "spg": 16,
        "lattice_vector_a": [
            2.904825,
            0.0,
            0.0
        ],
        "lattice_vector_b": [
            4.2566916384333253e-16,
            6.951705,
            0.0
        ],
        "lattice_vector_c": [
            7.838563701838888e-16,
            7.838563701838888e-16,
            12.801346
        ],
        "cell_vol": 258.5038073335973,
        "a": 2.904825,
        "b": 6.951705,
        "c": 12.801346,
        "alpha": 90.0,
        "beta": 90.0,
        "gamma": 90.0
    },
    "struct_id": "geometry_8724258a20",
    "input_ref": null,
    "geometry": [
        [
            1.6271710000000006,
            0.6771350000000016,
            10.872836,
            "C",
            NaN,
            NaN,
            false
        ],
        [
            1.2776540000000007,
            -0.6771369999999983,
            10.872836,
            "C",
            NaN,
            NaN,
            false
        ],
        [
            1.1028900000000004,
            -1.3542929999999984,
            9.661616,
            "C",
            NaN,
            NaN,
            false
        ],
        [
            1.2776540000000005,
            -0.6771369999999983,
            8.450397,
            "C",
            NaN,
            NaN,
            false
        ],
        [
            1.6271710000000004,
            0.6771350000000016,
            8.450397,
            "C",
            NaN,
            NaN,
            false
        ],
        [
            1.8019350000000007,
            1.354293000000001,
            9.661616,
            "C",
            NaN,
            NaN,
            false
        ],
        [
            1.763524000000001,
            1.2054619999999998,
            11.818062,
            "H",
            NaN,
            NaN,
            false
        ],
        [
            1.1413000000000006,
            -1.205462999999999,
            11.818062,
            "H",
            NaN,
            NaN,
            false
        ],
        [
            0.8301500000000005,
            -2.411076999999999,
            9.661616,
            "H",
            NaN,
            NaN,
            false
        ],
        [
            1.1413000000000004,
            -1.205462999999999,
            7.50517,
            "H",
            NaN,
            NaN,
            false
        ],
        [
            1.7635250000000005,
            1.2054619999999998,
            7.50517,
            "H",
            NaN,
            NaN,
            false
        ],
        [
            2.074676000000001,
            2.4110769999999997,
            9.661616,
            "H",
            NaN,
            NaN,
            false
        ],
        [
            1.627171,
            -0.6771359999999998,
            1.928511,
            "C",
            NaN,
            NaN,
            false
        ],
        [
            1.2776540000000003,
            0.6771360000000001,
            1.928511,
            "C",
            NaN,
            NaN,
            false
        ],
        [
            1.1028900000000001,
            1.3542930000000002,
            3.139729,
            "C",
            NaN,
            NaN,
            false
        ],
        [
            1.2776540000000003,
            0.6771360000000002,
            4.350948,
            "C",
            NaN,
            NaN,
            false
        ],
        [
            1.6271710000000001,
            -0.6771359999999997,
            4.350948,
            "C",
            NaN,
            NaN,
            false
        ],
        [
            1.801935,
            -1.3542919999999998,
            3.139729,
            "C",
            NaN,
            NaN,
            false
        ],
        [
            1.763524,
            -1.205462,
            0.983283,
            "H",
            NaN,
            NaN,
            false
        ],
        [
            1.1413000000000002,
            1.205463,
            0.983283,
            "H",
            NaN,
            NaN,
            false
        ],
        [
            0.8301500000000004,
            2.411077,
            3.13973,
            "H",
            NaN,
            NaN,
            false
        ],
        [
            1.1413000000000004,
            1.2054620000000003,
            5.296176,
            "H",
            NaN,
            NaN,
            false
        ],
        [
            1.7635250000000002,
            -1.2054619999999998,
            5.296176,
            "H",
            NaN,
            NaN,
            false
        ],
        [
            2.074676,
            -2.411076,
            3.13973,
            "H",
            NaN,
            NaN,
            false
        ]
    ]
}