{
    "properties": {
        "Z": 2,
        "number_of_atoms_in_molecule": 12,
        "unit_cell_volume": 233.196976,
        "attempted_spg": 191,
        "attempted_wyckoff_position": "2e",
        "site_symmetry_group": "6mm",
        "spg": 191,
        "lattice_vector_a": [
            6.021559999999999,
            0.0,
            0.0
        ],
        "lattice_vector_b": [
            4.0947039323697077e-16,
            6.687158999999999,
            0.0
        ],
        "lattice_vector_c": [
            4.09470378151849e-16,
            -3.343579999999999,
            5.791249
        ],
        "cell_vol": 233.19697141145755,
        "a": 6.02156,
        "b": 6.687159,
        "c": 6.687158753641265,
        "alpha": 120.00000616543107,
        "beta": 90.0,
        "gamma": 90.0
    },
    "struct_id": "geometry_d4066f6ff2",
    "input_ref": null,
    "geometry": [
        [
            1.4827579999999996,
            -1.2112470000000006,
            -0.6993130000000001,
            "C",
            NaN,
            NaN,
            false
        ],
        [
            1.4827579999999998,
            -1.2112469999999997,
            0.6993150000000004,
            "C",
            NaN,
            NaN,
            false
        ],
        [
            1.4827579999999998,
            -9.999999996956888e-07,
            1.3986290000000006,
            "C",
            NaN,
            NaN,
            false
        ],
        [
            1.4827579999999998,
            1.2112479999999999,
            0.6993150000000004,
            "C",
            NaN,
            NaN,
            false
        ],
        [
            1.4827579999999998,
            1.2112489999999991,
            -0.6993130000000001,
            "C",
            NaN,
            NaN,
            false
        ],
        [
            1.4827579999999996,
            0.0,
            -1.3986269999999994,
            "C",
            NaN,
            NaN,
            false
        ],
        [
            1.4827579999999994,
            -2.156436,
            -1.245018,
            "H",
            NaN,
            NaN,
            false
        ],
        [
            1.4827579999999998,
            -2.156436999999999,
            1.2450200000000002,
            "H",
            NaN,
            NaN,
            false
        ],
        [
            1.482758,
            -9.999999996956888e-07,
            2.490038000000001,
            "H",
            NaN,
            NaN,
            false
        ],
        [
            1.482758,
            2.156436,
            1.2450200000000002,
            "H",
            NaN,
            NaN,
            false
        ],
        [
            1.4827579999999998,
            2.156436,
            -1.2450189999999992,
            "H",
            NaN,
            NaN,
            false
        ],
        [
            1.4827579999999994,
            -4.440892098500626e-16,
            -2.4900369999999996,
            "H",
            NaN,
            NaN,
            false
        ],
        [
            4.538800999999999,
            1.211247,
            0.699314,
            "C",
            NaN,
            NaN,
            false
        ],
        [
            4.538800999999999,
            1.2112479999999997,
            -0.699314,
            "C",
            NaN,
            NaN,
            false
        ],
        [
            4.538800999999999,
            -2.427934689271534e-16,
            -1.398628,
            "C",
            NaN,
            NaN,
            false
        ],
        [
            4.538800999999999,
            -1.211248,
            -0.699314,
            "C",
            NaN,
            NaN,
            false
        ],
        [
            4.538800999999999,
            -1.2112469999999995,
            0.699314,
            "C",
            NaN,
            NaN,
            false
        ],
        [
            4.538800999999999,
            2.427934689271534e-16,
            1.398628,
            "C",
            NaN,
            NaN,
            false
        ],
        [
            4.538800999999999,
            2.1564369999999995,
            1.245019,
            "H",
            NaN,
            NaN,
            false
        ],
        [
            4.538800999999999,
            2.1564359999999994,
            -1.245019,
            "H",
            NaN,
            NaN,
            false
        ],
        [
            4.538800999999999,
            -4.3225572759906947e-16,
            -2.490038,
            "H",
            NaN,
            NaN,
            false
        ],
        [
            4.538800999999999,
            -2.1564359999999994,
            -1.245019,
            "H",
            NaN,
            NaN,
            false
        ],
        [
            4.538800999999999,
            -2.1564359999999994,
            1.245019,
            "H",
            NaN,
            NaN,
            false
        ],
        [
            4.538800999999999,
            4.3225572759906947e-16,
            2.490038,
            "H",
            NaN,
            NaN,
            false
        ]
    ]
}