{
    "properties": {
        "lattice_vector_a": [
            7.141717,
            0.0,
            0.0
        ],
        "lattice_vector_b": [
            0.0,
            13.375617,
            0.0
        ],
        "lattice_vector_c": [
            4.489444,
            0.0,
            2.596537
        ],
        "unit_cell_volume": 248.0338627880495,
        "cell_vol": 248.0338627880495,
        "spg": 7,
        "molecule_harris_info": [
            [
                0,
                0,
                0,
                5.467871009035313,
                10.172733526280586,
                1.3903786534879434,
                false
            ],
            [
                -143.39101314610647,
                -48.673938371854064,
                23.034954085537866,
                3.2231493871262735,
                3.2028800933919057,
                0.09211020579839006,
                false
            ]
        ],
        "harris_energy": -17199.015621081
    },
    "struct_id": "target1_2mpc_a0a351f4be",
    "input_ref": null,
    "geometry": [
        [
            6.2296037673950195,
            11.799532890319824,
            0.9668970108032227,
            "O",
            NaN,
            NaN,
            false
        ],
        [
            5.373227119445801,
            11.075162887573242,
            0.15756399929523468,
            "C",
            NaN,
            NaN,
            false
        ],
        [
            5.15424919128418,
            11.534296989440918,
            -0.7979689836502075,
            "H",
            NaN,
            NaN,
            false
        ],
        [
            5.032046794891357,
            9.938460350036621,
            0.8196380138397217,
            "C",
            NaN,
            NaN,
            false
        ],
        [
            4.365562915802002,
            8.5986909866333,
            1.0959479808807373,
            "C",
            NaN,
            NaN,
            false
        ],
        [
            4.66632604598999,
            7.776774883270264,
            0.4335069954395294,
            "H",
            NaN,
            NaN,
            false
        ],
        [
            3.269665002822876,
            8.619343757629395,
            1.154634952545166,
            "H",
            NaN,
            NaN,
            false
        ],
        [
            5.103510856628418,
            8.618639945983887,
            2.500204086303711,
            "C",
            NaN,
            NaN,
            false
        ],
        [
            5.827809810638428,
            7.807147026062012,
            2.648087978363037,
            "H",
            NaN,
            NaN,
            false
        ],
        [
            4.43261194229126,
            8.65364933013916,
            3.3682520389556885,
            "H",
            NaN,
            NaN,
            false
        ],
        [
            5.694623947143555,
            9.955717086791992,
            2.0775420665740967,
            "C",
            NaN,
            NaN,
            false
        ],
        [
            6.420669078826904,
            11.102469444274902,
            2.145937919616699,
            "C",
            NaN,
            NaN,
            false
        ],
        [
            7.079783916473389,
            11.583694458007812,
            2.8571391105651855,
            "H",
            NaN,
            NaN,
            false
        ],
        [
            3.984882116317749,
            1.576084017753601,
            -0.3313719928264618,
            "O",
            NaN,
            NaN,
            false
        ],
        [
            3.128504991531372,
            2.300455093383789,
            -1.1407049894332886,
            "C",
            NaN,
            NaN,
            false
        ],
        [
            2.909527063369751,
            1.8413209915161133,
            -2.096237897872925,
            "H",
            NaN,
            NaN,
            false
        ],
        [
            2.7873260974884033,
            3.437156915664673,
            -0.478630006313324,
            "C",
            NaN,
            NaN,
            false
        ],
        [
            2.1208410263061523,
            4.776926040649414,
            -0.20231999456882477,
            "C",
            NaN,
            NaN,
            false
        ],
        [
            2.4216039180755615,
            5.598842144012451,
            -0.8647609949111938,
            "H",
            NaN,
            NaN,
            false
        ],
        [
            1.0249429941177368,
            4.756274223327637,
            -0.14363299310207367,
            "H",
            NaN,
            NaN,
            false
        ],
        [
            2.8587889671325684,
            4.756977081298828,
            1.201935052871704,
            "C",
            NaN,
            NaN,
            false
        ],
        [
            3.583087921142578,
            5.568470001220703,
            1.3498200178146362,
            "H",
            NaN,
            NaN,
            false
        ],
        [
            2.1878890991210938,
            4.7219672203063965,
            2.069983959197998,
            "H",
            NaN,
            NaN,
            false
        ],
        [
            3.4499030113220215,
            3.4198999404907227,
            0.7792739868164062,
            "C",
            NaN,
            NaN,
            false
        ],
        [
            4.175947189331055,
            2.2731480598449707,
            0.8476700186729431,
            "C",
            NaN,
            NaN,
            false
        ],
        [
            4.835062026977539,
            1.7919219732284546,
            1.5588699579238892,
            "H",
            NaN,
            NaN,
            false
        ]
    ]
}