{
    "properties": {
        "lattice_vector_a": [
            4.059736,
            0.0,
            0.0
        ],
        "lattice_vector_b": [
            0.0,
            11.949329,
            0.0
        ],
        "lattice_vector_c": [
            -2.319039,
            0.0,
            3.592705
        ],
        "unit_cell_volume": 174.28614739316887,
        "cell_vol": 174.28614739316887,
        "spg": 6,
        "molecule_harris_info": [
            [
                174.6545690919861,
                -23.246407166515624,
                172.66331289639305,
                0.6358343001375807,
                3.3641946670856884,
                3.301041326426128,
                false
            ],
            [
                -146.288671090175,
                -68.88500846094205,
                42.94172764147259,
                0.6358343001375807,
                8.585130824687633,
                3.301041326426128,
                false
            ]
        ],
        "harris_energy": -17437.539072026
    },
    "struct_id": "target1_2mpc_45dd2c5406",
    "input_ref": null,
    "geometry": [
        [
            1.315451979637146,
            4.867033958435059,
            2.473006010055542,
            "O",
            NaN,
            NaN,
            false
        ],
        [
            0.11121799796819687,
            4.256278991699219,
            2.173151969909668,
            "C",
            NaN,
            NaN,
            false
        ],
        [
            -0.45291799306869507,
            4.729459762573242,
            1.379647970199585,
            "H",
            NaN,
            NaN,
            false
        ],
        [
            -0.031668998301029205,
            3.184580087661743,
            2.996490001678467,
            "C",
            NaN,
            NaN,
            false
        ],
        [
            -0.6582630276679993,
            1.9513599872589111,
            3.6305859088897705,
            "C",
            NaN,
            NaN,
            false
        ],
        [
            -0.7801409959793091,
            1.088291049003601,
            2.963434934616089,
            "H",
            NaN,
            NaN,
            false
        ],
        [
            -1.6041309833526611,
            2.1216299533843994,
            4.160873889923096,
            "H",
            NaN,
            NaN,
            false
        ],
        [
            0.6218500137329102,
            1.8875329494476318,
            4.565537929534912,
            "C",
            NaN,
            NaN,
            false
        ],
        [
            1.2364909648895264,
            0.9868659973144531,
            4.438983917236328,
            "H",
            NaN,
            NaN,
            false
        ],
        [
            0.41383498907089233,
            2.0238940715789795,
            5.634638786315918,
            "H",
            NaN,
            NaN,
            false
        ],
        [
            1.1163259744644165,
            3.126589059829712,
            3.8333730697631836,
            "C",
            NaN,
            NaN,
            false
        ],
        [
            1.925953984260559,
            4.164626121520996,
            3.4959700107574463,
            "C",
            NaN,
            NaN,
            false
        ],
        [
            2.8829851150512695,
            4.560177803039551,
            3.811321973800659,
            "H",
            NaN,
            NaN,
            false
        ],
        [
            1.315451979637146,
            7.082294940948486,
            2.473006010055542,
            "O",
            NaN,
            NaN,
            false
        ],
        [
            0.11121799796819687,
            7.693049907684326,
            2.173151969909668,
            "C",
            NaN,
            NaN,
            false
        ],
        [
            -0.45291799306869507,
            7.219869136810303,
            1.379647970199585,
            "H",
            NaN,
            NaN,
            false
        ],
        [
            -0.031668998301029205,
            8.764749526977539,
            2.996490001678467,
            "C",
            NaN,
            NaN,
            false
        ],
        [
            -0.6582630276679993,
            9.997969627380371,
            3.6305859088897705,
            "C",
            NaN,
            NaN,
            false
        ],
        [
            -0.7801409959793091,
            10.861038208007812,
            2.963434934616089,
            "H",
            NaN,
            NaN,
            false
        ],
        [
            -1.6041309833526611,
            9.827698707580566,
            4.160873889923096,
            "H",
            NaN,
            NaN,
            false
        ],
        [
            0.6218500137329102,
            10.061796188354492,
            4.565537929534912,
            "C",
            NaN,
            NaN,
            false
        ],
        [
            1.2364909648895264,
            10.96246337890625,
            4.438983917236328,
            "H",
            NaN,
            NaN,
            false
        ],
        [
            0.41383498907089233,
            9.925436019897461,
            5.634638786315918,
            "H",
            NaN,
            NaN,
            false
        ],
        [
            1.1163259744644165,
            8.822739601135254,
            3.8333730697631836,
            "C",
            NaN,
            NaN,
            false
        ],
        [
            1.925953984260559,
            7.784702777862549,
            3.4959700107574463,
            "C",
            NaN,
            NaN,
            false
        ],
        [
            2.8829851150512695,
            7.389151096343994,
            3.811321973800659,
            "H",
            NaN,
            NaN,
            false
        ]
    ]
}