{
    "properties": {
        "lattice_vector_a": [
            15.132017,
            0.0,
            0.0
        ],
        "lattice_vector_b": [
            0.0,
            4.978003,
            0.0
        ],
        "lattice_vector_c": [
            2.443823,
            0.0,
            3.3816
        ],
        "unit_cell_volume": 254.7265475161676,
        "cell_vol": 254.7265475161676,
        "spg": 3,
        "molecule_harris_info": [
            [
                -172.74939357995785,
                -89.2777764616163,
                160.18929464675023,
                6.505459729661332,
                3.869356618282643,
                2.954184538308293,
                false
            ],
            [
                -7.251026526162136,
                -90.72582592658651,
                -19.810391603642334,
                11.070381357314739,
                3.869356618282643,
                0.4274065535357024,
                false
            ]
        ],
        "harris_energy": -16717.587284867
    },
    "struct_id": "target1_2mpc_29d2fe462c",
    "input_ref": null,
    "geometry": [
        [
            5.80532693862915,
            5.136836051940918,
            1.8099119663238525,
            "O",
            NaN,
            NaN,
            false
        ],
        [
            5.134923934936523,
            4.545301914215088,
            2.8652610778808594,
            "C",
            NaN,
            NaN,
            false
        ],
        [
            4.114504814147949,
            4.880451202392578,
            3.0002379417419434,
            "H",
            NaN,
            NaN,
            false
        ],
        [
            5.984519958496094,
            3.669287919998169,
            3.4632771015167236,
            "C",
            NaN,
            NaN,
            false
        ],
        [
            6.489809989929199,
            2.6238999366760254,
            4.446829795837402,
            "C",
            NaN,
            NaN,
            false
        ],
        [
            5.9795989990234375,
            1.6528730392456055,
            4.406557083129883,
            "H",
            NaN,
            NaN,
            false
        ],
        [
            6.54534387588501,
            2.9482460021972656,
            5.494006156921387,
            "H",
            NaN,
            NaN,
            false
        ],
        [
            7.868434906005859,
            2.6783111095428467,
            3.6636769771575928,
            "C",
            NaN,
            NaN,
            false
        ],
        [
            8.153951644897461,
            1.7382659912109375,
            3.173985004425049,
            "H",
            NaN,
            NaN,
            false
        ],
        [
            8.718062400817871,
            3.036818027496338,
            4.259028911590576,
            "H",
            NaN,
            NaN,
            false
        ],
        [
            7.219570159912109,
            3.7170329093933105,
            2.760425090789795,
            "C",
            NaN,
            NaN,
            false
        ],
        [
            7.087166786193848,
            4.6207709312438965,
            1.7541530132293701,
            "C",
            NaN,
            NaN,
            false
        ],
        [
            7.703332901000977,
            5.018404006958008,
            0.9578830003738403,
            "H",
            NaN,
            NaN,
            false
        ],
        [
            11.770511627197266,
            5.136836051940918,
            1.5716880559921265,
            "O",
            NaN,
            NaN,
            false
        ],
        [
            12.440916061401367,
            4.545301914215088,
            0.5163390040397644,
            "C",
            NaN,
            NaN,
            false
        ],
        [
            13.461334228515625,
            4.880451202392578,
            0.3813619911670685,
            "H",
            NaN,
            NaN,
            false
        ],
        [
            11.59131908416748,
            3.669287919998169,
            -0.08167699724435806,
            "C",
            NaN,
            NaN,
            false
        ],
        [
            11.086029052734375,
            2.6238999366760254,
            -1.0652300119400024,
            "C",
            NaN,
            NaN,
            false
        ],
        [
            11.596240997314453,
            1.6528730392456055,
            -1.0249559879302979,
            "H",
            NaN,
            NaN,
            false
        ],
        [
            11.030495643615723,
            2.9482460021972656,
            -2.112406015396118,
            "H",
            NaN,
            NaN,
            false
        ],
        [
            9.707404136657715,
            2.6783111095428467,
            -0.28207701444625854,
            "C",
            NaN,
            NaN,
            false
        ],
        [
            9.42188835144043,
            1.7382659912109375,
            0.20761500298976898,
            "H",
            NaN,
            NaN,
            false
        ],
        [
            8.857778549194336,
            3.036818027496338,
            -0.8774290084838867,
            "H",
            NaN,
            NaN,
            false
        ],
        [
            10.356269836425781,
            3.7170329093933105,
            0.6211749911308289,
            "C",
            NaN,
            NaN,
            false
        ],
        [
            10.488673210144043,
            4.6207709312438965,
            1.6274470090866089,
            "C",
            NaN,
            NaN,
            false
        ],
        [
            9.872507095336914,
            5.018404006958008,
            2.4237170219421387,
            "H",
            NaN,
            NaN,
            false
        ]
    ]
}