{
    "properties": {
        "Z": 2,
        "number_of_atoms_in_molecule": 12,
        "unit_cell_volume": 230.739166,
        "attempted_spg": 175,
        "attempted_wyckoff_position": "2e",
        "site_symmetry_group": "6",
        "spg": 175,
        "lattice_vector_a": [
            5.972633,
            0.0,
            0.0
        ],
        "lattice_vector_b": [
            4.0897171706035796e-16,
            6.679015,
            0.0
        ],
        "lattice_vector_c": [
            4.0897169724975967e-16,
            -3.3395080000000013,
            5.784196
        ],
        "cell_vol": 230.7391291091847,
        "a": 5.972633,
        "b": 6.679015,
        "c": 6.679014676468379,
        "alpha": 120.00000655516978,
        "beta": 90.0,
        "gamma": 90.0,
        "RSF": [
            1.7010269165039062,
            3.3941450119018555,
            5.530551910400391,
            7.384545803070068,
            8.857345581054688,
            11.243926048278809,
            14.52308177947998,
            16.286714553833008,
            15.224894523620605,
            12.452183723449707,
            9.125831604003906,
            5.749156475067139,
            1.3060513734817505,
            2.806342363357544,
            5.48982572555542,
            8.908143043518066,
            11.601576805114746,
            13.124923706054688,
            14.214383125305176,
            14.562067985534668,
            13.43903636932373,
            11.392653465270996,
            8.959723472595215,
            6.20079231262207,
            1.3060513734817505,
            2.8063418865203857,
            5.489826202392578,
            8.908143043518066,
            11.601574897766113,
            13.124923706054688,
            14.214383125305176,
            14.562067985534668,
            13.43903636932373,
            11.392653465270996,
            8.959723472595215,
            6.2007927894592285,
            0.9896118640899658,
            2.835688591003418,
            5.542354106903076,
            8.377934455871582,
            10.746705055236816,
            12.60381031036377,
            14.247334480285645,
            15.093653678894043,
            14.063713073730469,
            11.651766777038574,
            9.013246536254883,
            6.109661102294922
        ]
    },
    "struct_id": "geometry_3fab52d5f4",
    "input_ref": null,
    "geometry": [
        [
            1.5056920051574707,
            1.278540015220642,
            0.5670080184936523,
            "C",
            NaN,
            NaN,
            false
        ],
        [
            1.5056920051574707,
            1.1303130388259888,
            -0.8237429857254028,
            "C",
            NaN,
            NaN,
            false
        ],
        [
            1.5056920051574707,
            -0.14822599291801453,
            -1.3907510042190552,
            "C",
            NaN,
            NaN,
            false
        ],
        [
            1.5056920051574707,
            -1.278540015220642,
            -0.5670080184936523,
            "C",
            NaN,
            NaN,
            false
        ],
        [
            1.5056920051574707,
            -1.1303130388259888,
            0.823743999004364,
            "C",
            NaN,
            NaN,
            false
        ],
        [
            1.5056920051574707,
            0.14822599291801453,
            1.3907519578933716,
            "C",
            NaN,
            NaN,
            false
        ],
        [
            1.5056920051574707,
            2.2762389183044434,
            1.0094690322875977,
            "H",
            NaN,
            NaN,
            false
        ],
        [
            1.5056920051574707,
            2.0123450756073,
            -1.4665460586547852,
            "H",
            NaN,
            NaN,
            false
        ],
        [
            1.5056920051574707,
            -0.2638939917087555,
            -2.476015090942383,
            "H",
            NaN,
            NaN,
            false
        ],
        [
            1.5056920051574707,
            -2.276240110397339,
            -1.0094679594039917,
            "H",
            NaN,
            NaN,
            false
        ],
        [
            1.5056920051574707,
            -2.0123450756073,
            1.4665470123291016,
            "H",
            NaN,
            NaN,
            false
        ],
        [
            1.5056920051574707,
            0.2638939917087555,
            2.476015090942383,
            "H",
            NaN,
            NaN,
            false
        ],
        [
            4.466940879821777,
            -1.2785389423370361,
            -0.5670080184936523,
            "C",
            NaN,
            NaN,
            false
        ],
        [
            4.466940879821777,
            -1.1303130388259888,
            0.8237450122833252,
            "C",
            NaN,
            NaN,
            false
        ],
        [
            4.466940879821777,
            0.1482270061969757,
            1.3907519578933716,
            "C",
            NaN,
            NaN,
            false
        ],
        [
            4.466940879821777,
            1.278540015220642,
            0.5670080184936523,
            "C",
            NaN,
            NaN,
            false
        ],
        [
            4.466940879821777,
            1.1303139925003052,
            -0.8237429857254028,
            "C",
            NaN,
            NaN,
            false
        ],
        [
            4.466940879821777,
            -0.14822599291801453,
            -1.3907510042190552,
            "C",
            NaN,
            NaN,
            false
        ],
        [
            4.466940879821777,
            -2.2762389183044434,
            -1.0094690322875977,
            "H",
            NaN,
            NaN,
            false
        ],
        [
            4.466940879821777,
            -2.0123450756073,
            1.466547966003418,
            "H",
            NaN,
            NaN,
            false
        ],
        [
            4.466940879821777,
            0.2638950049877167,
            2.476016044616699,
            "H",
            NaN,
            NaN,
            false
        ],
        [
            4.466940879821777,
            2.2762410640716553,
            1.0094690322875977,
            "H",
            NaN,
            NaN,
            false
        ],
        [
            4.466940879821777,
            2.012346029281616,
            -1.4665460586547852,
            "H",
            NaN,
            NaN,
            false
        ],
        [
            4.466940879821777,
            -0.2638939917087555,
            -2.476015090942383,
            "H",
            NaN,
            NaN,
            false
        ]
    ]
}