{
    "properties": {
        "lattice_vector_a": [
            18.06304,
            0.0,
            0.0
        ],
        "lattice_vector_b": [
            0.0,
            2.8424,
            0.0
        ],
        "lattice_vector_c": [
            -3.528664,
            0.0,
            3.505335
        ],
        "unit_cell_volume": 179.97225875942033,
        "cell_vol": 179.97225875942033,
        "spg": 3,
        "molecule_harris_info": [
            [
                -55.34004775109574,
                -90.08682642211348,
                -62.111817918539614,
                11.418566419723186,
                0.8851876524376108,
                2.545122721093766,
                false
            ],
            [
                -124.6599955317359,
                -89.91347914315902,
                117.88819851640241,
                3.1158106174874813,
                0.8851876524376108,
                0.9602033692075217,
                false
            ]
        ],
        "harris_energy": -16698.827894284,
        "rcd": [
            [
                [
                    0.024702807892154732,
                    0.9389072352283889,
                    -2.682737487421755
                ],
                [
                    0.9999999403953552,
                    0.9999999403953552,
                    1.0000001192092896
                ]
            ],
            [
                [
                    -0.024702808341283616,
                    -0.9389072522989326,
                    2.68273753619738
                ],
                [
                    0.9999999403953552,
                    0.9999998807907104,
                    1.0
                ]
            ],
            [
                [
                    -3.521238244517312,
                    3.3255833269147717,
                    1.1314672949955291
                ],
                [
                    0.9999999403953552,
                    1.0,
                    0.9999999403953552
                ]
            ],
            [
                [
                    3.5212382508201316,
                    -3.3255835818679507,
                    -1.1314673841662652
                ],
                [
                    0.9999999403953552,
                    1.0,
                    0.9999999403953552
                ]
            ],
            [
                [
                    0.04940561595307722,
                    1.8778144768713227,
                    -5.365474993171774
                ],
                [
                    0.9999999403953552,
                    0.9999999403953552,
                    1.0
                ]
            ],
            [
                [
                    -0.049405615182945166,
                    -1.877814447600053,
                    5.365474909535042
                ],
                [
                    0.9999999403953552,
                    0.9999998807907104,
                    1.0
                ]
            ],
            [
                [
                    -3.4965354366251575,
                    4.264490562143161,
                    -1.5512701924262258
                ],
                [
                    0.9999999403953552,
                    1.0,
                    1.0
                ]
            ],
            [
                [
                    3.545941058712286,
                    -2.3866763466395615,
                    -3.81420487158802
                ],
                [
                    0.9999999403953552,
                    1.0,
                    1.0
                ]
            ],
            [
                [
                    -3.5459410528585957,
                    2.386676074615839,
                    3.814204831192909
                ],
                [
                    0.9999999403953552,
                    1.0,
                    0.9999999403953552
                ]
            ],
            [
                [
                    3.496535442478848,
                    -4.2644908341668835,
                    1.551270152031115
                ],
                [
                    0.9999999403953552,
                    1.0,
                    0.9999999403953552
                ]
            ],
            [
                [
                    5.413178073453961,
                    2.55898185697307,
                    0.9454398850138482
                ],
                [
                    -0.9998489022254944,
                    -0.7817748188972473,
                    0.7816237211227417
                ]
            ],
            [
                [
                    1.8919398221659582,
                    5.884565535797801,
                    2.076907303108838
                ],
                [
                    -0.9998489022254944,
                    -0.7817748188972473,
                    0.7816237211227417
                ]
            ],
            [
                [
                    5.437880881346116,
                    3.497889092201459,
                    -1.7372976024079068
                ],
                [
                    -0.9998489022254944,
                    -0.7817747592926025,
                    0.7816237211227417
                ]
            ],
            [
                [
                    5.388475265112677,
                    1.6200746046741374,
                    3.6281774212112285
                ],
                [
                    -0.9998489022254944,
                    -0.7817748785018921,
                    0.7816237807273865
                ]
            ],
            [
                [
                    -5.068265141419753,
                    -4.513379555266976,
                    -1.6262660022348192
                ],
                [
                    -0.9998489022254944,
                    -0.7817746996879578,
                    0.7816237211227417
                ]
            ],
            [
                [
                    1.916642630058113,
                    6.82347277102619,
                    -0.605830184312917
                ],
                [
                    -0.9998489022254944,
                    -0.7817747592926025,
                    0.7816237211227417
                ]
            ]
        ],
        "file_path": "target1_2mpc_0_he_rcd/target1_2mpc_7b79374384.json",
        "replica": "init_pool",
        "AP_cluster": 1
    },
    "struct_id": "target1_2mpc_7b79374384",
    "input_ref": null,