{
    "properties": {
        "lattice_vector_a": [
            5.265451,
            0.0,
            0.0
        ],
        "lattice_vector_b": [
            0.0,
            13.343919,
            0.0
        ],
        "lattice_vector_c": [
            -1.296947,
            0.0,
            3.978993
        ],
        "unit_cell_volume": 279.5710179531225,
        "cell_vol": 279.5710179531225,
        "spg": 6,
        "molecule_harris_info": [
            [
                -175.02507422610023,
                -67.81693963553874,
                17.187860946247596,
                2.578030604631343,
                3.464350832269547,
                0.6795442761813707,
                false
            ],
            [
                150.48945853730783,
                -21.05327426115086,
                -120.83849370001244,
                2.578030604631343,
                9.879564271328297,
                0.6795442761813707,
                false
            ]
        ],
        "harris_energy": -17137.260013622,
        "rcd": [
            [
                [
                    -0.6980661124110815,
                    2.672248379998899,
                    3.1442401932607686
                ],
                [
                    1.0000001192092896,
                    1.000000238418579,
                    1.0000001192092896
                ]
            ],
            [
                [
                    0.6980661107630276,
                    -2.6722483495860265,
                    -3.144240228938273
                ],
                [
                    1.0000001192092896,
                    1.000000238418579,
                    1.0000001192092896
                ]
            ],
            [
                [
                    -0.03380771613624788,
                    2.73186514670551,
                    -4.501193328726873
                ],
                [
                    1.0000001192092896,
                    1.000000238418579,
                    1.0000001192092896
                ]
            ],
            [
                [
                    0.033807717117429845,
                    -2.7318652259908656,
                    4.501193459362426
                ],
                [
                    1.0000001192092896,
                    1.0000001192092896,
                    1.0
                ]
            ],
            [
                [
                    -0.7318738284048341,
                    5.404113515189938,
                    -1.3569531164941364
                ],
                [
                    1.0000001192092896,
                    1.000000238418579,
                    1.0000001192092896
                ]
            ],
            [
                [
                    0.7318738275221836,
                    -5.404113546626222,
                    1.356953182723204
                ],
                [
                    1.0000001192092896,
                    1.0000001192092896,
                    1.0
                ]
            ],
            [
                [
                    -6.313174735672766,
                    -0.9946632271631549,
                    -0.5562637215508696
                ],
                [
                    -0.9368833303451538,
                    0.9519206285476685,
                    -0.9849627017974854
                ]
            ],
            [
                [
                    6.818499354729928,
                    1.0742789256668375,
                    0.6007886658074707
                ],
                [
                    -0.9368833303451538,
                    0.9519206285476685,
                    -0.9849627017974854
                ]
            ],
            [
                [
                    -7.011240848083848,
                    1.6775851528357442,
                    2.587976471709899
                ],
                [
                    -0.9368833303451538,
                    0.9519206285476685,
                    -0.9849627017974854
                ]
            ],
            [
                [
                    -5.615108624909739,
                    -3.6669115767491816,
                    -3.700503950489143
                ],
                [
                    -0.9368833303451538,
                    0.951920747756958,
                    -0.9849627017974854
                ]
            ],
            [
                [
                    -0.6642583960386985,
                    -0.059616785787734106,
                    7.645433553426905
                ],
                [
                    1.0000001192092896,
                    1.0000001192092896,
                    1.0000001192092896
                ]
            ],
            [
                [
                    0.6642583944517141,
                    0.05961681126583329,
                    -7.645433580973565
                ],
                [
                    1.0000001192092896,
                    1.0,
                    1.0
                ]
            ],
            [
                [
                    6.120433242318846,
                    3.7465273056657367,
                    3.7450288590682392
                ],
                [
                    -0.9368833303451538,
                    0.9519206285476685,
                    -0.9849627017974854
                ]
            ],
            [
                [
                    7.516565465492955,
                    -1.597969423919189,
                    -2.5434515631308026
                ],
                [
                    -0.9368833303451538,
                    0.9519206881523132,
                    -0.9849627017974854
                ]
            ],
            [
                [
                    -6.346982451809014,
                    1.737201919542355,
                    -5.057457050277742
                ],
                [
                    -0.9368833303451538,
                    0.9519206285476685,
                    -0.9849627017974854
                ]
            ],
            [
                [
                    -6.2793670185553365,
                    -3.7265284531540206,
                    3.9449297378115564
                ],
                [
                    -0.9368833303451538,
                    0.9519206881523132,
                    -0.9849628210067749
                ]
            ]
        ],
        "file_path": "target1_2mpc_0_he_rcd/target1_2mpc_c559f32d3f.json",
        "replica": "init_pool",
        "AP_cluster": 7
    },
    "struct_id": "target1_2mpc_c559f32d3f",
    "input_ref": null,