{
    "properties": {
        "lattice_vector_a": [
            11.20898,
            0.0,
            0.0
        ],
        "lattice_vector_b": [
            0.0,
            4.052687,
            0.0
        ],
        "lattice_vector_c": [
            3.405344,
            0.0,
            4.853986
        ],
        "unit_cell_volume": 220.49953449620264,
        "cell_vol": 220.49953449620264,
        "spg": 3,
        "molecule_harris_info": [
            [
                -176.94750417590794,
                -111.80858551402696,
                148.16705053407043,
                3.651392102241516,
                2.9424605039840053,
                0.7442069609669295,
                false
            ],
            [
                -3.052613490882784,
                -68.19183570229661,
                -31.83284438727312,
                10.96293313452538,
                2.9424605039840053,
                4.109769742341435,
                false
            ]
        ],
        "harris_energy": -16712.956107625,
        "rcd": [
            [
                [
                    -1.9392241815063418,
                    -1.9189657176781545,
                    -2.996873586409981
                ],
                [
                    0.9999999403953552,
                    0.9999998211860657,
                    1.000000238418579
                ]
            ],
            [
                [
                    1.9392241948186797,
                    1.9189657308514225,
                    2.996873606982844
                ],
                [
                    1.0,
                    0.9999999403953552,
                    1.0000001192092896
                ]
            ],
            [
                [
                    -0.18698856505815442,
                    -3.4607993727147233,
                    2.3370242455956634
                ],
                [
                    -0.5420693159103394,
                    -0.5515866875648499,
                    0.09365600347518921
                ]
            ],
            [
                [
                    -1.324474425760874,
                    4.535609408968372,
                    -2.0472082492584533
                ],
                [
                    -0.5420693159103394,
                    -0.5515866875648499,
                    0.09365600347518921
                ]
            ],
            [
                [
                    -2.126212746564496,
                    -5.379765090392877,
                    -0.6598493408143177
                ],
                [
                    -0.5420693159103394,
                    -0.5515866875648499,
                    0.09365600347518921
                ]
            ],
            [
                [
                    1.7522356297605253,
                    -1.5418336418633007,
                    5.333897852578507
                ],
                [
                    -0.5420691967010498,
                    -0.5515868067741394,
                    0.09365598112344742
                ]
            ],
            [
                [
                    5.1060580721962205,
                    -0.5243311219272462,
                    -2.9682987145159987
                ],
                [
                    1.0,
                    0.9999998807907104,
                    1.0000001192092896
                ]
            ],
            [
                [
                    -5.106057999197555,
                    0.524331164015372,
                    2.9682986403298877
                ],
                [
                    1.0,
                    0.9999997615814209,
                    1.0000001192092896
                ]
            ],
            [
                [
                    4.9190694597483064,
                    -3.9851304593771757,
                    -0.6312744608360983
                ],
                [
                    -0.5420691967010498,
                    -0.5515866875648499,
                    0.09365605562925339
                ]
            ],
            [
                [
                    -3.263698607267216,
                    2.616643691290218,
                    -5.044081835668434
                ],
                [
                    -0.5420693159103394,
                    -0.5515866875648499,
                    0.09365600347518921
                ]
            ],
            [
                [
                    0.6147497690578057,
                    6.454575139819794,
                    0.9496653577243904
                ],
                [
                    -0.5420691967010498,
                    -0.5515868067741394,
                    0.09365598112344742
                ]
            ],
            [
                [
                    3.1668338906898787,
                    -2.4432968396054005,
                    -5.96517230092598
                ],
                [
                    1.0,
                    0.9999998807907104,
                    1.0000001192092896
                ]
            ],
            [
                [
                    7.0452822670149,
                    1.394634608924176,
                    0.02857489246684508
                ],
                [
                    0.9999998807907104,
                    0.9999998807907104,
                    0.9999999403953552
                ]
            ],
            [
                [
                    -7.045282180703897,
                    -1.3946345536627827,
                    -0.028574946080093033
                ],
                [
                    1.0,
                    0.9999997615814209,
                    1.0000001192092896
                ]
            ],
            [
                [
                    -3.166833804378875,
                    2.4432968948667946,
                    5.965172247312732
                ],
                [
                    0.9999998807907104,
                    0.9999998807907104,
                    1.0000001192092896
                ]
            ],
            [
                [
                    3.7815836873527555,
                    4.011278329647304,
                    -5.015507017533071
                ],
                [
                    -0.5420693159103394,
                    -0.5515866875648499,
                    0.09365600347518921
                ]
            ]
        ],
        "file_path": "target1_2mpc_0_he_rcd/target1_2mpc_3a2fe54e14.json",
        "replica": "init_pool",
        "AP_cluster": 4
    },
    "struct_id": "target1_2mpc_3a2fe54e14",
    "input_ref": null,