{
    "properties": {
        "lattice_vector_a": [
            21.293133,
            0.0,
            0.0
        ],
        "lattice_vector_b": [
            0.0,
            5.107111,
            0.0
        ],
        "lattice_vector_c": [
            -1.519555,
            0.0,
            2.787689
        ],
        "unit_cell_volume": 303.1511256988491,
        "cell_vol": 303.1511256988491,
        "spg": 3,
        "molecule_harris_info": [
            [
                -115.10617343382674,
                -126.58074083907815,
                0.3433636442662186,
                5.58313235069843,
                3.486345340596869,
                1.457322178963334,
                false
            ],
            [
                -64.89414349884517,
                -53.41944682322667,
                -179.65627352572253,
                14.190447188438252,
                3.486345340596869,
                1.3303573795376304,
                false
            ]
        ],
        "harris_energy": -16708.554612011,
        "rcd": [
            [
                [
                    0.3294429498653597,
                    -0.4195848738765616,
                    3.1298041113488067
                ],
                [
                    1.0000001192092896,
                    0.9999998807907104,
                    0.9999999403953552
                ]
            ],
            [
                [
                    -0.3294430216631432,
                    0.41958489051067843,
                    -3.129804173567281
                ],
                [
                    1.0000001192092896,
                    0.9999998807907104,
                    1.0
                ]
            ],
            [
                [
                    -0.6393626963028438,
                    -5.030432128947643,
                    -0.60708575525138
                ],
                [
                    1.0000001192092896,
                    0.9999999403953552,
                    1.0
                ]
            ],
            [
                [
                    0.6393626723591269,
                    5.030431940561233,
                    0.6070857325164135
                ],
                [
                    1.0000001192092896,
                    0.9999998807907104,
                    0.9999999403953552
                ]
            ],
            [
                [
                    0.9688056222244867,
                    4.610847066684672,
                    3.73688984386522
                ],
                [
                    1.0000001192092896,
                    0.9999998807907104,
                    0.9999999403953552
                ]
            ],
            [
                [
                    -0.3099197464374841,
                    -5.450017002824205,
                    2.5227183560974265
                ],
                [
                    1.0000001192092896,
                    0.9999999403953552,
                    1.0
                ]
            ],
            [
                [
                    0.3099196506959837,
                    5.4500168310719115,
                    -2.5227184410508676
                ],
                [
                    1.0000001192092896,
                    0.9999998807907104,
                    1.0
                ]
            ],
            [
                [
                    -0.9688057179659868,
                    -4.610847238436965,
                    -3.736889928818661
                ],
                [
                    1.0000001192092896,
                    0.9999999403953552,
                    1.0
                ]
            ],
            [
                [
                    0.6588858696427669,
                    -0.8391697440149062,
                    6.2596082234096615
                ],
                [
                    0.9999998807907104,
                    0.9999998807907104,
                    1.0
                ]
            ],
            [
                [
                    -0.6588858761813468,
                    0.839169752033499,
                    -6.259608282967078
                ],
                [
                    1.0,
                    0.9999998807907104,
                    1.0
                ]
            ],
            [
                [
                    7.506512246147641,
                    -0.9722721777794647,
                    0.150824304295599
                ],
                [
                    -0.9686545133590698,
                    0.9403939843177795,
                    -0.9717394113540649
                ]
            ],
            [
                [
                    7.1770692135213725,
                    -0.5526872882862643,
                    -2.978979849294653
                ],
                [
                    -0.9686545133590698,
                    0.9403940439224243,
                    -0.9717394113540649
                ]
            ],
            [
                [
                    0.01952317333992326,
                    -5.86960187296255,
                    5.652522468158281
                ],
                [
                    1.0,
                    0.9999998807907104,
                    0.9999998807907104
                ]
            ],
            [
                [
                    -1.2982485724841903,
                    -4.191262376914144,
                    -6.8666940382184585
                ],
                [
                    1.0,
                    0.9999998807907104,
                    1.0
                ]
            ],
            [
                [
                    1.2982485420018937,
                    4.191262196546327,
                    6.866693955926076
                ],
                [
                    0.9999998807907104,
                    0.9999998807907104,
                    1.0
                ]
            ],
            [
                [
                    -0.019523203822219948,
                    5.869601692594732,
                    -5.652522550450665
                ],
                [
                    1.0,
                    0.9999998807907104,
                    1.0
                ]
            ]
        ],
        "file_path": "target1_2mpc_0_he_rcd/target1_2mpc_23d4b2b31f.json",
        "replica": "init_pool",
        "AP_cluster": 9
    },
    "struct_id": "target1_2mpc_23d4b2b31f",
    "input_ref": null,