{
    "properties": {
        "lattice_vector_a": [
            14.86733,
            0.0,
            0.0
        ],
        "lattice_vector_b": [
            0.0,
            6.416344,
            0.0
        ],
        "lattice_vector_c": [
            2.9261,
            0.0,
            2.521554
        ],
        "unit_cell_volume": 240.54087930288938,
        "cell_vol": 240.54087930288938,
        "spg": 4,
        "molecule_harris_info": [
            [
                68.72271591690053,
                -142.00893446929567,
                -79.68256123880082,
                4.249390135420129,
                2.9653539860502205,
                0.558262627611452,
                false
            ],
            [
                111.27735010062496,
                -37.99080753591337,
                100.31729095751234,
                13.54404089298654,
                -0.242817934761022,
                1.96328175777292,
                false
            ]
        ],
        "harris_energy": -16713.492282705,
        "rcd": [
            [
                [
                    -1.5416910494380809,
                    -0.7326762393357513,
                    3.465064469492514
                ],
                [
                    1.0000001192092896,
                    1.0000001192092896,
                    0.9999998807907104
                ]
            ],
            [
                [
                    1.5416910489654123,
                    0.7326763336642448,
                    -3.4650642618724508
                ],
                [
                    1.0,
                    1.000000238418579,
                    0.9999998807907104
                ]
            ],
            [
                [
                    4.8572981013486505,
                    2.2501915139223607,
                    2.0144518117975063
                ],
                [
                    0.3032214641571045,
                    -0.4239314794540405,
                    -0.879289984703064
                ]
            ],
            [
                [
                    -0.32212862392531116,
                    5.693768071604915,
                    0.43813180918297645
                ],
                [
                    0.3032214641571045,
                    -0.4239314794540405,
                    -0.879289984703064
                ]
            ],
            [
                [
                    0.5070320910931971,
                    -5.791173300236763,
                    -1.2584718679986657
                ],
                [
                    0.3032214641571045,
                    -0.4239315092563629,
                    -0.8792900443077087
                ]
            ],
            [
                [
                    -4.6723946341807645,
                    -2.3475967425542086,
                    -2.834791870613196
                ],
                [
                    0.3032214641571045,
                    -0.4239315092563629,
                    -0.8792900443077087
                ]
            ],
            [
                [
                    5.179426651183062,
                    -3.443576508422723,
                    1.5763199800655152
                ],
                [
                    1.0,
                    1.0000001192092896,
                    0.9999999403953552
                ]
            ],
            [
                [
                    -5.179426765838411,
                    3.4435765846521,
                    -1.576320014960018
                ],
                [
                    1.0,
                    1.0,
                    0.9999998807907104
                ]
            ],
            [
                [
                    3.315607061449767,
                    1.5175152866595074,
                    5.479516276320457
                ],
                [
                    0.3032214641571045,
                    -0.4239314794540405,
                    -0.879289984703064
                ]
            ],
            [
                [
                    -1.8638196638241946,
                    4.961091844342062,
                    3.903196273705927
                ],
                [
                    0.3032214641571045,
                    -0.4239314794540405,
                    -0.879289984703064
                ]
            ],
            [
                [
                    -1.0346589322009163,
                    -6.523849598242545,
                    2.2065923874220763
                ],
                [
                    0.3032214641571045,
                    -0.4239314794540405,
                    -0.879289984703064
                ]
            ],
            [
                [
                    -6.214085657474878,
                    -3.08027304055999,
                    0.6302723848075467
                ],
                [
                    0.3032214641571045,
                    -0.4239314794540405,
                    -0.879289984703064
                ]
            ],
            [
                [
                    6.398989130393732,
                    2.982867824487662,
                    -1.4506124350824838
                ],
                [
                    0.3032214641571045,
                    -0.423931360244751,
                    -0.8792900443077087
                ]
            ],
            [
                [
                    1.21956240511977,
                    6.426444382170216,
                    -3.0269324376970137
                ],
                [
                    0.3032214641571045,
                    -0.423931360244751,
                    -0.8792900443077087
                ]
            ],
            [
                [
                    2.0487231237139394,
                    -5.058497175263537,
                    -4.723536532065921
                ],
                [
                    0.3032214641571045,
                    -0.42393144965171814,
                    -0.8792900443077087
                ]
            ],
            [
                [
                    -3.1307036015600227,
                    -1.614920617580983,
                    -6.299856534680451
                ],
                [
                    0.3032214641571045,
                    -0.42393144965171814,
                    -0.8792900443077087
                ]
            ]
        ],
        "file_path": "target1_2mpc_0_he_rcd/target1_2mpc_f8e502992a.json",
        "replica": "init_pool",
        "AP_cluster": 6
    },
    "struct_id": "target1_2mpc_f8e502992a",
    "input_ref": null,