{
    "properties": {
        "lattice_vector_a": [
            3.373932,
            0.0,
            0.0
        ],
        "lattice_vector_b": [
            0.0,
            15.891118,
            0.0
        ],
        "lattice_vector_c": [
            5.850637,
            0.0,
            5.75489
        ],
        "unit_cell_volume": 308.5516013788729,
        "cell_vol": 308.5516013788729,
        "spg": 4,
        "molecule_harris_info": [
            [
                57.57654233651038,
                -59.9440034359893,
                2.167277532876836,
                2.0675004403641886,
                5.227423237993363,
                2.2513224505918457,
                false
            ],
            [
                122.42421303671023,
                -120.05446670852534,
                -177.8317021683626,
                7.1570703983306885,
                13.172982014240104,
                3.503558431335903,
                false
            ]
        ],
        "harris_energy": -16710.174570991,
        "rcd": [
            [
                [
                    2.1451188317097385,
                    -0.05767762372646074,
                    2.6035658745965695
                ],
                [
                    0.9999999403953552,
                    1.0,
                    1.0000001192092896
                ]
            ],
            [
                [
                    -2.145118811098665,
                    0.057677623172273394,
                    -2.6035658495805727
                ],
                [
                    0.9999998807907104,
                    1.0,
                    1.0000001192092896
                ]
            ],
            [
                [
                    -2.753539629681905,
                    4.986188721212952,
                    1.2164378003671632
                ],
                [
                    0.9999999403953552,
                    0.9999999403953552,
                    1.0
                ]
            ],
            [
                [
                    2.7535396663790066,
                    -4.9861887503439535,
                    -1.216437781945063
                ],
                [
                    0.9999998807907104,
                    0.9999999403953552,
                    1.0
                ]
            ],
            [
                [
                    -0.6084208048761202,
                    4.928511097672124,
                    3.820003666584291
                ],
                [
                    0.9999999403953552,
                    0.9999998807907104,
                    1.0000001192092896
                ]
            ],
            [
                [
                    0.6084208383480172,
                    -4.928511126716406,
                    -3.8200036520766742
                ],
                [
                    1.0,
                    0.9999999403953552,
                    1.0000001192092896
                ]
            ],
            [
                [
                    4.29023765686828,
                    -0.1153552472767739,
                    5.207131741241844
                ],
                [
                    0.9999998807907104,
                    1.0,
                    1.0000001192092896
                ]
            ],
            [
                [
                    -4.290237532697904,
                    0.11535524393810002,
                    -5.207131590534224
                ],
                [
                    0.9999998807907104,
                    1.0,
                    1.0000001192092896
                ]
            ],
            [
                [
                    -4.898658448037281,
                    5.043866344580343,
                    -1.3871280580209975
                ],
                [
                    1.0,
                    0.9999998807907104,
                    1.0000001192092896
                ]
            ],
            [
                [
                    4.898658491184791,
                    -5.043866373884781,
                    1.3871280842720646
                ],
                [
                    0.9999998807907104,
                    0.9999999403953552,
                    1.0000001192092896
                ]
            ],
            [
                [
                    -1.5366980896643136,
                    -4.870833500400576,
                    -6.423569643557279
                ],
                [
                    1.0,
                    0.9999999403953552,
                    1.0
                ]
            ],
            [
                [
                    1.5366979909028236,
                    4.870833474911765,
                    6.4235694975710675
                ],
                [
                    1.0,
                    0.9999998807907104,
                    1.0000001192092896
                ]
            ],
            [
                [
                    6.87044173499008,
                    2.891491893551326,
                    -3.447643137866091
                ],
                [
                    -0.09626802802085876,
                    -0.4927510619163513,
                    -0.410980761051178
                ]
            ],
            [
                [
                    -3.8117225920243376,
                    -5.111455142180521,
                    5.176266654708108
                ],
                [
                    -0.09626802802085876,
                    -0.4927510619163513,
                    -0.410980761051178
                ]
            ],
            [
                [
                    4.725322911670913,
                    2.9491695170521823,
                    -6.051209002278886
                ],
                [
                    -0.09626802802085876,
                    -0.4927510619163513,
                    -0.410980761051178
                ]
            ],
            [
                [
                    -5.956841415343504,
                    -5.053777518679665,
                    2.572700790295312
                ],
                [
                    -0.09626802802085876,
                    -0.4927510619163513,
                    -0.410980761051178
                ]
            ]
        ],
        "file_path": "target1_2mpc_0_he_rcd/target1_2mpc_c700cdfb1b.json",
        "replica": "init_pool",
        "AP_cluster": 0
    },
    "struct_id": "target1_2mpc_c700cdfb1b",
    "input_ref": null,