{
    "properties": {
        "lattice_vector_a": [
            3.206611,
            0.0,
            0.0
        ],
        "lattice_vector_b": [
            0.0,
            12.67767,
            0.0
        ],
        "lattice_vector_c": [
            -1.196883,
            0.0,
            4.821805
        ],
        "unit_cell_volume": 196.01773379082127,
        "cell_vol": 196.01773379082127,
        "spg": 6,
        "molecule_harris_info": [
            [
                -138.5856621207744,
                -8.447217750401608,
                18.409904846828038,
                0.06868281437361495,
                3.005605703338664,
                2.0381258216864886,
                false
            ],
            [
                -29.636744514513474,
                -40.78680566258681,
                26.299253814296947,
                0.06868281437361495,
                9.672061165596576,
                2.0381258216864886,
                false
            ]
        ],
        "harris_energy": -17280.619497659,
        "rcd": [
            [
                [
                    -1.6748435104020727,
                    -1.301095517346463,
                    -2.405079027063979
                ],
                [
                    0.9999998807907104,
                    1.0,
                    1.0
                ]
            ],
            [
                [
                    1.6748434999695159,
                    1.3010955092419725,
                    2.405079012082804
                ],
                [
                    0.9999998807907104,
                    1.0,
                    1.0
                ]
            ],
            [
                [
                    0.5314043710536238,
                    4.7528530729815985,
                    -1.345484470102644
                ],
                [
                    0.9999999403953552,
                    1.0,
                    0.9999999403953552
                ]
            ],
            [
                [
                    -0.5314043650452108,
                    -4.752853034069791,
                    1.3454844620933781
                ],
                [
                    0.9999998807907104,
                    1.0,
                    1.0
                ]
            ],
            [
                [
                    -1.143439145061516,
                    3.4517575511969625,
                    -3.7505635053705997
                ],
                [
                    0.9999998807907104,
                    1.0,
                    1.0
                ]
            ],
            [
                [
                    1.143439165187,
                    -3.4517575013183643,
                    3.7505635176334797
                ],
                [
                    0.9999999403953552,
                    1.0,
                    0.9999999403953552
                ]
            ],
            [
                [
                    5.124767261072172,
                    -1.3730013923306748,
                    -2.8260092751945307
                ],
                [
                    -0.45362961292266846,
                    0.8956607580184937,
                    -0.5579689145088196
                ]
            ],
            [
                [
                    -3.3496870463887496,
                    -2.6021910545682236,
                    -4.810158090867506
                ],
                [
                    0.9999999403953552,
                    1.0,
                    1.0
                ]
            ],
            [
                [
                    3.349687055165345,
                    2.6021910613862866,
                    4.810158103470717
                ],
                [
                    0.9999999403953552,
                    1.0,
                    0.9999999403953552
                ]
            ],
            [
                [
                    2.20624788087611,
                    6.0539485898778125,
                    1.059594556129047
                ],
                [
                    0.9999999403953552,
                    1.0,
                    1.0
                ]
            ],
            [
                [
                    -2.2062478768134515,
                    -6.053948552477556,
                    -1.0595945669324212
                ],
                [
                    0.9999998807907104,
                    1.0,
                    1.0
                ]
            ],
            [
                [
                    -5.683382696558005,
                    1.5226627782292006,
                    3.134053001187956
                ],
                [
                    -0.45362961292266846,
                    0.8956607580184937,
                    -0.5579689145088196
                ]
            ],
            [
                [
                    3.4499237506700995,
                    -2.6740969096771376,
                    -5.2310883022585095
                ],
                [
                    -0.45362967252731323,
                    0.8956608176231384,
                    -0.5579688549041748
                ]
            ],
            [
                [
                    6.799610761041688,
                    -0.07190588308870227,
                    -0.4209302631117269
                ],
                [
                    -0.45362967252731323,
                    0.8956608176231384,
                    -0.5579689741134644
                ]
            ],
            [
                [
                    -2.8182826820417692,
                    2.1506620132033456,
                    -6.1556425706009055
                ],
                [
                    0.9999999403953552,
                    1.0,
                    0.9999999403953552
                ]
            ],
            [
                [
                    2.8182827231979637,
                    -2.150661946987124,
                    6.155642613063932
                ],
                [
                    0.9999999403953552,
                    1.0,
                    1.0
                ]
            ]
        ],
        "file_path": "target1_2mpc_0_he_rcd/target1_2mpc_739936809e.json",
        "replica": "init_pool",
        "AP_cluster": 2
    },
    "struct_id": "target1_2mpc_739936809e",
    "input_ref": null,