{
    "properties": {
        "lattice_vector_a": [
            3.982007,
            0.0,
            0.0
        ],
        "lattice_vector_b": [
            0.0,
            18.180168,
            0.0
        ],
        "lattice_vector_c": [
            -0.158814,
            0.0,
            3.932397
        ],
        "unit_cell_volume": 284.68020336640205,
        "cell_vol": 284.68020336640205,
        "spg": 6,
        "molecule_harris_info": [
            [
                140.6443783755928,
                -36.97134976174007,
                -101.63101889429734,
                0.08853268908693436,
                12.590298785808239,
                1.7621457647690748,
                false
            ],
            [
                -177.01521150751788,
                -76.70695457903754,
                0.41084332164467735,
                0.08853268908693436,
                5.5898659546324545,
                1.7621457647690748,
                false
            ]
        ],
        "harris_energy": -17825.993450509,
        "rcd": [
            [
                [
                    -1.8029716452064375,
                    1.5118707315628792,
                    -3.1547596970469067
                ],
                [
                    0.9999998807907104,
                    1.0,
                    1.0
                ]
            ],
            [
                [
                    1.8029716552718258,
                    -1.5118707496620876,
                    3.154759711402387
                ],
                [
                    0.9999998807907104,
                    1.0,
                    1.0000001192092896
                ]
            ],
            [
                [
                    -0.2714934243848284,
                    -3.5647430408671856,
                    -1.753646707133519
                ],
                [
                    1.0,
                    1.0,
                    1.0
                ]
            ],
            [
                [
                    0.2714934226987639,
                    3.5647430187289464,
                    1.75364669624279
                ],
                [
                    0.9999998807907104,
                    1.0,
                    1.0000001192092896
                ]
            ],
            [
                [
                    -1.5314782214917115,
                    5.076613763631534,
                    -1.4011129942417544
                ],
                [
                    0.9999998807907104,
                    1.0,
                    1.0
                ]
            ],
            [
                [
                    1.531478234648218,
                    -5.076613741143971,
                    1.4011130285635713
                ],
                [
                    0.9999998807907104,
                    1.0,
                    1.0
                ]
            ],
            [
                [
                    -2.074465071255714,
                    -2.0528723311587216,
                    -4.908406414931529
                ],
                [
                    0.9999998807907104,
                    1.0,
                    1.0
                ]
            ],
            [
                [
                    2.0744650804348375,
                    2.052872301422746,
                    4.908406423562396
                ],
                [
                    0.9999998807907104,
                    1.0,
                    1.0
                ]
            ],
            [
                [
                    -6.212876126308915,
                    -1.030596528072681,
                    3.0568126975707157
                ],
                [
                    -0.5753082633018494,
                    0.9566531777381897,
                    -0.6186552047729492
                ]
            ],
            [
                [
                    -3.6059432597258123,
                    3.0237414294873624,
                    -6.3095193430644265
                ],
                [
                    0.9999998807907104,
                    1.0,
                    1.0
                ]
            ],
            [
                [
                    3.605943251086273,
                    -3.023741417032909,
                    6.309519329703823
                ],
                [
                    0.9999999403953552,
                    1.0,
                    1.0
                ]
            ],
            [
                [
                    -0.5429868482724838,
                    -7.129486075206429,
                    -3.507293411055669
                ],
                [
                    0.9999998807907104,
                    1.0,
                    1.0000001192092896
                ]
            ],
            [
                [
                    0.5429868465864195,
                    7.12948605306819,
                    3.50729340016494
                ],
                [
                    1.0,
                    0.9999999403953552,
                    1.0
                ]
            ],
            [
                [
                    -8.015847771515352,
                    0.4812742034901982,
                    -0.09794699947619101
                ],
                [
                    -0.5753083229064941,
                    0.9566531181335449,
                    -0.6186552047729492
                ]
            ],
            [
                [
                    -4.409904471037089,
                    -2.5424672777347688,
                    6.211572408973103
                ],
                [
                    -0.5753082633018494,
                    0.9566531777381897,
                    -0.6186550855636597
                ]
            ],
            [
                [
                    -5.941382703610151,
                    2.5341464906562656,
                    4.810459393813506
                ],
                [
                    -0.5753082633018494,
                    0.9566530585289001,
                    -0.6186551451683044
                ]
            ]
        ],
        "file_path": "target1_2mpc_0_he_rcd/target1_2mpc_448eed5b53.json",
        "replica": "init_pool",
        "AP_cluster": 0
    },
    "struct_id": "target1_2mpc_448eed5b53",
    "input_ref": null,