{
    "properties": {
        "lattice_vector_a": [
            7.138604,
            0.0,
            0.0
        ],
        "lattice_vector_b": [
            0.0,
            7.705674,
            0.0
        ],
        "lattice_vector_c": [
            -4.428663,
            0.0,
            4.572686
        ],
        "unit_cell_volume": 251.53319227324093,
        "cell_vol": 251.53319227324093,
        "spg": 7,
        "molecule_harris_info": [
            [
                59.182755392970165,
                -105.78332823936627,
                50.42265571550995,
                0.5482291198791341,
                6.771192135963035,
                3.336922472897679,
                false
            ],
            [
                -40.275650426279405,
                -60.21358093117843,
                -175.79804964152683,
                2.7625602429851575,
                0.9344785308584254,
                1.050579424670085,
                false
            ]
        ],
        "harris_energy": -16791.512942865,
        "rcd": [
            [
                [
                    0.2420718430385166,
                    3.4425383527070075,
                    1.3091870869801125
                ],
                [
                    0.3558325171470642,
                    0.075998455286026,
                    -0.5681688785552979
                ]
            ],
            [
                [
                    1.8792894987357769,
                    -0.9018501133146594,
                    -3.046076140571115
                ],
                [
                    0.3558325171470642,
                    0.075998455286026,
                    -0.5681688785552979
                ]
            ],
            [
                [
                    3.6508821098374686,
                    -0.42322283914190484,
                    3.8399449896236
                ],
                [
                    0.9999999403953552,
                    1.0,
                    1.0000001192092896
                ]
            ],
            [
                [
                    -3.6508821258187725,
                    0.4232227871263272,
                    -3.839945085229864
                ],
                [
                    0.9999999403953552,
                    0.9999998807907104,
                    1.0000001192092896
                ]
            ],
            [
                [
                    -3.4088102419655133,
                    3.865761166277756,
                    -2.5307579097180173
                ],
                [
                    0.3558325171470642,
                    0.0759984478354454,
                    -0.5681688785552979
                ]
            ],
            [
                [
                    5.530171566477615,
                    -1.3250729113222708,
                    0.7938688578091924
                ],
                [
                    0.355832576751709,
                    0.075998455286026,
                    -0.5681689381599426
                ]
            ],
            [
                [
                    -1.637217633916999,
                    4.344388443203174,
                    4.3552632207742255
                ],
                [
                    0.9999999403953552,
                    0.9999998807907104,
                    1.0000001192092896
                ]
            ],
            [
                [
                    1.6372175977377559,
                    -4.344388477008822,
                    -4.355263314412228
                ],
                [
                    0.9999999403953552,
                    0.9999998807907104,
                    1.0000001192092896
                ]
            ],
            [
                [
                    -4.131084684067782,
                    -1.795057195438978,
                    4.889760905249529
                ],
                [
                    0.35583263635635376,
                    0.07599836587905884,
                    -0.5681688785552979
                ]
            ],
            [
                [
                    -2.4938670283705218,
                    -6.139445661460645,
                    0.5344976776983024
                ],
                [
                    0.35583263635635376,
                    0.07599836587905884,
                    -0.5681688785552979
                ]
            ],
            [
                [
                    -1.771592562345455,
                    -0.4786272859125118,
                    -6.886021087818679
                ],
                [
                    0.3558325171470642,
                    0.075998455286026,
                    -0.5681688785552979
                ]
            ],
            [
                [
                    3.8929539276524796,
                    3.019315514827563,
                    5.149132047643532
                ],
                [
                    0.3558325171470642,
                    0.075998455286026,
                    -0.5681688785552979
                ]
            ],
            [
                [
                    5.288099692555041,
                    -4.767611236185026,
                    -0.5153182261613102
                ],
                [
                    0.9999999403953552,
                    0.9999998807907104,
                    1.0000001192092896
                ]
            ],
            [
                [
                    -5.288099660614114,
                    4.767611207387929,
                    0.5153182230487097
                ],
                [
                    0.9999999403953552,
                    1.0,
                    1.0000001192092896
                ]
            ],
            [
                [
                    4.373156454054203,
                    5.23759546065373,
                    -3.5805737584571466
                ],
                [
                    0.9999999403953552,
                    0.9999999403953552,
                    1.0000001192092896
                ]
            ],
            [
                [
                    -4.373156431382864,
                    -5.237595433500962,
                    3.580573739894719
                ],
                [
                    0.9999999403953552,
                    1.0,
                    1.0000001192092896
                ]
            ]
        ],
        "file_path": "target1_2mpc_0_he_rcd/target1_2mpc_62970b065c.json",
        "replica": "init_pool",
        "AP_cluster": 9
    },
    "struct_id": "target1_2mpc_62970b065c",
    "input_ref": null,