{
    "properties": {
        "lattice_vector_a": [
            5.919821,
            0.0,
            0.0
        ],
        "lattice_vector_b": [
            0.0,
            17.729275,
            0.0
        ],
        "lattice_vector_c": [
            3.947097,
            0.0,
            2.804476
        ],
        "unit_cell_volume": 294.34135119321206,
        "cell_vol": 294.34135119321206,
        "spg": 6,
        "molecule_harris_info": [
            [
                -22.94796036642754,
                -120.11919835295141,
                -179.7824445363525,
                6.547077904356287,
                12.3424209039262,
                2.627453923661341,
                false
            ],
            [
                77.63171230282373,
                -154.670726851074,
                100.0301268343126,
                6.547077904356287,
                5.386850500360448,
                2.627453923661341,
                false
            ]
        ],
        "harris_energy": -17849.08368036,
        "rcd": [
            [
                [
                    -0.8983999709933914,
                    1.8168810968958748,
                    2.7656005083253263
                ],
                [
                    1.0,
                    0.9999998807907104,
                    1.0
                ]
            ],
            [
                [
                    0.8983999464993273,
                    -1.8168810370887902,
                    -2.7656006916316063
                ],
                [
                    1.0,
                    0.9999998807907104,
                    1.0
                ]
            ],
            [
                [
                    1.6131716571033459,
                    -3.5724209692940407,
                    2.84255966578657
                ],
                [
                    1.0,
                    0.9999998807907104,
                    1.0
                ]
            ],
            [
                [
                    -1.6131716711515363,
                    3.5724210034451738,
                    -2.842559767133626
                ],
                [
                    1.0,
                    0.9999998807907104,
                    1.0
                ]
            ],
            [
                [
                    -0.7147716792185462,
                    1.7555398551198693,
                    -5.60816011116506
                ],
                [
                    1.0,
                    0.9999998807907104,
                    1.0
                ]
            ],
            [
                [
                    0.7147716957558525,
                    -1.7555398957368957,
                    5.608160240918188
                ],
                [
                    1.0,
                    0.9999998807907104,
                    1.0
                ]
            ],
            [
                [
                    2.511571607855396,
                    -5.389302025109592,
                    0.07695921611417589
                ],
                [
                    1.0,
                    0.9999998807907104,
                    1.0
                ]
            ],
            [
                [
                    -2.511571600388777,
                    5.3893020138192105,
                    -0.07695933505553465
                ],
                [
                    1.0,
                    0.9999998807907104,
                    1.0
                ]
            ],
            [
                [
                    -1.796799891861492,
                    3.6337620867145937,
                    5.531201006068413
                ],
                [
                    1.0,
                    0.9999998807907104,
                    1.0
                ]
            ],
            [
                [
                    1.7967998973231538,
                    -3.633762093080631,
                    -5.531201140740836
                ],
                [
                    1.0,
                    0.9999998807907104,
                    1.0
                ]
            ],
            [
                [
                    6.303034610509674,
                    2.9390646155844378,
                    0.11668961052145051
                ],
                [
                    -0.6423429846763611,
                    0.6429059505462646,
                    -0.9994370937347412
                ]
            ],
            [
                [
                    5.404634639516283,
                    4.755945712480313,
                    2.882290118846777
                ],
                [
                    -0.6423429846763611,
                    0.6429059505462646,
                    -0.9994370937347412
                ]
            ],
            [
                [
                    7.2014345570090015,
                    1.1221835784956475,
                    -2.648911081110156
                ],
                [
                    -0.6423429846763611,
                    0.6429058909416199,
                    -0.9994370937347412
                ]
            ],
            [
                [
                    -0.18362828025232392,
                    0.061341213475716305,
                    8.37376070989708
                ],
                [
                    1.0,
                    0.9999998807907104,
                    1.0
                ]
            ],
            [
                [
                    0.1836282632995777,
                    -0.06134117219074797,
                    -8.373760834033531
                ],
                [
                    1.0,
                    0.9999999403953552,
                    1.0
                ]
            ],
            [
                [
                    3.409971616579805,
                    -7.206183198288825,
                    -2.688641408916182
                ],
                [
                    1.0,
                    1.0,
                    1.0
                ]
            ]
        ],
        "file_path": "target1_2mpc_0_he_rcd/target1_2mpc_b3210dcebb.json",
        "replica": "init_pool",
        "AP_cluster": 9
    },
    "struct_id": "target1_2mpc_b3210dcebb",
    "input_ref": null,