{
    "properties": {
        "lattice_vector_a": [
            4.699575,
            0.0,
            0.0
        ],
        "lattice_vector_b": [
            0.0,
            12.000644,
            0.0
        ],
        "lattice_vector_c": [
            -2.524089,
            0.0,
            5.270621
        ],
        "unit_cell_volume": 297.25209590597365,
        "cell_vol": 297.25209590597365,
        "spg": 7,
        "molecule_harris_info": [
            [
                -107.17978474319592,
                -21.634732546691748,
                105.20865020263771,
                -0.5557182602425839,
                3.618496316544553,
                2.8926414826369666,
                false
            ],
            [
                -168.9620547729168,
                -47.68328443055712,
                57.59298895894341,
                0.7063258704630301,
                8.382143590044468,
                0.25733087493225615,
                false
            ]
        ],
        "harris_energy": -16996.967166703,
        "rcd": [
            [
                [
                    -2.2767526983145743,
                    2.824555519129729,
                    2.987354744243253
                ],
                [
                    0.9999998807907104,
                    1.0000001192092896,
                    1.0
                ]
            ],
            [
                [
                    2.2767527198179964,
                    -2.824555545807027,
                    -2.987354772458153
                ],
                [
                    0.9999998211860657,
                    1.0000001192092896,
                    0.9999999403953552
                ]
            ],
            [
                [
                    5.360373494001339,
                    1.3462462498461907,
                    0.827027277443704
                ],
                [
                    -0.2647046446800232,
                    1.0,
                    -0.2647048830986023
                ]
            ],
            [
                [
                    2.2157869580324356,
                    -1.3491613115371073,
                    4.949748261842895
                ],
                [
                    -0.26470455527305603,
                    0.9999998807907104,
                    -0.26470476388931274
                ]
            ],
            [
                [
                    -0.867833761826424,
                    -5.519963024195276,
                    1.135366140737123
                ],
                [
                    0.9999998807907104,
                    1.0000001192092896,
                    1.0
                ]
            ],
            [
                [
                    0.8678338060021809,
                    5.51996306145007,
                    -1.1353661986542094
                ],
                [
                    0.9999998211860657,
                    1.0000001192092896,
                    0.9999999403953552
                ]
            ],
            [
                [
                    -3.1445864943928776,
                    -2.6954074625724234,
                    4.12272092992268
                ],
                [
                    0.9999999403953552,
                    1.0000001192092896,
                    0.9999999403953552
                ]
            ],
            [
                [
                    3.1445865219034825,
                    2.6954075205021217,
                    -4.12272096597322
                ],
                [
                    0.9999998211860657,
                    1.0000001192092896,
                    1.0000001192092896
                ]
            ],
            [
                [
                    4.492539684109463,
                    -4.173716865109133,
                    1.9623934811721915
                ],
                [
                    -0.2647045850753784,
                    0.9999998807907104,
                    -0.26470470428466797
                ]
            ],
            [
                [
                    3.0836207882085653,
                    4.170801778253427,
                    3.8143820314991927
                ],
                [
                    -0.2647045850753784,
                    1.0,
                    -0.26470479369163513
                ]
            ],
            [
                [
                    -4.182609345688256,
                    1.3499187836350082,
                    -6.4494374018189795
                ],
                [
                    -0.26470470428466797,
                    1.0,
                    -0.26470494270324707
                ]
            ],
            [
                [
                    -7.327195881657159,
                    -1.3454887777482898,
                    -2.3267164174197887
                ],
                [
                    -0.2647046446800232,
                    0.9999998807907104,
                    -0.2647048234939575
                ]
            ],
            [
                [
                    7.637126207569903,
                    -1.4783092882077469,
                    -2.160327486814494
                ],
                [
                    -0.2647045850753784,
                    1.0,
                    -0.26470479369163513
                ]
            ],
            [
                [
                    -0.06096576197755521,
                    1.4753942345081095,
                    7.937103034552966
                ],
                [
                    -0.2647045850753784,
                    0.9999998807907104,
                    -0.26470470428466797
                ]
            ],
            [
                [
                    -5.0504431555801315,
                    -4.170044331320316,
                    -5.314071198090493
                ],
                [
                    -0.2647046446800232,
                    0.9999998807907104,
                    -0.26470476388931274
                ]
            ],
            [
                [
                    -6.45936205148103,
                    4.1744743120422445,
                    -3.4620826477634914
                ],
                [
                    -0.2647046744823456,
                    0.9999998211860657,
                    -0.2647048234939575
                ]
            ]
        ],
        "file_path": "target1_2mpc_0_he_rcd/target1_2mpc_4fda79e6fc.json",
        "replica": "init_pool",
        "AP_cluster": 9
    },
    "struct_id": "target1_2mpc_4fda79e6fc",
    "input_ref": null,