{
    "properties": {
        "lattice_vector_a": [
            15.240799,
            0.0,
            0.0
        ],
        "lattice_vector_b": [
            0.0,
            6.097105,
            0.0
        ],
        "lattice_vector_c": [
            -3.799825,
            0.0,
            2.533473
        ],
        "unit_cell_volume": 235.42234968380035,
        "cell_vol": 235.42234968380035,
        "spg": 3,
        "molecule_harris_info": [
            [
                0,
                0,
                0,
                3.001945978149455,
                1.9420348031723753,
                0.3080975473164878,
                false
            ],
            [
                -159.84305397304917,
                -175.36534107392242,
                -163.1858844337015,
                8.439029297930128,
                1.9420348031723753,
                2.2253668200066112,
                false
            ]
        ],
        "harris_energy": -16713.592531311,
        "rcd": [
            [
                [
                    -1.1907516755427388,
                    3.654963722125193,
                    -0.04149818041433573
                ],
                [
                    0.44699594378471375,
                    -0.840781569480896,
                    -0.6062144041061401
                ]
            ],
            [
                [
                    1.9719711564517088,
                    0.48781483670656023,
                    -4.090296471412386
                ],
                [
                    0.9999998211860657,
                    1.0,
                    0.9999998807907104
                ]
            ],
            [
                [
                    -1.9719711637855453,
                    -0.4878146920908766,
                    4.090296393514306
                ],
                [
                    0.9999998211860657,
                    1.0,
                    0.9999999403953552
                ]
            ],
            [
                [
                    0.9059765822215521,
                    -4.514728872404707,
                    1.1340861955512547
                ],
                [
                    0.44699594378471375,
                    -0.8407815098762512,
                    -0.6062144041061401
                ]
            ],
            [
                [
                    2.8779476966225506,
                    -4.026913996623402,
                    -2.95621022009966
                ],
                [
                    0.4469960331916809,
                    -0.840781569480896,
                    -0.6062143445014954
                ]
            ],
            [
                [
                    0.7812194732754264,
                    4.142778590106536,
                    -4.131794657080457
                ],
                [
                    0.44699594378471375,
                    -0.8407815098762512,
                    -0.6062144041061401
                ]
            ],
            [
                [
                    -3.162722815202158,
                    3.1671488887575023,
                    4.0487982566854965
                ],
                [
                    0.44699594378471375,
                    -0.8407815098762512,
                    -0.6062144041061401
                ]
            ],
            [
                [
                    -5.186118359460758,
                    -1.720304370951552,
                    -2.705443511178487
                ],
                [
                    0.9999998211860657,
                    0.9999999403953552,
                    0.9999998807907104
                ]
            ],
            [
                [
                    5.186118215993555,
                    1.7203043233615742,
                    2.7054434363359197
                ],
                [
                    0.9999999403953552,
                    1.0,
                    0.9999998807907104
                ]
            ],
            [
                [
                    -6.376870035003496,
                    1.9346593511736412,
                    -2.7469416915928226
                ],
                [
                    0.4469960033893585,
                    -0.840781569480896,
                    -0.6062144041061401
                ]
            ],
            [
                [
                    3.9953665404508163,
                    5.375268045486767,
                    2.663945255921584
                ],
                [
                    0.4469960331916809,
                    -0.8407815098762512,
                    -0.6062143445014954
                ]
            ],
            [
                [
                    -1.0659946180214497,
                    -5.002543440861061,
                    5.224382580336372
                ],
                [
                    0.44699594378471375,
                    -0.840781569480896,
                    -0.6062144041061401
                ]
            ],
            [
                [
                    -3.2141472030090488,
                    -1.2324895342449915,
                    -6.795739982590874
                ],
                [
                    0.9999998211860657,
                    0.9999999403953552,
                    0.9999998807907104
                ]
            ],
            [
                [
                    7.158089372445263,
                    2.2081191600681347,
                    -1.3848530350764663
                ],
                [
                    0.9999999403953552,
                    1.0,
                    0.9999998807907104
                ]
            ],
            [
                [
                    -7.158089523246303,
                    -2.2081190630424286,
                    1.3848528823358188
                ],
                [
                    0.9999998211860657,
                    1.0,
                    0.9999998807907104
                ]
            ],
            [
                [
                    3.2141470522080096,
                    1.2324896312706977,
                    6.795739829850226
                ],
                [
                    0.9999999403953552,
                    1.0,
                    0.9999998807907104
                ]
            ]
        ],
        "file_path": "target1_2mpc_0_he_rcd/target1_2mpc_4c2dc273ca.json",
        "replica": "init_pool",
        "AP_cluster": 5
    },
    "struct_id": "target1_2mpc_4c2dc273ca",
    "input_ref": null,