{
    "properties": {
        "lattice_vector_a": [
            5.266059,
            0.0,
            0.0
        ],
        "lattice_vector_b": [
            0.0,
            16.98106,
            0.0
        ],
        "lattice_vector_c": [
            1.135435,
            0.0,
            2.664703
        ],
        "unit_cell_volume": 238.28643943100784,
        "cell_vol": 238.28643943100784,
        "spg": 6,
        "molecule_harris_info": [
            [
                -35.95480354275133,
                -76.19700203052533,
                -142.83269679599584,
                5.758142428195223,
                11.637281510424106,
                2.031363592304765,
                false
            ],
            [
                28.06045247518228,
                -124.7028969115835,
                18.407133572338406,
                5.758142428195223,
                5.343774766363996,
                2.031363592304765,
                false
            ]
        ],
        "harris_energy": -17775.36977363,
        "rcd": [
            [
                [
                    0.2287661159046247,
                    -1.9012156605718618,
                    -2.173223477020048
                ],
                [
                    1.0,
                    1.0,
                    0.9999998807907104
                ]
            ],
            [
                [
                    -0.2287661113598468,
                    1.9012156443676933,
                    2.1732234651739564
                ],
                [
                    1.0,
                    1.0000001192092896,
                    0.9999998807907104
                ]
            ],
            [
                [
                    2.6464927819967303,
                    -2.3291726878058774,
                    3.4254531826714816
                ],
                [
                    1.0,
                    1.0000001192092896,
                    0.9999998807907104
                ]
            ],
            [
                [
                    -2.646492804456573,
                    2.3291727113337943,
                    -3.4254532062785974
                ],
                [
                    1.0,
                    1.0000001192092896,
                    1.0
                ]
            ],
            [
                [
                    2.875258823248428,
                    -4.2303882290229655,
                    1.2522296869640985
                ],
                [
                    1.0,
                    1.0000001192092896,
                    0.9999998807907104
                ]
            ],
            [
                [
                    -2.875258920361198,
                    4.230388371905656,
                    -1.2522297292585494
                ],
                [
                    1.0,
                    1.0000001192092896,
                    0.9999999403953552
                ]
            ],
            [
                [
                    -0.45753216931465024,
                    3.8024311855871207,
                    4.346446917910852
                ],
                [
                    0.9999999403953552,
                    1.0,
                    1.0
                ]
            ],
            [
                [
                    0.45753215947048986,
                    -3.802431199399585,
                    -4.34644696330262
                ],
                [
                    1.0,
                    1.0,
                    1.0
                ]
            ],
            [
                [
                    2.417726666916769,
                    -0.4279570625378091,
                    5.598676610529289
                ],
                [
                    1.0,
                    1.0000001192092896,
                    0.9999998807907104
                ]
            ],
            [
                [
                    -2.417726717960286,
                    0.4279571093422434,
                    -5.598676673864158
                ],
                [
                    1.0,
                    1.0000001192092896,
                    1.0
                ]
            ],
            [
                [
                    5.191039004090861,
                    2.930939361367079,
                    -2.0176551419949367
                ],
                [
                    -0.36067137122154236,
                    0.5662311911582947,
                    -0.7944400310516357
                ]
            ],
            [
                [
                    5.419805119995486,
                    1.0297237007952171,
                    -4.190878619014985
                ],
                [
                    -0.36067137122154236,
                    0.5662312507629395,
                    -0.7944400310516357
                ]
            ],
            [
                [
                    4.962272892731014,
                    4.832155005734772,
                    0.1555683231790197
                ],
                [
                    -0.36067140102386475,
                    0.5662311911582947,
                    -0.7944400906562805
                ]
            ],
            [
                [
                    -3.1040247505960217,
                    6.131603602652156,
                    0.92099385835068
                ],
                [
                    0.9999999403953552,
                    1.0,
                    0.9999998807907104
                ]
            ],
            [
                [
                    3.104024886701771,
                    -6.131603812422893,
                    -0.9209938128994763
                ],
                [
                    1.0,
                    1.0,
                    0.9999998807907104
                ]
            ],
            [
                [
                    2.5445461996342877,
                    5.260112072700873,
                    -5.443108348273534
                ],
                [
                    -0.36067113280296326,
                    0.5662311315536499,
                    -0.7944400310516357
                ]
            ]
        ],
        "file_path": "target1_2mpc_0_he_rcd/target1_2mpc_9549ab4fcc.json",
        "replica": "init_pool",
        "AP_cluster": 7
    },
    "struct_id": "target1_2mpc_9549ab4fcc",
    "input_ref": null,