{
    "properties": {
        "lattice_vector_a": [
            9.496527,
            0.0,
            0.0
        ],
        "lattice_vector_b": [
            0.0,
            5.889932,
            0.0
        ],
        "lattice_vector_c": [
            5.638676,
            0.0,
            4.344224
        ],
        "unit_cell_volume": 242.98938326142795,
        "cell_vol": 242.98938326142795,
        "spg": 7,
        "molecule_harris_info": [
            [
                -167.85613642454572,
                -81.60774119199193,
                87.72098770817449,
                8.719447105488879,
                3.937706355084764,
                -0.2727337356537898,
                false
            ],
            [
                -144.4976354472833,
                -61.38221372222366,
                133.22291589797373,
                11.538784676409781,
                1.952222456402601,
                1.8993783920924079,
                false
            ]
        ],
        "harris_energy": -16768.475514572,
        "rcd": [
            [
                [
                    -0.27828746420760697,
                    -3.9507803295078237,
                    -0.9606095506769717
                ],
                [
                    0.5516920685768127,
                    0.7713119387626648,
                    0.323003888130188
                ]
            ],
            [
                [
                    2.1583381322867923,
                    2.608006426978501,
                    -2.269088752749644
                ],
                [
                    0.5516920685768127,
                    0.77131187915802,
                    0.32300394773483276
                ]
            ],
            [
                [
                    -3.0668703179908894,
                    -1.9591118201901474,
                    3.8298347004004305
                ],
                [
                    0.5516920685768127,
                    0.77131187915802,
                    0.32300400733947754
                ]
            ],
            [
                [
                    -0.6302447214964897,
                    4.599674936296178,
                    2.521355498327758
                ],
                [
                    0.5516920685768127,
                    0.7713119983673096,
                    0.32300400733947754
                ]
            ],
            [
                [
                    -4.565238243460185,
                    1.4821487769817459,
                    -3.2737028814534996
                ],
                [
                    1.0,
                    0.9999999403953552,
                    1.0000001192092896
                ]
            ],
            [
                [
                    4.565238312180084,
                    -1.482148734158093,
                    3.273702903651979
                ],
                [
                    1.0000001192092896,
                    1.0,
                    1.000000238418579
                ]
            ],
            [
                [
                    2.7885828779502075,
                    -1.9916685265782375,
                    -4.790444292593223
                ],
                [
                    1.0,
                    1.0,
                    1.0
                ]
            ],
            [
                [
                    -2.788582912061599,
                    1.9916685509413594,
                    4.790444351192422
                ],
                [
                    1.0,
                    1.0,
                    1.0000001192092896
                ]
            ],
            [
                [
                    6.723576393095487,
                    1.1258581112279256,
                    1.0046139470418414
                ],
                [
                    0.5516921281814575,
                    0.7713119983673096,
                    0.32300400733947754
                ]
            ],
            [
                [
                    -4.843525762339563,
                    -2.4686315788887665,
                    -4.234312452995134
                ],
                [
                    0.5516920685768127,
                    0.7713119387626648,
                    0.323003888130188
                ]
            ],
            [
                [
                    2.4366257279844707,
                    6.558786647341632,
                    -1.3084790801526847
                ],
                [
                    1.0000001192092896,
                    1.0,
                    1.0000001192092896
                ]
            ],
            [
                [
                    -2.436625720522364,
                    -6.558786373113753,
                    1.3084789704838846
                ],
                [
                    1.0,
                    1.0,
                    1.0
                ]
            ],
            [
                [
                    4.286950731974516,
                    -5.432929013043407,
                    2.3130932644042854
                ],
                [
                    0.5516920685768127,
                    0.7713119387626648,
                    0.323003888130188
                ]
            ],
            [
                [
                    -2.40690009111312,
                    4.090155213330578,
                    -5.542791626421583
                ],
                [
                    0.5516920685768127,
                    0.77131187915802,
                    0.32300394773483276
                ]
            ],
            [
                [
                    3.934993539312205,
                    3.1175266205456023,
                    5.795058198119243
                ],
                [
                    0.5516921281814575,
                    0.7713119387626648,
                    0.3230040371417999
                ]
            ],
            [
                [
                    -7.632108616122846,
                    -0.4769630695710898,
                    0.5561317980822684
                ],
                [
                    0.5516920685768127,
                    0.77131187915802,
                    0.32300400733947754
                ]
            ]
        ],
        "file_path": "target1_2mpc_0_he_rcd/target1_2mpc_833132970c.json",
        "replica": "init_pool",
        "AP_cluster": 2
    },
    "struct_id": "target1_2mpc_833132970c",
    "input_ref": null,