{
    "properties": {
        "lattice_vector_a": [
            6.524562,
            0.0,
            0.0
        ],
        "lattice_vector_b": [
            0.0,
            15.930177,
            0.0
        ],
        "lattice_vector_c": [
            1.163945,
            0.0,
            2.718286
        ],
        "unit_cell_volume": 282.5316540695816,
        "cell_vol": 282.5316540695816,
        "spg": 6,
        "molecule_harris_info": [
            [
                -51.74262184871412,
                -103.81152376690291,
                74.6901378751375,
                1.3659417854344593,
                11.729548070024936,
                -0.2102370758719267,
                false
            ],
            [
                87.33062069718616,
                -69.3711022753227,
                160.16824969073693,
                1.3659417854344593,
                4.200625126666211,
                -0.2102370758719267,
                false
            ]
        ],
        "harris_energy": -17298.55232144,
        "rcd": [
            [
                [
                    1.1445283526387122,
                    0.295967810504675,
                    2.7104063793147657
                ],
                [
                    1.0,
                    0.9999999403953552,
                    1.0000001192092896
                ]
            ],
            [
                [
                    -1.1445282867621311,
                    -0.29596779124520334,
                    -2.7104063495389212
                ],
                [
                    1.0,
                    0.9999999403953552,
                    1.0000001192092896
                ]
            ],
            [
                [
                    2.289056679262644,
                    0.5919356120301094,
                    5.420812824828654
                ],
                [
                    1.0,
                    0.9999998807907104,
                    1.0
                ]
            ],
            [
                [
                    -2.289056611302155,
                    -0.5919355924479487,
                    -5.420812777848102
                ],
                [
                    1.0,
                    0.9999998807907104,
                    1.0
                ]
            ],
            [
                [
                    -5.404944359361384,
                    -1.659153866357371,
                    2.039382128550529
                ],
                [
                    1.0,
                    0.9999999403953552,
                    1.0
                ]
            ],
            [
                [
                    5.40494442171854,
                    1.659153884490748,
                    -2.0393820948510006
                ],
                [
                    1.0,
                    0.9999999403953552,
                    1.0000001192092896
                ]
            ],
            [
                [
                    -4.260416041234957,
                    -1.3631860650766758,
                    4.7497884431224975
                ],
                [
                    1.0000001192092896,
                    0.9999999403953552,
                    1.0000001192092896
                ]
            ],
            [
                [
                    4.260416094026345,
                    1.3631860819680977,
                    -4.749788501977765
                ],
                [
                    0.9999999403953552,
                    0.9999999403953552,
                    1.0000001192092896
                ]
            ],
            [
                [
                    6.549472773806552,
                    1.9551216941638092,
                    0.6710243222738761
                ],
                [
                    1.0,
                    0.9999999403953552,
                    1.0
                ]
            ],
            [
                [
                    -6.549472691147284,
                    -1.955121669878547,
                    -0.6710242916804785
                ],
                [
                    1.0,
                    0.9999999403953552,
                    1.0000001192092896
                ]
            ],
            [
                [
                    -2.1652357469534604,
                    7.209736082664377,
                    0.12703818275648407
                ],
                [
                    0.8345848321914673,
                    -0.8340154886245728,
                    -0.9994306564331055
                ]
            ],
            [
                [
                    -1.0207073943147482,
                    7.505703893169052,
                    2.8374445620712496
                ],
                [
                    0.8345848321914673,
                    -0.834015429019928,
                    -0.9994306564331055
                ]
            ],
            [
                [
                    -3.3097640337155916,
                    6.913768291419174,
                    -2.583368166782437
                ],
                [
                    0.8345848321914673,
                    -0.8340153098106384,
                    -0.9994306564331055
                ]
            ],
            [
                [
                    -3.1158877334171686,
                    -1.067218268913149,
                    7.460194872406539
                ],
                [
                    1.0,
                    0.9999998807907104,
                    1.0000001192092896
                ]
            ],
            [
                [
                    3.115887802399125,
                    1.067218289166234,
                    -7.460194846092769
                ],
                [
                    1.0000001192092896,
                    1.0,
                    1.0000001192092896
                ]
            ],
            [
                [
                    2.4161086257131834,
                    -8.045084958047015,
                    -0.14175733500831875
                ],
                [
                    0.8345848321914673,
                    -0.8340154886245728,
                    -0.9994306564331055
                ]
            ]
        ],
        "file_path": "target1_2mpc_0_he_rcd/target1_2mpc_da88c40ea8.json",
        "replica": "init_pool",
        "AP_cluster": 9
    },
    "struct_id": "target1_2mpc_da88c40ea8",
    "input_ref": null,