{
    "properties": {
        "lattice_vector_a": [
            4.699575,
            0.0,
            0.0
        ],
        "lattice_vector_b": [
            0.0,
            12.000644,
            0.0
        ],
        "lattice_vector_c": [
            -2.524089,
            0.0,
            5.270621
        ],
        "unit_cell_volume": 297.25209590597365,
        "cell_vol": 297.25209590597365,
        "spg": 7,
        "molecule_harris_info": [
            [
                -107.17978474319592,
                -21.634732546691748,
                105.20865020263771,
                -0.5557182602425839,
                3.618496316544553,
                2.8926414826369666,
                false
            ],
            [
                -168.9620547729168,
                -47.68328443055712,
                57.59298895894341,
                0.7063258704630301,
                8.382143590044468,
                0.25733087493225615,
                false
            ]
        ],
        "harris_energy": -16996.967166703
    },
    "struct_id": "target1_2mpc_4fda79e6fc",
    "input_ref": null,
    "geometry": [
        [
            0.01845500059425831,
            4.936464786529541,
            1.7353479862213135,
            "O",
            NaN,
            NaN,
            false
        ],
        [
            -0.8989660143852234,
            3.945250988006592,
            1.437108039855957,
            "C",
            NaN,
            NaN,
            false
        ],
        [
            -1.291977047920227,
            3.978461980819702,
            0.42902201414108276,
            "H",
            NaN,
            NaN,
            false
        ],
        [
            -1.0560640096664429,
            3.1727170944213867,
            2.5440640449523926,
            "C",
            NaN,
            NaN,
            false
        ],
        [
            -1.578555941581726,
            2.057926893234253,
            3.4383649826049805,
            "C",
            NaN,
            NaN,
            false
        ],
        [
            -1.32601797580719,
            1.038862943649292,
            3.118105888366699,
            "H",
            NaN,
            NaN,
            false
        ],
        [
            -2.6515419483184814,
            2.098673105239868,
            3.6661911010742188,
            "H",
            NaN,
            NaN,
            false
        ],
        [
            -0.6387040019035339,
            2.6452059745788574,
            4.5735650062561035,
            "C",
            NaN,
            NaN,
            false
        ],
        [
            0.15398600697517395,
            1.9640320539474487,
            4.9091901779174805,
            "H",
            NaN,
            NaN,
            false
        ],
        [
            -1.1705130338668823,
            3.0270540714263916,
            5.454593181610107,
            "H",
            NaN,
            NaN,
            false
        ],
        [
            -0.21260499954223633,
            3.6982319355010986,
            3.5609400272369385,
            "C",
            NaN,
            NaN,
            false
        ],
        [
            0.4343940019607544,
            4.775960922241211,
            3.0444600582122803,
            "C",
            NaN,
            NaN,
            false
        ],
        [
            1.1591989994049072,
            5.504776954650879,
            3.3840229511260986,
            "H",
            NaN,
            NaN,
            false
        ],
        [
            1.28049898147583,
            7.064178943634033,
            -0.8999630212783813,
            "O",
            NaN,
            NaN,
            false
        ],
        [
            0.3630779981613159,
            8.05539321899414,
            -1.1982020139694214,
            "C",
            NaN,
            NaN,
            false
        ],
        [
            -0.02993299998342991,
            8.02218246459961,
            -2.206289052963257,
            "H",
            NaN,
            NaN,
            false
        ],
        [
            0.20598000288009644,
            8.827926635742188,
            -0.09124699980020523,
            "C",
            NaN,
            NaN,
            false
        ],
        [
            -0.31651198863983154,
            9.942716598510742,
            0.8030539751052856,
            "C",
            NaN,
            NaN,
            false
        ],
        [
            -0.06397400051355362,
            10.961782455444336,
            0.4827960133552551,
            "H",
            NaN,
            NaN,
            false
        ],
        [
            -1.389497995376587,
            9.901969909667969,
            1.0308799743652344,
            "H",
            NaN,
            NaN,
            false
        ],
        [
            0.6233400106430054,
            9.355437278747559,
            1.9382539987564087,
            "C",
            NaN,
            NaN,
            false
        ],
        [
            1.416031002998352,
            10.036613464355469,
            2.2738800048828125,
            "H",
            NaN,
            NaN,
            false
        ],
        [
            0.09153100103139877,
            8.973589897155762,
            2.8192830085754395,
            "H",
            NaN,
            NaN,
            false
        ],
        [
            1.0494389533996582,
            8.302411079406738,
            0.9256299734115601,
            "C",
            NaN,
            NaN,
            false
        ],
        [
            1.6964390277862549,
            7.224681854248047,
            0.40915000438690186,
            "C",
            NaN,
            NaN,
            false
        ],
        [
            2.4212429523468018,
            6.495865821838379,
            0.7487130165100098,
            "H",
            NaN,
            NaN,
            false
        ]
    ]
}