{
    "properties": {
        "Z": 2,
        "number_of_atoms_in_molecule": 12,
        "unit_cell_volume": 240.48555,
        "attempted_spg": 105,
        "attempted_wyckoff_position": "2c",
        "site_symmetry_group": "mm2",
        "spg": 131,
        "lattice_vector_a": [
            4.661811,
            0.0,
            0.0
        ],
        "lattice_vector_b": [
            4.397927092161992e-16,
            7.18236,
            0.0
        ],
        "lattice_vector_c": [
            4.397927092161992e-16,
            4.397927092161992e-16,
            7.18236
        ],
        "cell_vol": 240.48555827088822,
        "a": 4.661811,
        "b": 7.18236,
        "c": 7.18236,
        "alpha": 90,
        "beta": 90,
        "gamma": 90,
        "rdf": [
            "38.327778",
            "59.936954",
            "99.02662",
            "188.93423",
            "298.77347",
            "319.256",
            "274.83432",
            "237.47821",
            "186.95786",
            "116.4544",
            "53.99679",
            "28.5974",
            "68.41817",
            "135.57713",
            "211.73453",
            "271.108",
            "293.5105",
            "275.69012",
            "239.75783",
            "184.9778",
            "112.95157",
            "52.006233",
            "28.597399",
            "68.41817",
            "135.57712",
            "211.73447",
            "271.108",
            "293.5105",
            "275.69012",
            "239.75783",
            "184.9778",
            "112.95157",
            "52.006233",
            "25.55701",
            "68.44098",
            "131.09799",
            "195.8579",
            "263.74835",
            "296.36307",
            "283.85596",
            "240.41959",
            "175.71465",
            "103.65147",
            "47.922447"
        ],
        "file_path": "benzene_2mpc_with_energies/geometry_41ca4fb116.json",
        "replica": "init_pool",
        "AP_cluster": 0,
        "energy": -12628.570307755
    },
    "struct_id": "geometry_41ca4fb116",
    "input_ref": null,
    "geometry": [
        [
            1.023764967918396,
            3.0553259265960863e-16,
            4.9897260665893555,
            "C",
            NaN,
            NaN,
            false
        ],
        [
            1.023764967918396,
            1.2113059759140015,
            4.290473937988281,
            "C",
            NaN,
            NaN,
            false
        ],
        [
            1.023764967918396,
            1.2113059759140015,
            2.8918850421905518,
            "C",
            NaN,
            NaN,
            false
        ],
        [
            1.023764967918396,
            1.3426005580039635e-16,
            2.1926329135894775,
            "C",
            NaN,
            NaN,
            false
        ],
        [
            1.023764967918396,
            -1.2113059759140015,
            2.8918850421905518,
            "C",
            NaN,
            NaN,
            false
        ],
        [
            1.023764967918396,
            -1.2113059759140015,
            4.290473937988281,
            "C",
            NaN,
            NaN,
            false
        ],
        [
            1.023764967918396,
            3.7236206282987444e-16,
            6.081133842468262,
            "H",
            NaN,
            NaN,
            false
        ],
        [
            1.023764967918396,
            2.1564180850982666,
            4.836312770843506,
            "H",
            NaN,
            NaN,
            false
        ],
        [
            1.023764967918396,
            2.1564180850982666,
            2.346045970916748,
            "H",
            NaN,
            NaN,
            false
        ],
        [
            1.023764967918396,
            6.743058563013054e-17,
            1.1012250185012817,
            "H",
            NaN,
            NaN,
            false
        ],
        [
            1.023764967918396,
            -2.1564180850982666,
            2.346045970916748,
            "H",
            NaN,
            NaN,
            false
        ],
        [
            1.023764967918396,
            -2.1564180850982666,
            4.836312770843506,
            "H",
            NaN,
            NaN,
            false
        ],
        [
            3.3546700477600098,
            2.1926329135894775,
            0.0,
            "C",
            NaN,
            NaN,
            false
        ],
        [
            3.3546700477600098,
            2.8918850421905518,
            1.2113059759140015,
            "C",
            NaN,
            NaN,
            false
        ],
        [
            3.3546700477600098,
            4.290473937988281,
            1.2113059759140015,
            "C",
            NaN,
            NaN,
            false
        ],
        [
            3.3546700477600098,
            4.9897260665893555,
            0.0,
            "C",
            NaN,
            NaN,
            false
        ],
        [
            3.3546700477600098,
            4.290473937988281,
            -1.2113059759140015,
            "C",
            NaN,
            NaN,
            false
        ],
        [
            3.3546700477600098,
            2.8918850421905518,
            -1.2113059759140015,
            "C",
            NaN,
            NaN,
            false
        ],
        [
            3.3546700477600098,
            1.1012250185012817,
            0.0,
            "H",
            NaN,
            NaN,
            false
        ],
        [
            3.3546700477600098,
            2.346045970916748,
            2.1564180850982666,
            "H",
            NaN,
            NaN,
            false
        ],
        [
            3.3546700477600098,
            4.836312770843506,
            2.1564180850982666,
            "H",
            NaN,
            NaN,
            false
        ],
        [
            3.3546700477600098,
            6.081133842468262,
            0.0,
            "H",
            NaN,
            NaN,
            false
        ],
        [
            3.3546700477600098,
            4.836312770843506,
            -2.1564180850982666,
            "H",
            NaN,
            NaN,
            false
        ],
        [
            3.3546700477600098,
            2.346045970916748,
            -2.1564180850982666,
            "H",
            NaN,
            NaN,
            false
        ]
    ]
}