{
    "properties": {
        "Z": 2,
        "number_of_atoms_in_molecule": 12,
        "unit_cell_volume": 233.613159,
        "attempted_spg": 190,
        "attempted_wyckoff_position": "2c",
        "site_symmetry_group": "-6",
        "spg": 190,
        "lattice_vector_a": [
            5.438209,
            0.0,
            0.0
        ],
        "lattice_vector_b": [
            4.312571047231621e-16,
            7.042963,
            0.0
        ],
        "lattice_vector_c": [
            4.3125712661138177e-16,
            -3.521482,
            6.099384999999998
        ],
        "cell_vol": 233.61318393749306,
        "a": 5.438209,
        "b": 7.042963,
        "c": 7.042963357461757,
        "alpha": 120.000003017905,
        "beta": 90,
        "gamma": 90,
        "rdf": [
            "39.618828",
            "67.457565",
            "114.056526",
            "190.79517",
            "282.8489",
            "327.13293",
            "304.50107",
            "264.0677",
            "215.30411",
            "137.42563",
            "59.435974",
            "28.865507",
            "72.289955",
            "146.15327",
            "213.2182",
            "261.31885",
            "310.5034",
            "314.24246",
            "263.86313",
            "191.08148",
            "116.429794",
            "54.92327",
            "28.865509",
            "72.289955",
            "146.15329",
            "213.21822",
            "261.31885",
            "310.50333",
            "314.2425",
            "263.8631",
            "191.0815",
            "116.42981",
            "54.923275",
            "23.247965",
            "68.196846",
            "140.61276",
            "208.93253",
            "271.34146",
            "299.907",
            "294.1301",
            "256.01385",
            "187.87346",
            "114.848564",
            "50.455242"
        ],
        "file_path": "benzene_2mpc_with_energies/geometry_fd6b558c9a.json",
        "replica": "init_pool",
        "AP_cluster": 1,
        "energy": -12628.412255392
    },
    "struct_id": "geometry_fd6b558c9a",
    "input_ref": null,
    "geometry": [
        [
            1.359552025794983,
            1.358834981918335,
            3.73500394821167,
            "C",
            NaN,
            NaN,
            false
        ],
        [
            1.359552025794983,
            0.39254501461982727,
            2.723844051361084,
            "C",
            NaN,
            NaN,
            false
        ],
        [
            1.359552025794983,
            -0.9662910103797913,
            3.0550971031188965,
            "C",
            NaN,
            NaN,
            false
        ],
        [
            1.359552025794983,
            -1.358834981918335,
            4.3975090980529785,
            "C",
            NaN,
            NaN,
            false
        ],
        [
            1.359552025794983,
            -0.39254501461982727,
            5.408668041229248,
            "C",
            NaN,
            NaN,
            false
        ],
        [
            1.359552025794983,
            0.9662899971008301,
            5.0774149894714355,
            "C",
            NaN,
            NaN,
            false
        ],
        [
            1.359552025794983,
            2.419193983078003,
            3.476512908935547,
            "H",
            NaN,
            NaN,
            false
        ],
        [
            1.359552025794983,
            0.6988639831542969,
            1.6763030290603638,
            "H",
            NaN,
            NaN,
            false
        ],
        [
            1.359552025794983,
            -1.7203290462493896,
            2.266045093536377,
            "H",
            NaN,
            NaN,
            false
        ],
        [
            1.359552025794983,
            -2.4191930294036865,
            4.655999183654785,
            "H",
            NaN,
            NaN,
            false
        ],
        [
            1.359552025794983,
            -0.6988639831542969,
            6.456210136413574,
            "H",
            NaN,
            NaN,
            false
        ],
        [
            1.359552025794983,
            1.7203290462493896,
            5.866466999053955,
            "H",
            NaN,
            NaN,
            false
        ],
        [
            4.078656196594238,
            2.5551910400390625,
            3.0442869663238525,
            "C",
            NaN,
            NaN,
            false
        ],
        [
            4.078656196594238,
            2.1626460552215576,
            1.7018760442733765,
            "C",
            NaN,
            NaN,
            false
        ],
        [
            4.078656196594238,
            3.128937005996704,
            0.690716028213501,
            "C",
            NaN,
            NaN,
            false
        ],
        [
            4.078656196594238,
            4.487771987915039,
            1.0219680070877075,
            "C",
            NaN,
            NaN,
            false
        ],
        [
            4.078656196594238,
            4.880315780639648,
            2.3643810749053955,
            "C",
            NaN,
            NaN,
            false
        ],
        [
            4.078656196594238,
            3.9140260219573975,
            3.375540018081665,
            "C",
            NaN,
            NaN,
            false
        ],
        [
            4.078656196594238,
            1.8011529445648193,
            3.833338975906372,
            "H",
            NaN,
            NaN,
            false
        ],
        [
            4.078656196594238,
            1.102288007736206,
            1.4433859586715698,
            "H",
            NaN,
            NaN,
            false
        ],
        [
            4.078656196594238,
            2.8226170539855957,
            -0.3568260073661804,
            "H",
            NaN,
            NaN,
            false
        ],
        [
            4.078656196594238,
            5.241808891296387,
            0.23291699588298798,
            "H",
            NaN,
            NaN,
            false
        ],
        [
            4.078656196594238,
            5.940673828125,
            2.622870922088623,
            "H",
            NaN,
            NaN,
            false
        ],
        [
            4.078656196594238,
            4.2203450202941895,
            4.423081874847412,
            "H",
            NaN,
            NaN,
            false
        ]
    ]
}