{
    "properties": {
        "lattice_vector_a": [
            5.265451,
            0.0,
            0.0
        ],
        "lattice_vector_b": [
            0.0,
            13.343919,
            0.0
        ],
        "lattice_vector_c": [
            -1.296947,
            0.0,
            3.978993
        ],
        "unit_cell_volume": 279.5710179531225,
        "cell_vol": 279.5710179531225,
        "spg": 6,
        "molecule_harris_info": [
            [
                -175.02507422610023,
                -67.81693963553874,
                17.187860946247596,
                2.578030604631343,
                3.464350832269547,
                0.6795442761813707,
                false
            ],
            [
                150.48945853730783,
                -21.05327426115086,
                -120.83849370001244,
                2.578030604631343,
                9.879564271328297,
                0.6795442761813707,
                false
            ]
        ],
        "harris_energy": -17137.260013622
    },
    "struct_id": "target1_2mpc_c559f32d3f",
    "input_ref": null,
    "geometry": [
        [
            2.187067985534668,
            1.664425015449524,
            0.5635300278663635,
            "O",
            NaN,
            NaN,
            false
        ],
        [
            1.6328829526901245,
            2.6618831157684326,
            -0.21818000078201294,
            "C",
            NaN,
            NaN,
            false
        ],
        [
            0.9126610159873962,
            2.318355083465576,
            -0.9496620297431946,
            "H",
            NaN,
            NaN,
            false
        ],
        [
            2.1728270053863525,
            3.84712290763855,
            0.1697710007429123,
            "C",
            NaN,
            NaN,
            false
        ],
        [
            2.4425060749053955,
            5.344343185424805,
            0.20346400141716003,
            "C",
            NaN,
            NaN,
            false
        ],
        [
            1.5883749723434448,
            5.971069812774658,
            0.4907039999961853,
            "H",
            NaN,
            NaN,
            false
        ],
        [
            2.8959670066833496,
            5.763278007507324,
            -0.7041320204734802,
            "H",
            NaN,
            NaN,
            false
        ],
        [
            3.467012882232666,
            5.046195983886719,
            1.37751305103302,
            "C",
            NaN,
            NaN,
            false
        ],
        [
            3.204720973968506,
            5.502790927886963,
            2.340698003768921,
            "H",
            NaN,
            NaN,
            false
        ],
        [
            4.511559963226318,
            5.290795803070068,
            1.1452850103378296,
            "H",
            NaN,
            NaN,
            false
        ],
        [
            3.0899009704589844,
            3.5799970626831055,
            1.222978949546814,
            "C",
            NaN,
            NaN,
            false
        ],
        [
            3.082473039627075,
            2.239567995071411,
            1.446707010269165,
            "C",
            NaN,
            NaN,
            false
        ],
        [
            3.5771899223327637,
            1.542734980583191,
            2.1111600399017334,
            "H",
            NaN,
            NaN,
            false
        ],
        [
            2.187067985534668,
            11.67949390411377,
            0.5635300278663635,
            "O",
            NaN,
            NaN,
            false
        ],
        [
            1.6328829526901245,
            10.682035446166992,
            -0.21818000078201294,
            "C",
            NaN,
            NaN,
            false
        ],
        [
            0.9126610159873962,
            11.02556324005127,
            -0.9496620297431946,
            "H",
            NaN,
            NaN,
            false
        ],
        [
            2.1728270053863525,
            9.496795654296875,
            0.1697710007429123,
            "C",
            NaN,
            NaN,
            false
        ],
        [
            2.4425060749053955,
            7.999575138092041,
            0.20346400141716003,
            "C",
            NaN,
            NaN,
            false
        ],
        [
            1.5883749723434448,
            7.372848987579346,
            0.4907039999961853,
            "H",
            NaN,
            NaN,
            false
        ],
        [
            2.8959670066833496,
            7.580642223358154,
            -0.7041320204734802,
            "H",
            NaN,
            NaN,
            false
        ],
        [
            3.467012882232666,
            8.297723770141602,
            1.37751305103302,
            "C",
            NaN,
            NaN,
            false
        ],
        [
            3.204720973968506,
            7.841126918792725,
            2.340698003768921,
            "H",
            NaN,
            NaN,
            false
        ],
        [
            4.511559963226318,
            8.053121566772461,
            1.1452850103378296,
            "H",
            NaN,
            NaN,
            false
        ],
        [
            3.0899009704589844,
            9.763921737670898,
            1.222978949546814,
            "C",
            NaN,
            NaN,
            false
        ],
        [
            3.082473039627075,
            11.104350090026855,
            1.446707010269165,
            "C",
            NaN,
            NaN,
            false
        ],
        [
            3.5771899223327637,
            11.801183700561523,
            2.1111600399017334,
            "H",
            NaN,
            NaN,
            false
        ]
    ]
}