{
    "properties": {
        "lattice_vector_a": [
            10.998858,
            0.0,
            0.0
        ],
        "lattice_vector_b": [
            0.0,
            4.035122,
            0.0
        ],
        "lattice_vector_c": [
            0.547838,
            0.0,
            4.374848
        ],
        "unit_cell_volume": 194.16333974815606,
        "cell_vol": 194.16333974815606,
        "spg": 3,
        "molecule_harris_info": [
            [
                -135.53911040687683,
                -40.45348219784201,
                -92.83766309536718,
                2.935197284881105,
                1.879460240456652,
                2.444268064573407,
                false
            ],
            [
                -44.460712043390416,
                -139.54684324054034,
                87.16260268058241,
                8.611500491487218,
                1.879460240456652,
                1.9305709163717766,
                false
            ]
        ],
        "harris_energy": -16717.400199578
    },
    "struct_id": "target1_2mpc_29401176f8",
    "input_ref": null,
    "geometry": [
        [
            1.3147920370101929,
            1.2630800008773804,
            3.077054977416992,
            "O",
            NaN,
            NaN,
            false
        ],
        [
            2.0186359882354736,
            0.7325239777565002,
            2.0111160278320312,
            "C",
            NaN,
            NaN,
            false
        ],
        [
            1.5469880104064941,
            -0.11631099879741669,
            1.5327579975128174,
            "H",
            NaN,
            NaN,
            false
        ],
        [
            3.1564090251922607,
            1.4594789743423462,
            1.8566880226135254,
            "C",
            NaN,
            NaN,
            false
        ],
        [
            4.490801811218262,
            1.907575011253357,
            1.2786450386047363,
            "C",
            NaN,
            NaN,
            false
        ],
        [
            4.455805778503418,
            2.284168004989624,
            0.24821500480175018,
            "H",
            NaN,
            NaN,
            false
        ],
        [
            5.308732986450195,
            1.179980993270874,
            1.359025001525879,
            "H",
            NaN,
            NaN,
            false
        ],
        [
            4.497292995452881,
            3.035749912261963,
            2.3940250873565674,
            "C",
            NaN,
            NaN,
            false
        ],
        [
            4.468327045440674,
            4.062429904937744,
            2.0066111087799072,
            "H",
            NaN,
            NaN,
            false
        ],
        [
            5.317636013031006,
            2.956523895263672,
            3.1190059185028076,
            "H",
            NaN,
            NaN,
            false
        ],
        [
            3.1614270210266113,
            2.471472978591919,
            2.8554229736328125,
            "C",
            NaN,
            NaN,
            false
        ],
        [
            2.026477098464966,
            2.332240104675293,
            3.5898349285125732,
            "C",
            NaN,
            NaN,
            false
        ],
        [
            1.5617749691009521,
            2.82486891746521,
            4.434338092803955,
            "H",
            NaN,
            NaN,
            false
        ],
        [
            10.231904029846191,
            1.2630800008773804,
            1.2977930307388306,
            "O",
            NaN,
            NaN,
            false
        ],
        [
            9.528059005737305,
            0.7325239777565002,
            2.363732099533081,
            "C",
            NaN,
            NaN,
            false
        ],
        [
            9.99970817565918,
            -0.11631099879741669,
            2.842089891433716,
            "H",
            NaN,
            NaN,
            false
        ],
        [
            8.390287399291992,
            1.4594789743423462,
            2.5181589126586914,
            "C",
            NaN,
            NaN,
            false
        ],
        [
            7.055893898010254,
            1.907575011253357,
            3.096203088760376,
            "C",
            NaN,
            NaN,
            false
        ],
        [
            7.090888977050781,
            2.284168004989624,
            4.126633167266846,
            "H",
            NaN,
            NaN,
            false
        ],
        [
            6.2379631996154785,
            1.179980993270874,
            3.0158228874206543,
            "H",
            NaN,
            NaN,
            false
        ],
        [
            7.049404144287109,
            3.035749912261963,
            1.980823040008545,
            "C",
            NaN,
            NaN,
            false
        ],
        [
            7.078370094299316,
            4.062429904937744,
            2.368237018585205,
            "H",
            NaN,
            NaN,
            false
        ],
        [
            6.229060173034668,
            2.956523895263672,
            1.2558419704437256,
            "H",
            NaN,
            NaN,
            false
        ],
        [
            8.385269165039062,
            2.471472978591919,
            1.5194250345230103,
            "C",
            NaN,
            NaN,
            false
        ],
        [
            9.520218849182129,
            2.332240104675293,
            0.7850130200386047,
            "C",
            NaN,
            NaN,
            false
        ],
        [
            9.9849214553833,
            2.82486891746521,
            -0.05948999896645546,
            "H",
            NaN,
            NaN,
            false
        ]
    ]
}