{
    "properties": {
        "lattice_vector_a": [
            9.833338,
            0.0,
            0.0
        ],
        "lattice_vector_b": [
            0.0,
            6.070321,
            0.0
        ],
        "lattice_vector_c": [
            0.858564,
            0.0,
            2.742137
        ],
        "unit_cell_volume": 163.68232053681567,
        "cell_vol": 163.68232053681567,
        "spg": 3,
        "molecule_harris_info": [
            [
                -156.68897742560657,
                -100.93114218494382,
                50.01174095822019,
                7.3350052326283555,
                3.105934041611692,
                -0.03719377501847896,
                false
            ],
            [
                -23.311117635211108,
                -79.06894970499836,
                -129.98801919410985,
                3.356898415595927,
                3.105934041611692,
                2.7793219956232513,
                false
            ]
        ],
        "harris_energy": -16698.391640417
    },
    "struct_id": "target1_2mpc_b573284c7f",
    "input_ref": null,
    "geometry": [
        [
            7.294485092163086,
            1.420531988143921,
            -0.788070023059845,
            "O",
            NaN,
            NaN,
            false
        ],
        [
            6.193737030029297,
            2.2229530811309814,
            -0.5480970144271851,
            "C",
            NaN,
            NaN,
            false
        ],
        [
            5.244758129119873,
            1.7912880182266235,
            -0.8394719958305359,
            "H",
            NaN,
            NaN,
            false
        ],
        [
            6.633069038391113,
            3.3806118965148926,
            0.011951000429689884,
            "C",
            NaN,
            NaN,
            false
        ],
        [
            6.584598064422607,
            4.773569107055664,
            0.6225669980049133,
            "C",
            NaN,
            NaN,
            false
        ],
        [
            6.055463790893555,
            4.850151062011719,
            1.5812050104141235,
            "H",
            NaN,
            NaN,
            false
        ],
        [
            6.22334623336792,
            5.568636894226074,
            -0.042433001101017,
            "H",
            NaN,
            NaN,
            false
        ],
        [
            8.16357707977295,
            4.680878162384033,
            0.7455580234527588,
            "C",
            NaN,
            NaN,
            false
        ],
        [
            8.54468059539795,
            4.706298828125,
            1.7746909856796265,
            "H",
            NaN,
            NaN,
            false
        ],
        [
            8.712376594543457,
            5.421000003814697,
            0.14900299906730652,
            "H",
            NaN,
            NaN,
            false
        ],
        [
            8.048048973083496,
            3.2968521118164062,
            0.12349899858236313,
            "C",
            NaN,
            NaN,
            false
        ],
        [
            8.430441856384277,
            2.0904619693756104,
            -0.37173399329185486,
            "C",
            NaN,
            NaN,
            false
        ],
        [
            9.35636043548584,
            1.5481669902801514,
            -0.5145969986915588,
            "H",
            NaN,
            NaN,
            false
        ],
        [
            3.3974170684814453,
            1.420531988143921,
            3.5302069187164307,
            "O",
            NaN,
            NaN,
            false
        ],
        [
            4.498165130615234,
            2.2229530811309814,
            3.290234088897705,
            "C",
            NaN,
            NaN,
            false
        ],
        [
            5.447144031524658,
            1.7912880182266235,
            3.5816099643707275,
            "H",
            NaN,
            NaN,
            false
        ],
        [
            4.058833122253418,
            3.3806118965148926,
            2.7301859855651855,
            "C",
            NaN,
            NaN,
            false
        ],
        [
            4.107304096221924,
            4.773569107055664,
            2.119570016860962,
            "C",
            NaN,
            NaN,
            false
        ],
        [
            4.636437892913818,
            4.850151062011719,
            1.160931944847107,
            "H",
            NaN,
            NaN,
            false
        ],
        [
            4.468554973602295,
            5.568636894226074,
            2.7845699787139893,
            "H",
            NaN,
            NaN,
            false
        ],
        [
            2.528325080871582,
            4.680878162384033,
            1.9965800046920776,
            "C",
            NaN,
            NaN,
            false
        ],
        [
            2.147221088409424,
            4.706298828125,
            0.9674460291862488,
            "H",
            NaN,
            NaN,
            false
        ],
        [
            1.9795249700546265,
            5.421000003814697,
            2.5931339263916016,
            "H",
            NaN,
            NaN,
            false
        ],
        [
            2.643852949142456,
            3.2968521118164062,
            2.618638038635254,
            "C",
            NaN,
            NaN,
            false
        ],
        [
            2.2614591121673584,
            2.0904619693756104,
            3.1138710975646973,
            "C",
            NaN,
            NaN,
            false
        ],
        [
            1.335541009902954,
            1.5481669902801514,
            3.2567338943481445,
            "H",
            NaN,
            NaN,
            false
        ]
    ]
}